patch_name,source_image,image_path,mask_path,top,left,patch_height,patch_width,original_height,original_width,padded_height,padded_width,foreground_pixels,foreground_fraction
train_1_patch_0000,train_1.bmp,C:\Users\gadda\Documents\FeatureFusionMoNuSAC\SDENet-Fusion\Datasets\Glas\precomputed\train_256_stride_128\images\train_1_patch_0000.npy,C:\Users\gadda\Documents\FeatureFusionMoNuSAC\SDENet-Fusion\Datasets\Glas\precomputed\train_256_stride_128\masks\train_1_patch_0000.npy,0,0,256,256,522,775,522,775,34042,0.519439697265625
train_1_patch_0001,train_1.bmp,C:\Users\gadda\Documents\FeatureFusionMoNuSAC\SDENet-Fusion\Datasets\Glas\precomputed\train_256_stride_128\images\train_1_patch_0001.npy,C:\Users\gadda\Documents\FeatureFusionMoNuSAC\SDENet-Fusion\Datasets\Glas\precomputed\train_256_stride_128\masks\train_1_patch_0001.npy,0,128,256,256,522,775,522,775,33623,0.5130462646484375
train_1_patch_0002,train_1.bmp,C:\Users\gadda\Documents\FeatureFusionMoNuSAC\SDENet-Fusion\Datasets\Glas\precomputed\train_256_stride_128\images\train_1_patch_0002.npy,C:\Users\gadda\Documents\FeatureFusionMoNuSAC\SDENet-Fusion\Datasets\Glas\precomputed\train_256_stride_128\masks\train_1_patch_0002.npy,0,256,256,256,522,775,522,775,25424,0.387939453125
train_1_patch_0003,train_1.bmp,C:\Users\gadda\Documents\FeatureFusionMoNuSAC\SDENet-Fusion\Datasets\Glas\precomputed\train_256_stride_128\images\train_1_patch_0003.npy,C:\Users\gadda\Documents\FeatureFusionMoNuSAC\SDENet-Fusion\Datasets\Glas\precomputed\train_256_stride_128\masks\train_1_patch_0003.npy,0,384,256,256,522,775,522,775,21049,0.3211822509765625
train_1_patch_0004,train_1.bmp,C:\Users\gadda\Documents\FeatureFusionMoNuSAC\SDENet-Fusion\Datasets\Glas\precomputed\train_256_stride_128\images\train_1_patch_0004.npy,C:\Users\gadda\Documents\FeatureFusionMoNuSAC\SDENet-Fusion\Datasets\Glas\precomputed\train_256_stride_128\masks\train_1_patch_0004.npy,0,512,256,256,522,775,522,775,29345,0.4477691650390625
train_1_patch_0005,train_1.bmp,C:\Users\gadda\Documents\FeatureFusionMoNuSAC\SDENet-Fusion\Datasets\Glas\precomputed\train_256_stride_128\images\train_1_patch_0005.npy,C:\Users\gadda\Documents\FeatureFusionMoNuSAC\SDENet-Fusion\Datasets\Glas\precomputed\train_256_stride_128\masks\train_1_patch_0005.npy,0,519,256,256,522,775,522,775,28816,0.439697265625
train_1_patch_0006,train_1.bmp,C:\Users\gadda\Documents\FeatureFusionMoNuSAC\SDENet-Fusion\Datasets\Glas\precomputed\train_256_stride_128\images\train_1_patch_0006.npy,C:\Users\gadda\Documents\FeatureFusionMoNuSAC\SDENet-Fusion\Datasets\Glas\precomputed\train_256_stride_128\masks\train_1_patch_0006.npy,128,0,256,256,522,775,522,775,29959,0.4571380615234375
train_1_patch_0007,train_1.bmp,C:\Users\gadda\Documents\FeatureFusionMoNuSAC\SDENet-Fusion\Datasets\Glas\precomputed\train_256_stride_128\images\train_1_patch_0007.npy,C:\Users\gadda\Documents\FeatureFusionMoNuSAC\SDENet-Fusion\Datasets\Glas\precomputed\train_256_stride_128\masks\train_1_patch_0007.npy,128,128,256,256,522,775,522,775,13401,0.2044830322265625
train_1_patch_0008,train_1.bmp,C:\Users\gadda\Documents\FeatureFusionMoNuSAC\SDENet-Fusion\Datasets\Glas\precomputed\train_256_stride_128\images\train_1_patch_0008.npy,C:\Users\gadda\Documents\FeatureFusionMoNuSAC\SDENet-Fusion\Datasets\Glas\precomputed\train_256_stride_128\masks\train_1_patch_0008.npy,128,256,256,256,522,775,522,775,16416,0.25048828125
train_1_patch_0009,train_1.bmp,C:\Users\gadda\Documents\FeatureFusionMoNuSAC\SDENet-Fusion\Datasets\Glas\precomputed\train_256_stride_128\images\train_1_patch_0009.npy,C:\Users\gadda\Documents\FeatureFusionMoNuSAC\SDENet-Fusion\Datasets\Glas\precomputed\train_256_stride_128\masks\train_1_patch_0009.npy,128,384,256,256,522,775,522,775,34351,0.5241546630859375
train_1_patch_0010,train_1.bmp,C:\Users\gadda\Documents\FeatureFusionMoNuSAC\SDENet-Fusion\Datasets\Glas\precomputed\train_256_stride_128\images\train_1_patch_0010.npy,C:\Users\gadda\Documents\FeatureFusionMoNuSAC\SDENet-Fusion\Datasets\Glas\precomputed\train_256_stride_128\masks\train_1_patch_0010.npy,128,512,256,256,522,775,522,775,35452,0.54095458984375
train_1_patch_0011,train_1.bmp,C:\Users\gadda\Documents\FeatureFusionMoNuSAC\SDENet-Fusion\Datasets\Glas\precomputed\train_256_stride_128\images\train_1_patch_0011.npy,C:\Users\gadda\Documents\FeatureFusionMoNuSAC\SDENet-Fusion\Datasets\Glas\precomputed\train_256_stride_128\masks\train_1_patch_0011.npy,128,519,256,256,522,775,522,775,34442,0.525543212890625
train_1_patch_0012,train_1.bmp,C:\Users\gadda\Documents\FeatureFusionMoNuSAC\SDENet-Fusion\Datasets\Glas\precomputed\train_256_stride_128\images\train_1_patch_0012.npy,C:\Users\gadda\Documents\FeatureFusionMoNuSAC\SDENet-Fusion\Datasets\Glas\precomputed\train_256_stride_128\masks\train_1_patch_0012.npy,256,0,256,256,522,775,522,775,41642,0.635406494140625
train_1_patch_0013,train_1.bmp,C:\Users\gadda\Documents\FeatureFusionMoNuSAC\SDENet-Fusion\Datasets\Glas\precomputed\train_256_stride_128\images\train_1_patch_0013.npy,C:\Users\gadda\Documents\FeatureFusionMoNuSAC\SDENet-Fusion\Datasets\Glas\precomputed\train_256_stride_128\masks\train_1_patch_0013.npy,256,128,256,256,522,775,522,775,24007,0.3663177490234375
train_1_patch_0014,train_1.bmp,C:\Users\gadda\Documents\FeatureFusionMoNuSAC\SDENet-Fusion\Datasets\Glas\precomputed\train_256_stride_128\images\train_1_patch_0014.npy,C:\Users\gadda\Documents\FeatureFusionMoNuSAC\SDENet-Fusion\Datasets\Glas\precomputed\train_256_stride_128\masks\train_1_patch_0014.npy,256,256,256,256,522,775,522,775,20415,0.3115081787109375
train_1_patch_0015,train_1.bmp,C:\Users\gadda\Documents\FeatureFusionMoNuSAC\SDENet-Fusion\Datasets\Glas\precomputed\train_256_stride_128\images\train_1_patch_0015.npy,C:\Users\gadda\Documents\FeatureFusionMoNuSAC\SDENet-Fusion\Datasets\Glas\precomputed\train_256_stride_128\masks\train_1_patch_0015.npy,256,384,256,256,522,775,522,775,29449,0.4493560791015625
train_1_patch_0016,train_1.bmp,C:\Users\gadda\Documents\FeatureFusionMoNuSAC\SDENet-Fusion\Datasets\Glas\precomputed\train_256_stride_128\images\train_1_patch_0016.npy,C:\Users\gadda\Documents\FeatureFusionMoNuSAC\SDENet-Fusion\Datasets\Glas\precomputed\train_256_stride_128\masks\train_1_patch_0016.npy,256,512,256,256,522,775,522,775,18159,0.2770843505859375
train_1_patch_0017,train_1.bmp,C:\Users\gadda\Documents\FeatureFusionMoNuSAC\SDENet-Fusion\Datasets\Glas\precomputed\train_256_stride_128\images\train_1_patch_0017.npy,C:\Users\gadda\Documents\FeatureFusionMoNuSAC\SDENet-Fusion\Datasets\Glas\precomputed\train_256_stride_128\masks\train_1_patch_0017.npy,256,519,256,256,522,775,522,775,17342,0.264617919921875
train_1_patch_0018,train_1.bmp,C:\Users\gadda\Documents\FeatureFusionMoNuSAC\SDENet-Fusion\Datasets\Glas\precomputed\train_256_stride_128\images\train_1_patch_0018.npy,C:\Users\gadda\Documents\FeatureFusionMoNuSAC\SDENet-Fusion\Datasets\Glas\precomputed\train_256_stride_128\masks\train_1_patch_0018.npy,266,0,256,256,522,775,522,775,42798,0.653045654296875
train_1_patch_0019,train_1.bmp,C:\Users\gadda\Documents\FeatureFusionMoNuSAC\SDENet-Fusion\Datasets\Glas\precomputed\train_256_stride_128\images\train_1_patch_0019.npy,C:\Users\gadda\Documents\FeatureFusionMoNuSAC\SDENet-Fusion\Datasets\Glas\precomputed\train_256_stride_128\masks\train_1_patch_0019.npy,266,128,256,256,522,775,522,775,26196,0.39971923828125
train_1_patch_0020,train_1.bmp,C:\Users\gadda\Documents\FeatureFusionMoNuSAC\SDENet-Fusion\Datasets\Glas\precomputed\train_256_stride_128\images\train_1_patch_0020.npy,C:\Users\gadda\Documents\FeatureFusionMoNuSAC\SDENet-Fusion\Datasets\Glas\precomputed\train_256_stride_128\masks\train_1_patch_0020.npy,266,256,256,256,522,775,522,775,21448,0.3272705078125
train_1_patch_0021,train_1.bmp,C:\Users\gadda\Documents\FeatureFusionMoNuSAC\SDENet-Fusion\Datasets\Glas\precomputed\train_256_stride_128\images\train_1_patch_0021.npy,C:\Users\gadda\Documents\FeatureFusionMoNuSAC\SDENet-Fusion\Datasets\Glas\precomputed\train_256_stride_128\masks\train_1_patch_0021.npy,266,384,256,256,522,775,522,775,28463,0.4343109130859375
train_1_patch_0022,train_1.bmp,C:\Users\gadda\Documents\FeatureFusionMoNuSAC\SDENet-Fusion\Datasets\Glas\precomputed\train_256_stride_128\images\train_1_patch_0022.npy,C:\Users\gadda\Documents\FeatureFusionMoNuSAC\SDENet-Fusion\Datasets\Glas\precomputed\train_256_stride_128\masks\train_1_patch_0022.npy,266,512,256,256,522,775,522,775,16557,0.2526397705078125
train_1_patch_0023,train_1.bmp,C:\Users\gadda\Documents\FeatureFusionMoNuSAC\SDENet-Fusion\Datasets\Glas\precomputed\train_256_stride_128\images\train_1_patch_0023.npy,C:\Users\gadda\Documents\FeatureFusionMoNuSAC\SDENet-Fusion\Datasets\Glas\precomputed\train_256_stride_128\masks\train_1_patch_0023.npy,266,519,256,256,522,775,522,775,15740,0.24017333984375
train_10_patch_0000,train_10.bmp,C:\Users\gadda\Documents\FeatureFusionMoNuSAC\SDENet-Fusion\Datasets\Glas\precomputed\train_256_stride_128\images\train_10_patch_0000.npy,C:\Users\gadda\Documents\FeatureFusionMoNuSAC\SDENet-Fusion\Datasets\Glas\precomputed\train_256_stride_128\masks\train_10_patch_0000.npy,0,0,256,256,522,775,522,775,41623,0.6351165771484375
train_10_patch_0001,train_10.bmp,C:\Users\gadda\Documents\FeatureFusionMoNuSAC\SDENet-Fusion\Datasets\Glas\precomputed\train_256_stride_128\images\train_10_patch_0001.npy,C:\Users\gadda\Documents\FeatureFusionMoNuSAC\SDENet-Fusion\Datasets\Glas\precomputed\train_256_stride_128\masks\train_10_patch_0001.npy,0,128,256,256,522,775,522,775,28753,0.4387359619140625
train_10_patch_0002,train_10.bmp,C:\Users\gadda\Documents\FeatureFusionMoNuSAC\SDENet-Fusion\Datasets\Glas\precomputed\train_256_stride_128\images\train_10_patch_0002.npy,C:\Users\gadda\Documents\FeatureFusionMoNuSAC\SDENet-Fusion\Datasets\Glas\precomputed\train_256_stride_128\masks\train_10_patch_0002.npy,0,256,256,256,522,775,522,775,25164,0.38397216796875
train_10_patch_0003,train_10.bmp,C:\Users\gadda\Documents\FeatureFusionMoNuSAC\SDENet-Fusion\Datasets\Glas\precomputed\train_256_stride_128\images\train_10_patch_0003.npy,C:\Users\gadda\Documents\FeatureFusionMoNuSAC\SDENet-Fusion\Datasets\Glas\precomputed\train_256_stride_128\masks\train_10_patch_0003.npy,0,384,256,256,522,775,522,775,13464,0.2054443359375
train_10_patch_0004,train_10.bmp,C:\Users\gadda\Documents\FeatureFusionMoNuSAC\SDENet-Fusion\Datasets\Glas\precomputed\train_256_stride_128\images\train_10_patch_0004.npy,C:\Users\gadda\Documents\FeatureFusionMoNuSAC\SDENet-Fusion\Datasets\Glas\precomputed\train_256_stride_128\masks\train_10_patch_0004.npy,0,512,256,256,522,775,522,775,7489,0.1142730712890625
train_10_patch_0005,train_10.bmp,C:\Users\gadda\Documents\FeatureFusionMoNuSAC\SDENet-Fusion\Datasets\Glas\precomputed\train_256_stride_128\images\train_10_patch_0005.npy,C:\Users\gadda\Documents\FeatureFusionMoNuSAC\SDENet-Fusion\Datasets\Glas\precomputed\train_256_stride_128\masks\train_10_patch_0005.npy,0,519,256,256,522,775,522,775,7489,0.1142730712890625
train_10_patch_0006,train_10.bmp,C:\Users\gadda\Documents\FeatureFusionMoNuSAC\SDENet-Fusion\Datasets\Glas\precomputed\train_256_stride_128\images\train_10_patch_0006.npy,C:\Users\gadda\Documents\FeatureFusionMoNuSAC\SDENet-Fusion\Datasets\Glas\precomputed\train_256_stride_128\masks\train_10_patch_0006.npy,128,0,256,256,522,775,522,775,36353,0.5547027587890625
train_10_patch_0007,train_10.bmp,C:\Users\gadda\Documents\FeatureFusionMoNuSAC\SDENet-Fusion\Datasets\Glas\precomputed\train_256_stride_128\images\train_10_patch_0007.npy,C:\Users\gadda\Documents\FeatureFusionMoNuSAC\SDENet-Fusion\Datasets\Glas\precomputed\train_256_stride_128\masks\train_10_patch_0007.npy,128,128,256,256,522,775,522,775,34300,0.52337646484375
train_10_patch_0008,train_10.bmp,C:\Users\gadda\Documents\FeatureFusionMoNuSAC\SDENet-Fusion\Datasets\Glas\precomputed\train_256_stride_128\images\train_10_patch_0008.npy,C:\Users\gadda\Documents\FeatureFusionMoNuSAC\SDENet-Fusion\Datasets\Glas\precomputed\train_256_stride_128\masks\train_10_patch_0008.npy,128,256,256,256,522,775,522,775,48890,0.746002197265625
train_10_patch_0009,train_10.bmp,C:\Users\gadda\Documents\FeatureFusionMoNuSAC\SDENet-Fusion\Datasets\Glas\precomputed\train_256_stride_128\images\train_10_patch_0009.npy,C:\Users\gadda\Documents\FeatureFusionMoNuSAC\SDENet-Fusion\Datasets\Glas\precomputed\train_256_stride_128\masks\train_10_patch_0009.npy,128,384,256,256,522,775,522,775,20065,0.3061676025390625
train_10_patch_0010,train_10.bmp,C:\Users\gadda\Documents\FeatureFusionMoNuSAC\SDENet-Fusion\Datasets\Glas\precomputed\train_256_stride_128\images\train_10_patch_0010.npy,C:\Users\gadda\Documents\FeatureFusionMoNuSAC\SDENet-Fusion\Datasets\Glas\precomputed\train_256_stride_128\masks\train_10_patch_0010.npy,128,512,256,256,522,775,522,775,9081,0.1385650634765625
train_10_patch_0011,train_10.bmp,C:\Users\gadda\Documents\FeatureFusionMoNuSAC\SDENet-Fusion\Datasets\Glas\precomputed\train_256_stride_128\images\train_10_patch_0011.npy,C:\Users\gadda\Documents\FeatureFusionMoNuSAC\SDENet-Fusion\Datasets\Glas\precomputed\train_256_stride_128\masks\train_10_patch_0011.npy,128,519,256,256,522,775,522,775,9600,0.146484375
train_10_patch_0012,train_10.bmp,C:\Users\gadda\Documents\FeatureFusionMoNuSAC\SDENet-Fusion\Datasets\Glas\precomputed\train_256_stride_128\images\train_10_patch_0012.npy,C:\Users\gadda\Documents\FeatureFusionMoNuSAC\SDENet-Fusion\Datasets\Glas\precomputed\train_256_stride_128\masks\train_10_patch_0012.npy,256,0,256,256,522,775,522,775,42444,0.64764404296875
train_10_patch_0013,train_10.bmp,C:\Users\gadda\Documents\FeatureFusionMoNuSAC\SDENet-Fusion\Datasets\Glas\precomputed\train_256_stride_128\images\train_10_patch_0013.npy,C:\Users\gadda\Documents\FeatureFusionMoNuSAC\SDENet-Fusion\Datasets\Glas\precomputed\train_256_stride_128\masks\train_10_patch_0013.npy,256,128,256,256,522,775,522,775,42740,0.65216064453125
train_10_patch_0014,train_10.bmp,C:\Users\gadda\Documents\FeatureFusionMoNuSAC\SDENet-Fusion\Datasets\Glas\precomputed\train_256_stride_128\images\train_10_patch_0014.npy,C:\Users\gadda\Documents\FeatureFusionMoNuSAC\SDENet-Fusion\Datasets\Glas\precomputed\train_256_stride_128\masks\train_10_patch_0014.npy,256,256,256,256,522,775,522,775,62067,0.9470672607421875
train_10_patch_0015,train_10.bmp,C:\Users\gadda\Documents\FeatureFusionMoNuSAC\SDENet-Fusion\Datasets\Glas\precomputed\train_256_stride_128\images\train_10_patch_0015.npy,C:\Users\gadda\Documents\FeatureFusionMoNuSAC\SDENet-Fusion\Datasets\Glas\precomputed\train_256_stride_128\masks\train_10_patch_0015.npy,256,384,256,256,522,775,522,775,35085,0.5353546142578125
train_10_patch_0016,train_10.bmp,C:\Users\gadda\Documents\FeatureFusionMoNuSAC\SDENet-Fusion\Datasets\Glas\precomputed\train_256_stride_128\images\train_10_patch_0016.npy,C:\Users\gadda\Documents\FeatureFusionMoNuSAC\SDENet-Fusion\Datasets\Glas\precomputed\train_256_stride_128\masks\train_10_patch_0016.npy,256,512,256,256,522,775,522,775,18856,0.2877197265625
train_10_patch_0017,train_10.bmp,C:\Users\gadda\Documents\FeatureFusionMoNuSAC\SDENet-Fusion\Datasets\Glas\precomputed\train_256_stride_128\images\train_10_patch_0017.npy,C:\Users\gadda\Documents\FeatureFusionMoNuSAC\SDENet-Fusion\Datasets\Glas\precomputed\train_256_stride_128\masks\train_10_patch_0017.npy,256,519,256,256,522,775,522,775,19239,0.2935638427734375
train_10_patch_0018,train_10.bmp,C:\Users\gadda\Documents\FeatureFusionMoNuSAC\SDENet-Fusion\Datasets\Glas\precomputed\train_256_stride_128\images\train_10_patch_0018.npy,C:\Users\gadda\Documents\FeatureFusionMoNuSAC\SDENet-Fusion\Datasets\Glas\precomputed\train_256_stride_128\masks\train_10_patch_0018.npy,266,0,256,256,522,775,522,775,42247,0.6446380615234375
train_10_patch_0019,train_10.bmp,C:\Users\gadda\Documents\FeatureFusionMoNuSAC\SDENet-Fusion\Datasets\Glas\precomputed\train_256_stride_128\images\train_10_patch_0019.npy,C:\Users\gadda\Documents\FeatureFusionMoNuSAC\SDENet-Fusion\Datasets\Glas\precomputed\train_256_stride_128\masks\train_10_patch_0019.npy,266,128,256,256,522,775,522,775,42893,0.6544952392578125
train_10_patch_0020,train_10.bmp,C:\Users\gadda\Documents\FeatureFusionMoNuSAC\SDENet-Fusion\Datasets\Glas\precomputed\train_256_stride_128\images\train_10_patch_0020.npy,C:\Users\gadda\Documents\FeatureFusionMoNuSAC\SDENet-Fusion\Datasets\Glas\precomputed\train_256_stride_128\masks\train_10_patch_0020.npy,266,256,256,256,522,775,522,775,62428,0.95257568359375
train_10_patch_0021,train_10.bmp,C:\Users\gadda\Documents\FeatureFusionMoNuSAC\SDENet-Fusion\Datasets\Glas\precomputed\train_256_stride_128\images\train_10_patch_0021.npy,C:\Users\gadda\Documents\FeatureFusionMoNuSAC\SDENet-Fusion\Datasets\Glas\precomputed\train_256_stride_128\masks\train_10_patch_0021.npy,266,384,256,256,522,775,522,775,36405,0.5554962158203125
train_10_patch_0022,train_10.bmp,C:\Users\gadda\Documents\FeatureFusionMoNuSAC\SDENet-Fusion\Datasets\Glas\precomputed\train_256_stride_128\images\train_10_patch_0022.npy,C:\Users\gadda\Documents\FeatureFusionMoNuSAC\SDENet-Fusion\Datasets\Glas\precomputed\train_256_stride_128\masks\train_10_patch_0022.npy,266,512,256,256,522,775,522,775,19815,0.3023529052734375
train_10_patch_0023,train_10.bmp,C:\Users\gadda\Documents\FeatureFusionMoNuSAC\SDENet-Fusion\Datasets\Glas\precomputed\train_256_stride_128\images\train_10_patch_0023.npy,C:\Users\gadda\Documents\FeatureFusionMoNuSAC\SDENet-Fusion\Datasets\Glas\precomputed\train_256_stride_128\masks\train_10_patch_0023.npy,266,519,256,256,522,775,522,775,20128,0.30712890625
train_11_patch_0000,train_11.bmp,C:\Users\gadda\Documents\FeatureFusionMoNuSAC\SDENet-Fusion\Datasets\Glas\precomputed\train_256_stride_128\images\train_11_patch_0000.npy,C:\Users\gadda\Documents\FeatureFusionMoNuSAC\SDENet-Fusion\Datasets\Glas\precomputed\train_256_stride_128\masks\train_11_patch_0000.npy,0,0,256,256,522,775,522,775,30495,0.4653167724609375
train_11_patch_0001,train_11.bmp,C:\Users\gadda\Documents\FeatureFusionMoNuSAC\SDENet-Fusion\Datasets\Glas\precomputed\train_256_stride_128\images\train_11_patch_0001.npy,C:\Users\gadda\Documents\FeatureFusionMoNuSAC\SDENet-Fusion\Datasets\Glas\precomputed\train_256_stride_128\masks\train_11_patch_0001.npy,0,128,256,256,522,775,522,775,30308,0.46246337890625
train_11_patch_0002,train_11.bmp,C:\Users\gadda\Documents\FeatureFusionMoNuSAC\SDENet-Fusion\Datasets\Glas\precomputed\train_256_stride_128\images\train_11_patch_0002.npy,C:\Users\gadda\Documents\FeatureFusionMoNuSAC\SDENet-Fusion\Datasets\Glas\precomputed\train_256_stride_128\masks\train_11_patch_0002.npy,0,256,256,256,522,775,522,775,28820,0.43975830078125
train_11_patch_0003,train_11.bmp,C:\Users\gadda\Documents\FeatureFusionMoNuSAC\SDENet-Fusion\Datasets\Glas\precomputed\train_256_stride_128\images\train_11_patch_0003.npy,C:\Users\gadda\Documents\FeatureFusionMoNuSAC\SDENet-Fusion\Datasets\Glas\precomputed\train_256_stride_128\masks\train_11_patch_0003.npy,0,384,256,256,522,775,522,775,39534,0.603240966796875
train_11_patch_0004,train_11.bmp,C:\Users\gadda\Documents\FeatureFusionMoNuSAC\SDENet-Fusion\Datasets\Glas\precomputed\train_256_stride_128\images\train_11_patch_0004.npy,C:\Users\gadda\Documents\FeatureFusionMoNuSAC\SDENet-Fusion\Datasets\Glas\precomputed\train_256_stride_128\masks\train_11_patch_0004.npy,0,512,256,256,522,775,522,775,50605,0.7721710205078125
train_11_patch_0005,train_11.bmp,C:\Users\gadda\Documents\FeatureFusionMoNuSAC\SDENet-Fusion\Datasets\Glas\precomputed\train_256_stride_128\images\train_11_patch_0005.npy,C:\Users\gadda\Documents\FeatureFusionMoNuSAC\SDENet-Fusion\Datasets\Glas\precomputed\train_256_stride_128\masks\train_11_patch_0005.npy,0,519,256,256,522,775,522,775,51279,0.7824554443359375
train_11_patch_0006,train_11.bmp,C:\Users\gadda\Documents\FeatureFusionMoNuSAC\SDENet-Fusion\Datasets\Glas\precomputed\train_256_stride_128\images\train_11_patch_0006.npy,C:\Users\gadda\Documents\FeatureFusionMoNuSAC\SDENet-Fusion\Datasets\Glas\precomputed\train_256_stride_128\masks\train_11_patch_0006.npy,128,0,256,256,522,775,522,775,60167,0.9180755615234375
train_11_patch_0007,train_11.bmp,C:\Users\gadda\Documents\FeatureFusionMoNuSAC\SDENet-Fusion\Datasets\Glas\precomputed\train_256_stride_128\images\train_11_patch_0007.npy,C:\Users\gadda\Documents\FeatureFusionMoNuSAC\SDENet-Fusion\Datasets\Glas\precomputed\train_256_stride_128\masks\train_11_patch_0007.npy,128,128,256,256,522,775,522,775,55495,0.8467864990234375
train_11_patch_0008,train_11.bmp,C:\Users\gadda\Documents\FeatureFusionMoNuSAC\SDENet-Fusion\Datasets\Glas\precomputed\train_256_stride_128\images\train_11_patch_0008.npy,C:\Users\gadda\Documents\FeatureFusionMoNuSAC\SDENet-Fusion\Datasets\Glas\precomputed\train_256_stride_128\masks\train_11_patch_0008.npy,128,256,256,256,522,775,522,775,46541,0.7101593017578125
train_11_patch_0009,train_11.bmp,C:\Users\gadda\Documents\FeatureFusionMoNuSAC\SDENet-Fusion\Datasets\Glas\precomputed\train_256_stride_128\images\train_11_patch_0009.npy,C:\Users\gadda\Documents\FeatureFusionMoNuSAC\SDENet-Fusion\Datasets\Glas\precomputed\train_256_stride_128\masks\train_11_patch_0009.npy,128,384,256,256,522,775,522,775,52426,0.799957275390625
train_11_patch_0010,train_11.bmp,C:\Users\gadda\Documents\FeatureFusionMoNuSAC\SDENet-Fusion\Datasets\Glas\precomputed\train_256_stride_128\images\train_11_patch_0010.npy,C:\Users\gadda\Documents\FeatureFusionMoNuSAC\SDENet-Fusion\Datasets\Glas\precomputed\train_256_stride_128\masks\train_11_patch_0010.npy,128,512,256,256,522,775,522,775,64680,0.9869384765625
train_11_patch_0011,train_11.bmp,C:\Users\gadda\Documents\FeatureFusionMoNuSAC\SDENet-Fusion\Datasets\Glas\precomputed\train_256_stride_128\images\train_11_patch_0011.npy,C:\Users\gadda\Documents\FeatureFusionMoNuSAC\SDENet-Fusion\Datasets\Glas\precomputed\train_256_stride_128\masks\train_11_patch_0011.npy,128,519,256,256,522,775,522,775,64929,0.9907379150390625
train_11_patch_0012,train_11.bmp,C:\Users\gadda\Documents\FeatureFusionMoNuSAC\SDENet-Fusion\Datasets\Glas\precomputed\train_256_stride_128\images\train_11_patch_0012.npy,C:\Users\gadda\Documents\FeatureFusionMoNuSAC\SDENet-Fusion\Datasets\Glas\precomputed\train_256_stride_128\masks\train_11_patch_0012.npy,256,0,256,256,522,775,522,775,64504,0.9842529296875
train_11_patch_0013,train_11.bmp,C:\Users\gadda\Documents\FeatureFusionMoNuSAC\SDENet-Fusion\Datasets\Glas\precomputed\train_256_stride_128\images\train_11_patch_0013.npy,C:\Users\gadda\Documents\FeatureFusionMoNuSAC\SDENet-Fusion\Datasets\Glas\precomputed\train_256_stride_128\masks\train_11_patch_0013.npy,256,128,256,256,522,775,522,775,61719,0.9417572021484375
train_11_patch_0014,train_11.bmp,C:\Users\gadda\Documents\FeatureFusionMoNuSAC\SDENet-Fusion\Datasets\Glas\precomputed\train_256_stride_128\images\train_11_patch_0014.npy,C:\Users\gadda\Documents\FeatureFusionMoNuSAC\SDENet-Fusion\Datasets\Glas\precomputed\train_256_stride_128\masks\train_11_patch_0014.npy,256,256,256,256,522,775,522,775,60923,0.9296112060546875
train_11_patch_0015,train_11.bmp,C:\Users\gadda\Documents\FeatureFusionMoNuSAC\SDENet-Fusion\Datasets\Glas\precomputed\train_256_stride_128\images\train_11_patch_0015.npy,C:\Users\gadda\Documents\FeatureFusionMoNuSAC\SDENet-Fusion\Datasets\Glas\precomputed\train_256_stride_128\masks\train_11_patch_0015.npy,256,384,256,256,522,775,522,775,63708,0.97210693359375
train_11_patch_0016,train_11.bmp,C:\Users\gadda\Documents\FeatureFusionMoNuSAC\SDENet-Fusion\Datasets\Glas\precomputed\train_256_stride_128\images\train_11_patch_0016.npy,C:\Users\gadda\Documents\FeatureFusionMoNuSAC\SDENet-Fusion\Datasets\Glas\precomputed\train_256_stride_128\masks\train_11_patch_0016.npy,256,512,256,256,522,775,522,775,65536,1.0
train_11_patch_0017,train_11.bmp,C:\Users\gadda\Documents\FeatureFusionMoNuSAC\SDENet-Fusion\Datasets\Glas\precomputed\train_256_stride_128\images\train_11_patch_0017.npy,C:\Users\gadda\Documents\FeatureFusionMoNuSAC\SDENet-Fusion\Datasets\Glas\precomputed\train_256_stride_128\masks\train_11_patch_0017.npy,256,519,256,256,522,775,522,775,65536,1.0
train_11_patch_0018,train_11.bmp,C:\Users\gadda\Documents\FeatureFusionMoNuSAC\SDENet-Fusion\Datasets\Glas\precomputed\train_256_stride_128\images\train_11_patch_0018.npy,C:\Users\gadda\Documents\FeatureFusionMoNuSAC\SDENet-Fusion\Datasets\Glas\precomputed\train_256_stride_128\masks\train_11_patch_0018.npy,266,0,256,256,522,775,522,775,64504,0.9842529296875
train_11_patch_0019,train_11.bmp,C:\Users\gadda\Documents\FeatureFusionMoNuSAC\SDENet-Fusion\Datasets\Glas\precomputed\train_256_stride_128\images\train_11_patch_0019.npy,C:\Users\gadda\Documents\FeatureFusionMoNuSAC\SDENet-Fusion\Datasets\Glas\precomputed\train_256_stride_128\masks\train_11_patch_0019.npy,266,128,256,256,522,775,522,775,62526,0.954071044921875
train_11_patch_0020,train_11.bmp,C:\Users\gadda\Documents\FeatureFusionMoNuSAC\SDENet-Fusion\Datasets\Glas\precomputed\train_256_stride_128\images\train_11_patch_0020.npy,C:\Users\gadda\Documents\FeatureFusionMoNuSAC\SDENet-Fusion\Datasets\Glas\precomputed\train_256_stride_128\masks\train_11_patch_0020.npy,266,256,256,256,522,775,522,775,62005,0.9461212158203125
train_11_patch_0021,train_11.bmp,C:\Users\gadda\Documents\FeatureFusionMoNuSAC\SDENet-Fusion\Datasets\Glas\precomputed\train_256_stride_128\images\train_11_patch_0021.npy,C:\Users\gadda\Documents\FeatureFusionMoNuSAC\SDENet-Fusion\Datasets\Glas\precomputed\train_256_stride_128\masks\train_11_patch_0021.npy,266,384,256,256,522,775,522,775,63983,0.9763031005859375
train_11_patch_0022,train_11.bmp,C:\Users\gadda\Documents\FeatureFusionMoNuSAC\SDENet-Fusion\Datasets\Glas\precomputed\train_256_stride_128\images\train_11_patch_0022.npy,C:\Users\gadda\Documents\FeatureFusionMoNuSAC\SDENet-Fusion\Datasets\Glas\precomputed\train_256_stride_128\masks\train_11_patch_0022.npy,266,512,256,256,522,775,522,775,65536,1.0
train_11_patch_0023,train_11.bmp,C:\Users\gadda\Documents\FeatureFusionMoNuSAC\SDENet-Fusion\Datasets\Glas\precomputed\train_256_stride_128\images\train_11_patch_0023.npy,C:\Users\gadda\Documents\FeatureFusionMoNuSAC\SDENet-Fusion\Datasets\Glas\precomputed\train_256_stride_128\masks\train_11_patch_0023.npy,266,519,256,256,522,775,522,775,65536,1.0
train_12_patch_0000,train_12.bmp,C:\Users\gadda\Documents\FeatureFusionMoNuSAC\SDENet-Fusion\Datasets\Glas\precomputed\train_256_stride_128\images\train_12_patch_0000.npy,C:\Users\gadda\Documents\FeatureFusionMoNuSAC\SDENet-Fusion\Datasets\Glas\precomputed\train_256_stride_128\masks\train_12_patch_0000.npy,0,0,256,256,433,574,433,574,36631,0.5589447021484375
train_12_patch_0001,train_12.bmp,C:\Users\gadda\Documents\FeatureFusionMoNuSAC\SDENet-Fusion\Datasets\Glas\precomputed\train_256_stride_128\images\train_12_patch_0001.npy,C:\Users\gadda\Documents\FeatureFusionMoNuSAC\SDENet-Fusion\Datasets\Glas\precomputed\train_256_stride_128\masks\train_12_patch_0001.npy,0,128,256,256,433,574,433,574,39262,0.599090576171875
train_12_patch_0002,train_12.bmp,C:\Users\gadda\Documents\FeatureFusionMoNuSAC\SDENet-Fusion\Datasets\Glas\precomputed\train_256_stride_128\images\train_12_patch_0002.npy,C:\Users\gadda\Documents\FeatureFusionMoNuSAC\SDENet-Fusion\Datasets\Glas\precomputed\train_256_stride_128\masks\train_12_patch_0002.npy,0,256,256,256,433,574,433,574,37183,0.5673675537109375
train_12_patch_0003,train_12.bmp,C:\Users\gadda\Documents\FeatureFusionMoNuSAC\SDENet-Fusion\Datasets\Glas\precomputed\train_256_stride_128\images\train_12_patch_0003.npy,C:\Users\gadda\Documents\FeatureFusionMoNuSAC\SDENet-Fusion\Datasets\Glas\precomputed\train_256_stride_128\masks\train_12_patch_0003.npy,0,318,256,256,433,574,433,574,38965,0.5945587158203125
train_12_patch_0004,train_12.bmp,C:\Users\gadda\Documents\FeatureFusionMoNuSAC\SDENet-Fusion\Datasets\Glas\precomputed\train_256_stride_128\images\train_12_patch_0004.npy,C:\Users\gadda\Documents\FeatureFusionMoNuSAC\SDENet-Fusion\Datasets\Glas\precomputed\train_256_stride_128\masks\train_12_patch_0004.npy,128,0,256,256,433,574,433,574,36907,0.5631561279296875
train_12_patch_0005,train_12.bmp,C:\Users\gadda\Documents\FeatureFusionMoNuSAC\SDENet-Fusion\Datasets\Glas\precomputed\train_256_stride_128\images\train_12_patch_0005.npy,C:\Users\gadda\Documents\FeatureFusionMoNuSAC\SDENet-Fusion\Datasets\Glas\precomputed\train_256_stride_128\masks\train_12_patch_0005.npy,128,128,256,256,433,574,433,574,37897,0.5782623291015625
train_12_patch_0006,train_12.bmp,C:\Users\gadda\Documents\FeatureFusionMoNuSAC\SDENet-Fusion\Datasets\Glas\precomputed\train_256_stride_128\images\train_12_patch_0006.npy,C:\Users\gadda\Documents\FeatureFusionMoNuSAC\SDENet-Fusion\Datasets\Glas\precomputed\train_256_stride_128\masks\train_12_patch_0006.npy,128,256,256,256,433,574,433,574,39474,0.602325439453125
train_12_patch_0007,train_12.bmp,C:\Users\gadda\Documents\FeatureFusionMoNuSAC\SDENet-Fusion\Datasets\Glas\precomputed\train_256_stride_128\images\train_12_patch_0007.npy,C:\Users\gadda\Documents\FeatureFusionMoNuSAC\SDENet-Fusion\Datasets\Glas\precomputed\train_256_stride_128\masks\train_12_patch_0007.npy,128,318,256,256,433,574,433,574,39916,0.60906982421875
train_12_patch_0008,train_12.bmp,C:\Users\gadda\Documents\FeatureFusionMoNuSAC\SDENet-Fusion\Datasets\Glas\precomputed\train_256_stride_128\images\train_12_patch_0008.npy,C:\Users\gadda\Documents\FeatureFusionMoNuSAC\SDENet-Fusion\Datasets\Glas\precomputed\train_256_stride_128\masks\train_12_patch_0008.npy,177,0,256,256,433,574,433,574,36300,0.55389404296875
train_12_patch_0009,train_12.bmp,C:\Users\gadda\Documents\FeatureFusionMoNuSAC\SDENet-Fusion\Datasets\Glas\precomputed\train_256_stride_128\images\train_12_patch_0009.npy,C:\Users\gadda\Documents\FeatureFusionMoNuSAC\SDENet-Fusion\Datasets\Glas\precomputed\train_256_stride_128\masks\train_12_patch_0009.npy,177,128,256,256,433,574,433,574,41890,0.639190673828125
train_12_patch_0010,train_12.bmp,C:\Users\gadda\Documents\FeatureFusionMoNuSAC\SDENet-Fusion\Datasets\Glas\precomputed\train_256_stride_128\images\train_12_patch_0010.npy,C:\Users\gadda\Documents\FeatureFusionMoNuSAC\SDENet-Fusion\Datasets\Glas\precomputed\train_256_stride_128\masks\train_12_patch_0010.npy,177,256,256,256,433,574,433,574,39823,0.6076507568359375
train_12_patch_0011,train_12.bmp,C:\Users\gadda\Documents\FeatureFusionMoNuSAC\SDENet-Fusion\Datasets\Glas\precomputed\train_256_stride_128\images\train_12_patch_0011.npy,C:\Users\gadda\Documents\FeatureFusionMoNuSAC\SDENet-Fusion\Datasets\Glas\precomputed\train_256_stride_128\masks\train_12_patch_0011.npy,177,318,256,256,433,574,433,574,38682,0.590240478515625
train_13_patch_0000,train_13.bmp,C:\Users\gadda\Documents\FeatureFusionMoNuSAC\SDENet-Fusion\Datasets\Glas\precomputed\train_256_stride_128\images\train_13_patch_0000.npy,C:\Users\gadda\Documents\FeatureFusionMoNuSAC\SDENet-Fusion\Datasets\Glas\precomputed\train_256_stride_128\masks\train_13_patch_0000.npy,0,0,256,256,522,775,522,775,38186,0.582672119140625
train_13_patch_0001,train_13.bmp,C:\Users\gadda\Documents\FeatureFusionMoNuSAC\SDENet-Fusion\Datasets\Glas\precomputed\train_256_stride_128\images\train_13_patch_0001.npy,C:\Users\gadda\Documents\FeatureFusionMoNuSAC\SDENet-Fusion\Datasets\Glas\precomputed\train_256_stride_128\masks\train_13_patch_0001.npy,0,128,256,256,522,775,522,775,42243,0.6445770263671875
train_13_patch_0002,train_13.bmp,C:\Users\gadda\Documents\FeatureFusionMoNuSAC\SDENet-Fusion\Datasets\Glas\precomputed\train_256_stride_128\images\train_13_patch_0002.npy,C:\Users\gadda\Documents\FeatureFusionMoNuSAC\SDENet-Fusion\Datasets\Glas\precomputed\train_256_stride_128\masks\train_13_patch_0002.npy,0,256,256,256,522,775,522,775,40447,0.6171722412109375
train_13_patch_0003,train_13.bmp,C:\Users\gadda\Documents\FeatureFusionMoNuSAC\SDENet-Fusion\Datasets\Glas\precomputed\train_256_stride_128\images\train_13_patch_0003.npy,C:\Users\gadda\Documents\FeatureFusionMoNuSAC\SDENet-Fusion\Datasets\Glas\precomputed\train_256_stride_128\masks\train_13_patch_0003.npy,0,384,256,256,522,775,522,775,32287,0.4926605224609375
train_13_patch_0004,train_13.bmp,C:\Users\gadda\Documents\FeatureFusionMoNuSAC\SDENet-Fusion\Datasets\Glas\precomputed\train_256_stride_128\images\train_13_patch_0004.npy,C:\Users\gadda\Documents\FeatureFusionMoNuSAC\SDENet-Fusion\Datasets\Glas\precomputed\train_256_stride_128\masks\train_13_patch_0004.npy,0,512,256,256,522,775,522,775,17187,0.2622528076171875
train_13_patch_0005,train_13.bmp,C:\Users\gadda\Documents\FeatureFusionMoNuSAC\SDENet-Fusion\Datasets\Glas\precomputed\train_256_stride_128\images\train_13_patch_0005.npy,C:\Users\gadda\Documents\FeatureFusionMoNuSAC\SDENet-Fusion\Datasets\Glas\precomputed\train_256_stride_128\masks\train_13_patch_0005.npy,0,519,256,256,522,775,522,775,16677,0.2544708251953125
train_13_patch_0006,train_13.bmp,C:\Users\gadda\Documents\FeatureFusionMoNuSAC\SDENet-Fusion\Datasets\Glas\precomputed\train_256_stride_128\images\train_13_patch_0006.npy,C:\Users\gadda\Documents\FeatureFusionMoNuSAC\SDENet-Fusion\Datasets\Glas\precomputed\train_256_stride_128\masks\train_13_patch_0006.npy,128,0,256,256,522,775,522,775,35112,0.5357666015625
train_13_patch_0007,train_13.bmp,C:\Users\gadda\Documents\FeatureFusionMoNuSAC\SDENet-Fusion\Datasets\Glas\precomputed\train_256_stride_128\images\train_13_patch_0007.npy,C:\Users\gadda\Documents\FeatureFusionMoNuSAC\SDENet-Fusion\Datasets\Glas\precomputed\train_256_stride_128\masks\train_13_patch_0007.npy,128,128,256,256,522,775,522,775,38586,0.588775634765625
train_13_patch_0008,train_13.bmp,C:\Users\gadda\Documents\FeatureFusionMoNuSAC\SDENet-Fusion\Datasets\Glas\precomputed\train_256_stride_128\images\train_13_patch_0008.npy,C:\Users\gadda\Documents\FeatureFusionMoNuSAC\SDENet-Fusion\Datasets\Glas\precomputed\train_256_stride_128\masks\train_13_patch_0008.npy,128,256,256,256,522,775,522,775,41356,0.63104248046875
train_13_patch_0009,train_13.bmp,C:\Users\gadda\Documents\FeatureFusionMoNuSAC\SDENet-Fusion\Datasets\Glas\precomputed\train_256_stride_128\images\train_13_patch_0009.npy,C:\Users\gadda\Documents\FeatureFusionMoNuSAC\SDENet-Fusion\Datasets\Glas\precomputed\train_256_stride_128\masks\train_13_patch_0009.npy,128,384,256,256,522,775,522,775,42851,0.6538543701171875
train_13_patch_0010,train_13.bmp,C:\Users\gadda\Documents\FeatureFusionMoNuSAC\SDENet-Fusion\Datasets\Glas\precomputed\train_256_stride_128\images\train_13_patch_0010.npy,C:\Users\gadda\Documents\FeatureFusionMoNuSAC\SDENet-Fusion\Datasets\Glas\precomputed\train_256_stride_128\masks\train_13_patch_0010.npy,128,512,256,256,522,775,522,775,30961,0.4724273681640625
train_13_patch_0011,train_13.bmp,C:\Users\gadda\Documents\FeatureFusionMoNuSAC\SDENet-Fusion\Datasets\Glas\precomputed\train_256_stride_128\images\train_13_patch_0011.npy,C:\Users\gadda\Documents\FeatureFusionMoNuSAC\SDENet-Fusion\Datasets\Glas\precomputed\train_256_stride_128\masks\train_13_patch_0011.npy,128,519,256,256,522,775,522,775,29990,0.457611083984375
train_13_patch_0012,train_13.bmp,C:\Users\gadda\Documents\FeatureFusionMoNuSAC\SDENet-Fusion\Datasets\Glas\precomputed\train_256_stride_128\images\train_13_patch_0012.npy,C:\Users\gadda\Documents\FeatureFusionMoNuSAC\SDENet-Fusion\Datasets\Glas\precomputed\train_256_stride_128\masks\train_13_patch_0012.npy,256,0,256,256,522,775,522,775,38230,0.583343505859375
train_13_patch_0013,train_13.bmp,C:\Users\gadda\Documents\FeatureFusionMoNuSAC\SDENet-Fusion\Datasets\Glas\precomputed\train_256_stride_128\images\train_13_patch_0013.npy,C:\Users\gadda\Documents\FeatureFusionMoNuSAC\SDENet-Fusion\Datasets\Glas\precomputed\train_256_stride_128\masks\train_13_patch_0013.npy,256,128,256,256,522,775,522,775,29391,0.4484710693359375
train_13_patch_0014,train_13.bmp,C:\Users\gadda\Documents\FeatureFusionMoNuSAC\SDENet-Fusion\Datasets\Glas\precomputed\train_256_stride_128\images\train_13_patch_0014.npy,C:\Users\gadda\Documents\FeatureFusionMoNuSAC\SDENet-Fusion\Datasets\Glas\precomputed\train_256_stride_128\masks\train_13_patch_0014.npy,256,256,256,256,522,775,522,775,36069,0.5503692626953125
train_13_patch_0015,train_13.bmp,C:\Users\gadda\Documents\FeatureFusionMoNuSAC\SDENet-Fusion\Datasets\Glas\precomputed\train_256_stride_128\images\train_13_patch_0015.npy,C:\Users\gadda\Documents\FeatureFusionMoNuSAC\SDENet-Fusion\Datasets\Glas\precomputed\train_256_stride_128\masks\train_13_patch_0015.npy,256,384,256,256,522,775,522,775,46067,0.7029266357421875
train_13_patch_0016,train_13.bmp,C:\Users\gadda\Documents\FeatureFusionMoNuSAC\SDENet-Fusion\Datasets\Glas\precomputed\train_256_stride_128\images\train_13_patch_0016.npy,C:\Users\gadda\Documents\FeatureFusionMoNuSAC\SDENet-Fusion\Datasets\Glas\precomputed\train_256_stride_128\masks\train_13_patch_0016.npy,256,512,256,256,522,775,522,775,39328,0.60009765625
train_13_patch_0017,train_13.bmp,C:\Users\gadda\Documents\FeatureFusionMoNuSAC\SDENet-Fusion\Datasets\Glas\precomputed\train_256_stride_128\images\train_13_patch_0017.npy,C:\Users\gadda\Documents\FeatureFusionMoNuSAC\SDENet-Fusion\Datasets\Glas\precomputed\train_256_stride_128\masks\train_13_patch_0017.npy,256,519,256,256,522,775,522,775,39230,0.598602294921875
train_13_patch_0018,train_13.bmp,C:\Users\gadda\Documents\FeatureFusionMoNuSAC\SDENet-Fusion\Datasets\Glas\precomputed\train_256_stride_128\images\train_13_patch_0018.npy,C:\Users\gadda\Documents\FeatureFusionMoNuSAC\SDENet-Fusion\Datasets\Glas\precomputed\train_256_stride_128\masks\train_13_patch_0018.npy,266,0,256,256,522,775,522,775,37508,0.57232666015625
train_13_patch_0019,train_13.bmp,C:\Users\gadda\Documents\FeatureFusionMoNuSAC\SDENet-Fusion\Datasets\Glas\precomputed\train_256_stride_128\images\train_13_patch_0019.npy,C:\Users\gadda\Documents\FeatureFusionMoNuSAC\SDENet-Fusion\Datasets\Glas\precomputed\train_256_stride_128\masks\train_13_patch_0019.npy,266,128,256,256,522,775,522,775,27835,0.4247283935546875
train_13_patch_0020,train_13.bmp,C:\Users\gadda\Documents\FeatureFusionMoNuSAC\SDENet-Fusion\Datasets\Glas\precomputed\train_256_stride_128\images\train_13_patch_0020.npy,C:\Users\gadda\Documents\FeatureFusionMoNuSAC\SDENet-Fusion\Datasets\Glas\precomputed\train_256_stride_128\masks\train_13_patch_0020.npy,266,256,256,256,522,775,522,775,34973,0.5336456298828125
train_13_patch_0021,train_13.bmp,C:\Users\gadda\Documents\FeatureFusionMoNuSAC\SDENet-Fusion\Datasets\Glas\precomputed\train_256_stride_128\images\train_13_patch_0021.npy,C:\Users\gadda\Documents\FeatureFusionMoNuSAC\SDENet-Fusion\Datasets\Glas\precomputed\train_256_stride_128\masks\train_13_patch_0021.npy,266,384,256,256,522,775,522,775,46303,0.7065277099609375
train_13_patch_0022,train_13.bmp,C:\Users\gadda\Documents\FeatureFusionMoNuSAC\SDENet-Fusion\Datasets\Glas\precomputed\train_256_stride_128\images\train_13_patch_0022.npy,C:\Users\gadda\Documents\FeatureFusionMoNuSAC\SDENet-Fusion\Datasets\Glas\precomputed\train_256_stride_128\masks\train_13_patch_0022.npy,266,512,256,256,522,775,522,775,39810,0.607452392578125
train_13_patch_0023,train_13.bmp,C:\Users\gadda\Documents\FeatureFusionMoNuSAC\SDENet-Fusion\Datasets\Glas\precomputed\train_256_stride_128\images\train_13_patch_0023.npy,C:\Users\gadda\Documents\FeatureFusionMoNuSAC\SDENet-Fusion\Datasets\Glas\precomputed\train_256_stride_128\masks\train_13_patch_0023.npy,266,519,256,256,522,775,522,775,39712,0.60595703125
train_14_patch_0000,train_14.bmp,C:\Users\gadda\Documents\FeatureFusionMoNuSAC\SDENet-Fusion\Datasets\Glas\precomputed\train_256_stride_128\images\train_14_patch_0000.npy,C:\Users\gadda\Documents\FeatureFusionMoNuSAC\SDENet-Fusion\Datasets\Glas\precomputed\train_256_stride_128\masks\train_14_patch_0000.npy,0,0,256,256,522,775,522,775,0,0.0
train_14_patch_0001,train_14.bmp,C:\Users\gadda\Documents\FeatureFusionMoNuSAC\SDENet-Fusion\Datasets\Glas\precomputed\train_256_stride_128\images\train_14_patch_0001.npy,C:\Users\gadda\Documents\FeatureFusionMoNuSAC\SDENet-Fusion\Datasets\Glas\precomputed\train_256_stride_128\masks\train_14_patch_0001.npy,0,128,256,256,522,775,522,775,0,0.0
train_14_patch_0002,train_14.bmp,C:\Users\gadda\Documents\FeatureFusionMoNuSAC\SDENet-Fusion\Datasets\Glas\precomputed\train_256_stride_128\images\train_14_patch_0002.npy,C:\Users\gadda\Documents\FeatureFusionMoNuSAC\SDENet-Fusion\Datasets\Glas\precomputed\train_256_stride_128\masks\train_14_patch_0002.npy,0,256,256,256,522,775,522,775,0,0.0
train_14_patch_0003,train_14.bmp,C:\Users\gadda\Documents\FeatureFusionMoNuSAC\SDENet-Fusion\Datasets\Glas\precomputed\train_256_stride_128\images\train_14_patch_0003.npy,C:\Users\gadda\Documents\FeatureFusionMoNuSAC\SDENet-Fusion\Datasets\Glas\precomputed\train_256_stride_128\masks\train_14_patch_0003.npy,0,384,256,256,522,775,522,775,0,0.0
train_14_patch_0004,train_14.bmp,C:\Users\gadda\Documents\FeatureFusionMoNuSAC\SDENet-Fusion\Datasets\Glas\precomputed\train_256_stride_128\images\train_14_patch_0004.npy,C:\Users\gadda\Documents\FeatureFusionMoNuSAC\SDENet-Fusion\Datasets\Glas\precomputed\train_256_stride_128\masks\train_14_patch_0004.npy,0,512,256,256,522,775,522,775,0,0.0
train_14_patch_0005,train_14.bmp,C:\Users\gadda\Documents\FeatureFusionMoNuSAC\SDENet-Fusion\Datasets\Glas\precomputed\train_256_stride_128\images\train_14_patch_0005.npy,C:\Users\gadda\Documents\FeatureFusionMoNuSAC\SDENet-Fusion\Datasets\Glas\precomputed\train_256_stride_128\masks\train_14_patch_0005.npy,0,519,256,256,522,775,522,775,0,0.0
train_14_patch_0006,train_14.bmp,C:\Users\gadda\Documents\FeatureFusionMoNuSAC\SDENet-Fusion\Datasets\Glas\precomputed\train_256_stride_128\images\train_14_patch_0006.npy,C:\Users\gadda\Documents\FeatureFusionMoNuSAC\SDENet-Fusion\Datasets\Glas\precomputed\train_256_stride_128\masks\train_14_patch_0006.npy,128,0,256,256,522,775,522,775,0,0.0
train_14_patch_0007,train_14.bmp,C:\Users\gadda\Documents\FeatureFusionMoNuSAC\SDENet-Fusion\Datasets\Glas\precomputed\train_256_stride_128\images\train_14_patch_0007.npy,C:\Users\gadda\Documents\FeatureFusionMoNuSAC\SDENet-Fusion\Datasets\Glas\precomputed\train_256_stride_128\masks\train_14_patch_0007.npy,128,128,256,256,522,775,522,775,0,0.0
train_14_patch_0008,train_14.bmp,C:\Users\gadda\Documents\FeatureFusionMoNuSAC\SDENet-Fusion\Datasets\Glas\precomputed\train_256_stride_128\images\train_14_patch_0008.npy,C:\Users\gadda\Documents\FeatureFusionMoNuSAC\SDENet-Fusion\Datasets\Glas\precomputed\train_256_stride_128\masks\train_14_patch_0008.npy,128,256,256,256,522,775,522,775,0,0.0
train_14_patch_0009,train_14.bmp,C:\Users\gadda\Documents\FeatureFusionMoNuSAC\SDENet-Fusion\Datasets\Glas\precomputed\train_256_stride_128\images\train_14_patch_0009.npy,C:\Users\gadda\Documents\FeatureFusionMoNuSAC\SDENet-Fusion\Datasets\Glas\precomputed\train_256_stride_128\masks\train_14_patch_0009.npy,128,384,256,256,522,775,522,775,0,0.0
train_14_patch_0010,train_14.bmp,C:\Users\gadda\Documents\FeatureFusionMoNuSAC\SDENet-Fusion\Datasets\Glas\precomputed\train_256_stride_128\images\train_14_patch_0010.npy,C:\Users\gadda\Documents\FeatureFusionMoNuSAC\SDENet-Fusion\Datasets\Glas\precomputed\train_256_stride_128\masks\train_14_patch_0010.npy,128,512,256,256,522,775,522,775,0,0.0
train_14_patch_0011,train_14.bmp,C:\Users\gadda\Documents\FeatureFusionMoNuSAC\SDENet-Fusion\Datasets\Glas\precomputed\train_256_stride_128\images\train_14_patch_0011.npy,C:\Users\gadda\Documents\FeatureFusionMoNuSAC\SDENet-Fusion\Datasets\Glas\precomputed\train_256_stride_128\masks\train_14_patch_0011.npy,128,519,256,256,522,775,522,775,0,0.0
train_14_patch_0012,train_14.bmp,C:\Users\gadda\Documents\FeatureFusionMoNuSAC\SDENet-Fusion\Datasets\Glas\precomputed\train_256_stride_128\images\train_14_patch_0012.npy,C:\Users\gadda\Documents\FeatureFusionMoNuSAC\SDENet-Fusion\Datasets\Glas\precomputed\train_256_stride_128\masks\train_14_patch_0012.npy,256,0,256,256,522,775,522,775,21866,0.333648681640625
train_14_patch_0013,train_14.bmp,C:\Users\gadda\Documents\FeatureFusionMoNuSAC\SDENet-Fusion\Datasets\Glas\precomputed\train_256_stride_128\images\train_14_patch_0013.npy,C:\Users\gadda\Documents\FeatureFusionMoNuSAC\SDENet-Fusion\Datasets\Glas\precomputed\train_256_stride_128\masks\train_14_patch_0013.npy,256,128,256,256,522,775,522,775,18003,0.2747039794921875
train_14_patch_0014,train_14.bmp,C:\Users\gadda\Documents\FeatureFusionMoNuSAC\SDENet-Fusion\Datasets\Glas\precomputed\train_256_stride_128\images\train_14_patch_0014.npy,C:\Users\gadda\Documents\FeatureFusionMoNuSAC\SDENet-Fusion\Datasets\Glas\precomputed\train_256_stride_128\masks\train_14_patch_0014.npy,256,256,256,256,522,775,522,775,15562,0.237457275390625
train_14_patch_0015,train_14.bmp,C:\Users\gadda\Documents\FeatureFusionMoNuSAC\SDENet-Fusion\Datasets\Glas\precomputed\train_256_stride_128\images\train_14_patch_0015.npy,C:\Users\gadda\Documents\FeatureFusionMoNuSAC\SDENet-Fusion\Datasets\Glas\precomputed\train_256_stride_128\masks\train_14_patch_0015.npy,256,384,256,256,522,775,522,775,7566,0.115447998046875
train_14_patch_0016,train_14.bmp,C:\Users\gadda\Documents\FeatureFusionMoNuSAC\SDENet-Fusion\Datasets\Glas\precomputed\train_256_stride_128\images\train_14_patch_0016.npy,C:\Users\gadda\Documents\FeatureFusionMoNuSAC\SDENet-Fusion\Datasets\Glas\precomputed\train_256_stride_128\masks\train_14_patch_0016.npy,256,512,256,256,522,775,522,775,758,0.011566162109375
train_14_patch_0017,train_14.bmp,C:\Users\gadda\Documents\FeatureFusionMoNuSAC\SDENet-Fusion\Datasets\Glas\precomputed\train_256_stride_128\images\train_14_patch_0017.npy,C:\Users\gadda\Documents\FeatureFusionMoNuSAC\SDENet-Fusion\Datasets\Glas\precomputed\train_256_stride_128\masks\train_14_patch_0017.npy,256,519,256,256,522,775,522,775,564,0.00860595703125
train_14_patch_0018,train_14.bmp,C:\Users\gadda\Documents\FeatureFusionMoNuSAC\SDENet-Fusion\Datasets\Glas\precomputed\train_256_stride_128\images\train_14_patch_0018.npy,C:\Users\gadda\Documents\FeatureFusionMoNuSAC\SDENet-Fusion\Datasets\Glas\precomputed\train_256_stride_128\masks\train_14_patch_0018.npy,266,0,256,256,522,775,522,775,24426,0.372711181640625
train_14_patch_0019,train_14.bmp,C:\Users\gadda\Documents\FeatureFusionMoNuSAC\SDENet-Fusion\Datasets\Glas\precomputed\train_256_stride_128\images\train_14_patch_0019.npy,C:\Users\gadda\Documents\FeatureFusionMoNuSAC\SDENet-Fusion\Datasets\Glas\precomputed\train_256_stride_128\masks\train_14_patch_0019.npy,266,128,256,256,522,775,522,775,20563,0.3137664794921875
train_14_patch_0020,train_14.bmp,C:\Users\gadda\Documents\FeatureFusionMoNuSAC\SDENet-Fusion\Datasets\Glas\precomputed\train_256_stride_128\images\train_14_patch_0020.npy,C:\Users\gadda\Documents\FeatureFusionMoNuSAC\SDENet-Fusion\Datasets\Glas\precomputed\train_256_stride_128\masks\train_14_patch_0020.npy,266,256,256,256,522,775,522,775,18122,0.276519775390625
train_14_patch_0021,train_14.bmp,C:\Users\gadda\Documents\FeatureFusionMoNuSAC\SDENet-Fusion\Datasets\Glas\precomputed\train_256_stride_128\images\train_14_patch_0021.npy,C:\Users\gadda\Documents\FeatureFusionMoNuSAC\SDENet-Fusion\Datasets\Glas\precomputed\train_256_stride_128\masks\train_14_patch_0021.npy,266,384,256,256,522,775,522,775,9335,0.1424407958984375
train_14_patch_0022,train_14.bmp,C:\Users\gadda\Documents\FeatureFusionMoNuSAC\SDENet-Fusion\Datasets\Glas\precomputed\train_256_stride_128\images\train_14_patch_0022.npy,C:\Users\gadda\Documents\FeatureFusionMoNuSAC\SDENet-Fusion\Datasets\Glas\precomputed\train_256_stride_128\masks\train_14_patch_0022.npy,266,512,256,256,522,775,522,775,1247,0.0190277099609375
train_14_patch_0023,train_14.bmp,C:\Users\gadda\Documents\FeatureFusionMoNuSAC\SDENet-Fusion\Datasets\Glas\precomputed\train_256_stride_128\images\train_14_patch_0023.npy,C:\Users\gadda\Documents\FeatureFusionMoNuSAC\SDENet-Fusion\Datasets\Glas\precomputed\train_256_stride_128\masks\train_14_patch_0023.npy,266,519,256,256,522,775,522,775,983,0.0149993896484375
train_15_patch_0000,train_15.bmp,C:\Users\gadda\Documents\FeatureFusionMoNuSAC\SDENet-Fusion\Datasets\Glas\precomputed\train_256_stride_128\images\train_15_patch_0000.npy,C:\Users\gadda\Documents\FeatureFusionMoNuSAC\SDENet-Fusion\Datasets\Glas\precomputed\train_256_stride_128\masks\train_15_patch_0000.npy,0,0,256,256,522,775,522,775,1614,0.024627685546875
train_15_patch_0001,train_15.bmp,C:\Users\gadda\Documents\FeatureFusionMoNuSAC\SDENet-Fusion\Datasets\Glas\precomputed\train_256_stride_128\images\train_15_patch_0001.npy,C:\Users\gadda\Documents\FeatureFusionMoNuSAC\SDENet-Fusion\Datasets\Glas\precomputed\train_256_stride_128\masks\train_15_patch_0001.npy,0,128,256,256,522,775,522,775,16739,0.2554168701171875
train_15_patch_0002,train_15.bmp,C:\Users\gadda\Documents\FeatureFusionMoNuSAC\SDENet-Fusion\Datasets\Glas\precomputed\train_256_stride_128\images\train_15_patch_0002.npy,C:\Users\gadda\Documents\FeatureFusionMoNuSAC\SDENet-Fusion\Datasets\Glas\precomputed\train_256_stride_128\masks\train_15_patch_0002.npy,0,256,256,256,522,775,522,775,41960,0.6402587890625
train_15_patch_0003,train_15.bmp,C:\Users\gadda\Documents\FeatureFusionMoNuSAC\SDENet-Fusion\Datasets\Glas\precomputed\train_256_stride_128\images\train_15_patch_0003.npy,C:\Users\gadda\Documents\FeatureFusionMoNuSAC\SDENet-Fusion\Datasets\Glas\precomputed\train_256_stride_128\masks\train_15_patch_0003.npy,0,384,256,256,522,775,522,775,57117,0.8715362548828125
train_15_patch_0004,train_15.bmp,C:\Users\gadda\Documents\FeatureFusionMoNuSAC\SDENet-Fusion\Datasets\Glas\precomputed\train_256_stride_128\images\train_15_patch_0004.npy,C:\Users\gadda\Documents\FeatureFusionMoNuSAC\SDENet-Fusion\Datasets\Glas\precomputed\train_256_stride_128\masks\train_15_patch_0004.npy,0,512,256,256,522,775,522,775,56807,0.8668060302734375
train_15_patch_0005,train_15.bmp,C:\Users\gadda\Documents\FeatureFusionMoNuSAC\SDENet-Fusion\Datasets\Glas\precomputed\train_256_stride_128\images\train_15_patch_0005.npy,C:\Users\gadda\Documents\FeatureFusionMoNuSAC\SDENet-Fusion\Datasets\Glas\precomputed\train_256_stride_128\masks\train_15_patch_0005.npy,0,519,256,256,522,775,522,775,56607,0.8637542724609375
train_15_patch_0006,train_15.bmp,C:\Users\gadda\Documents\FeatureFusionMoNuSAC\SDENet-Fusion\Datasets\Glas\precomputed\train_256_stride_128\images\train_15_patch_0006.npy,C:\Users\gadda\Documents\FeatureFusionMoNuSAC\SDENet-Fusion\Datasets\Glas\precomputed\train_256_stride_128\masks\train_15_patch_0006.npy,128,0,256,256,522,775,522,775,12008,0.1832275390625
train_15_patch_0007,train_15.bmp,C:\Users\gadda\Documents\FeatureFusionMoNuSAC\SDENet-Fusion\Datasets\Glas\precomputed\train_256_stride_128\images\train_15_patch_0007.npy,C:\Users\gadda\Documents\FeatureFusionMoNuSAC\SDENet-Fusion\Datasets\Glas\precomputed\train_256_stride_128\masks\train_15_patch_0007.npy,128,128,256,256,522,775,522,775,15361,0.2343902587890625
train_15_patch_0008,train_15.bmp,C:\Users\gadda\Documents\FeatureFusionMoNuSAC\SDENet-Fusion\Datasets\Glas\precomputed\train_256_stride_128\images\train_15_patch_0008.npy,C:\Users\gadda\Documents\FeatureFusionMoNuSAC\SDENet-Fusion\Datasets\Glas\precomputed\train_256_stride_128\masks\train_15_patch_0008.npy,128,256,256,256,522,775,522,775,15234,0.232452392578125
train_15_patch_0009,train_15.bmp,C:\Users\gadda\Documents\FeatureFusionMoNuSAC\SDENet-Fusion\Datasets\Glas\precomputed\train_256_stride_128\images\train_15_patch_0009.npy,C:\Users\gadda\Documents\FeatureFusionMoNuSAC\SDENet-Fusion\Datasets\Glas\precomputed\train_256_stride_128\masks\train_15_patch_0009.npy,128,384,256,256,522,775,522,775,35582,0.542938232421875
train_15_patch_0010,train_15.bmp,C:\Users\gadda\Documents\FeatureFusionMoNuSAC\SDENet-Fusion\Datasets\Glas\precomputed\train_256_stride_128\images\train_15_patch_0010.npy,C:\Users\gadda\Documents\FeatureFusionMoNuSAC\SDENet-Fusion\Datasets\Glas\precomputed\train_256_stride_128\masks\train_15_patch_0010.npy,128,512,256,256,522,775,522,775,55780,0.85113525390625
train_15_patch_0011,train_15.bmp,C:\Users\gadda\Documents\FeatureFusionMoNuSAC\SDENet-Fusion\Datasets\Glas\precomputed\train_256_stride_128\images\train_15_patch_0011.npy,C:\Users\gadda\Documents\FeatureFusionMoNuSAC\SDENet-Fusion\Datasets\Glas\precomputed\train_256_stride_128\masks\train_15_patch_0011.npy,128,519,256,256,522,775,522,775,56412,0.86077880859375
train_15_patch_0012,train_15.bmp,C:\Users\gadda\Documents\FeatureFusionMoNuSAC\SDENet-Fusion\Datasets\Glas\precomputed\train_256_stride_128\images\train_15_patch_0012.npy,C:\Users\gadda\Documents\FeatureFusionMoNuSAC\SDENet-Fusion\Datasets\Glas\precomputed\train_256_stride_128\masks\train_15_patch_0012.npy,256,0,256,256,522,775,522,775,10513,0.1604156494140625
train_15_patch_0013,train_15.bmp,C:\Users\gadda\Documents\FeatureFusionMoNuSAC\SDENet-Fusion\Datasets\Glas\precomputed\train_256_stride_128\images\train_15_patch_0013.npy,C:\Users\gadda\Documents\FeatureFusionMoNuSAC\SDENet-Fusion\Datasets\Glas\precomputed\train_256_stride_128\masks\train_15_patch_0013.npy,256,128,256,256,522,775,522,775,20603,0.3143768310546875
train_15_patch_0014,train_15.bmp,C:\Users\gadda\Documents\FeatureFusionMoNuSAC\SDENet-Fusion\Datasets\Glas\precomputed\train_256_stride_128\images\train_15_patch_0014.npy,C:\Users\gadda\Documents\FeatureFusionMoNuSAC\SDENet-Fusion\Datasets\Glas\precomputed\train_256_stride_128\masks\train_15_patch_0014.npy,256,256,256,256,522,775,522,775,17169,0.2619781494140625
train_15_patch_0015,train_15.bmp,C:\Users\gadda\Documents\FeatureFusionMoNuSAC\SDENet-Fusion\Datasets\Glas\precomputed\train_256_stride_128\images\train_15_patch_0015.npy,C:\Users\gadda\Documents\FeatureFusionMoNuSAC\SDENet-Fusion\Datasets\Glas\precomputed\train_256_stride_128\masks\train_15_patch_0015.npy,256,384,256,256,522,775,522,775,16562,0.252716064453125
train_15_patch_0016,train_15.bmp,C:\Users\gadda\Documents\FeatureFusionMoNuSAC\SDENet-Fusion\Datasets\Glas\precomputed\train_256_stride_128\images\train_15_patch_0016.npy,C:\Users\gadda\Documents\FeatureFusionMoNuSAC\SDENet-Fusion\Datasets\Glas\precomputed\train_256_stride_128\masks\train_15_patch_0016.npy,256,512,256,256,522,775,522,775,28406,0.433441162109375
train_15_patch_0017,train_15.bmp,C:\Users\gadda\Documents\FeatureFusionMoNuSAC\SDENet-Fusion\Datasets\Glas\precomputed\train_256_stride_128\images\train_15_patch_0017.npy,C:\Users\gadda\Documents\FeatureFusionMoNuSAC\SDENet-Fusion\Datasets\Glas\precomputed\train_256_stride_128\masks\train_15_patch_0017.npy,256,519,256,256,522,775,522,775,29341,0.4477081298828125
train_15_patch_0018,train_15.bmp,C:\Users\gadda\Documents\FeatureFusionMoNuSAC\SDENet-Fusion\Datasets\Glas\precomputed\train_256_stride_128\images\train_15_patch_0018.npy,C:\Users\gadda\Documents\FeatureFusionMoNuSAC\SDENet-Fusion\Datasets\Glas\precomputed\train_256_stride_128\masks\train_15_patch_0018.npy,266,0,256,256,522,775,522,775,9920,0.1513671875
train_15_patch_0019,train_15.bmp,C:\Users\gadda\Documents\FeatureFusionMoNuSAC\SDENet-Fusion\Datasets\Glas\precomputed\train_256_stride_128\images\train_15_patch_0019.npy,C:\Users\gadda\Documents\FeatureFusionMoNuSAC\SDENet-Fusion\Datasets\Glas\precomputed\train_256_stride_128\masks\train_15_patch_0019.npy,266,128,256,256,522,775,522,775,20193,0.3081207275390625
train_15_patch_0020,train_15.bmp,C:\Users\gadda\Documents\FeatureFusionMoNuSAC\SDENet-Fusion\Datasets\Glas\precomputed\train_256_stride_128\images\train_15_patch_0020.npy,C:\Users\gadda\Documents\FeatureFusionMoNuSAC\SDENet-Fusion\Datasets\Glas\precomputed\train_256_stride_128\masks\train_15_patch_0020.npy,266,256,256,256,522,775,522,775,18559,0.2831878662109375
train_15_patch_0021,train_15.bmp,C:\Users\gadda\Documents\FeatureFusionMoNuSAC\SDENet-Fusion\Datasets\Glas\precomputed\train_256_stride_128\images\train_15_patch_0021.npy,C:\Users\gadda\Documents\FeatureFusionMoNuSAC\SDENet-Fusion\Datasets\Glas\precomputed\train_256_stride_128\masks\train_15_patch_0021.npy,266,384,256,256,522,775,522,775,17752,0.2708740234375
train_15_patch_0022,train_15.bmp,C:\Users\gadda\Documents\FeatureFusionMoNuSAC\SDENet-Fusion\Datasets\Glas\precomputed\train_256_stride_128\images\train_15_patch_0022.npy,C:\Users\gadda\Documents\FeatureFusionMoNuSAC\SDENet-Fusion\Datasets\Glas\precomputed\train_256_stride_128\masks\train_15_patch_0022.npy,266,512,256,256,522,775,522,775,27067,0.4130096435546875
train_15_patch_0023,train_15.bmp,C:\Users\gadda\Documents\FeatureFusionMoNuSAC\SDENet-Fusion\Datasets\Glas\precomputed\train_256_stride_128\images\train_15_patch_0023.npy,C:\Users\gadda\Documents\FeatureFusionMoNuSAC\SDENet-Fusion\Datasets\Glas\precomputed\train_256_stride_128\masks\train_15_patch_0023.npy,266,519,256,256,522,775,522,775,27951,0.4264984130859375
train_16_patch_0000,train_16.bmp,C:\Users\gadda\Documents\FeatureFusionMoNuSAC\SDENet-Fusion\Datasets\Glas\precomputed\train_256_stride_128\images\train_16_patch_0000.npy,C:\Users\gadda\Documents\FeatureFusionMoNuSAC\SDENet-Fusion\Datasets\Glas\precomputed\train_256_stride_128\masks\train_16_patch_0000.npy,0,0,256,256,522,775,522,775,63459,0.9683074951171875
train_16_patch_0001,train_16.bmp,C:\Users\gadda\Documents\FeatureFusionMoNuSAC\SDENet-Fusion\Datasets\Glas\precomputed\train_256_stride_128\images\train_16_patch_0001.npy,C:\Users\gadda\Documents\FeatureFusionMoNuSAC\SDENet-Fusion\Datasets\Glas\precomputed\train_256_stride_128\masks\train_16_patch_0001.npy,0,128,256,256,522,775,522,775,57425,0.8762359619140625
train_16_patch_0002,train_16.bmp,C:\Users\gadda\Documents\FeatureFusionMoNuSAC\SDENet-Fusion\Datasets\Glas\precomputed\train_256_stride_128\images\train_16_patch_0002.npy,C:\Users\gadda\Documents\FeatureFusionMoNuSAC\SDENet-Fusion\Datasets\Glas\precomputed\train_256_stride_128\masks\train_16_patch_0002.npy,0,256,256,256,522,775,522,775,39916,0.60906982421875
train_16_patch_0003,train_16.bmp,C:\Users\gadda\Documents\FeatureFusionMoNuSAC\SDENet-Fusion\Datasets\Glas\precomputed\train_256_stride_128\images\train_16_patch_0003.npy,C:\Users\gadda\Documents\FeatureFusionMoNuSAC\SDENet-Fusion\Datasets\Glas\precomputed\train_256_stride_128\masks\train_16_patch_0003.npy,0,384,256,256,522,775,522,775,38677,0.5901641845703125
train_16_patch_0004,train_16.bmp,C:\Users\gadda\Documents\FeatureFusionMoNuSAC\SDENet-Fusion\Datasets\Glas\precomputed\train_256_stride_128\images\train_16_patch_0004.npy,C:\Users\gadda\Documents\FeatureFusionMoNuSAC\SDENet-Fusion\Datasets\Glas\precomputed\train_256_stride_128\masks\train_16_patch_0004.npy,0,512,256,256,522,775,522,775,44302,0.675994873046875
train_16_patch_0005,train_16.bmp,C:\Users\gadda\Documents\FeatureFusionMoNuSAC\SDENet-Fusion\Datasets\Glas\precomputed\train_256_stride_128\images\train_16_patch_0005.npy,C:\Users\gadda\Documents\FeatureFusionMoNuSAC\SDENet-Fusion\Datasets\Glas\precomputed\train_256_stride_128\masks\train_16_patch_0005.npy,0,519,256,256,522,775,522,775,43587,0.6650848388671875
train_16_patch_0006,train_16.bmp,C:\Users\gadda\Documents\FeatureFusionMoNuSAC\SDENet-Fusion\Datasets\Glas\precomputed\train_256_stride_128\images\train_16_patch_0006.npy,C:\Users\gadda\Documents\FeatureFusionMoNuSAC\SDENet-Fusion\Datasets\Glas\precomputed\train_256_stride_128\masks\train_16_patch_0006.npy,128,0,256,256,522,775,522,775,63797,0.9734649658203125
train_16_patch_0007,train_16.bmp,C:\Users\gadda\Documents\FeatureFusionMoNuSAC\SDENet-Fusion\Datasets\Glas\precomputed\train_256_stride_128\images\train_16_patch_0007.npy,C:\Users\gadda\Documents\FeatureFusionMoNuSAC\SDENet-Fusion\Datasets\Glas\precomputed\train_256_stride_128\masks\train_16_patch_0007.npy,128,128,256,256,522,775,522,775,57900,0.88348388671875
train_16_patch_0008,train_16.bmp,C:\Users\gadda\Documents\FeatureFusionMoNuSAC\SDENet-Fusion\Datasets\Glas\precomputed\train_256_stride_128\images\train_16_patch_0008.npy,C:\Users\gadda\Documents\FeatureFusionMoNuSAC\SDENet-Fusion\Datasets\Glas\precomputed\train_256_stride_128\masks\train_16_patch_0008.npy,128,256,256,256,522,775,522,775,52316,0.79827880859375
train_16_patch_0009,train_16.bmp,C:\Users\gadda\Documents\FeatureFusionMoNuSAC\SDENet-Fusion\Datasets\Glas\precomputed\train_256_stride_128\images\train_16_patch_0009.npy,C:\Users\gadda\Documents\FeatureFusionMoNuSAC\SDENet-Fusion\Datasets\Glas\precomputed\train_256_stride_128\masks\train_16_patch_0009.npy,128,384,256,256,522,775,522,775,42137,0.6429595947265625
train_16_patch_0010,train_16.bmp,C:\Users\gadda\Documents\FeatureFusionMoNuSAC\SDENet-Fusion\Datasets\Glas\precomputed\train_256_stride_128\images\train_16_patch_0010.npy,C:\Users\gadda\Documents\FeatureFusionMoNuSAC\SDENet-Fusion\Datasets\Glas\precomputed\train_256_stride_128\masks\train_16_patch_0010.npy,128,512,256,256,522,775,522,775,33375,0.5092620849609375
train_16_patch_0011,train_16.bmp,C:\Users\gadda\Documents\FeatureFusionMoNuSAC\SDENet-Fusion\Datasets\Glas\precomputed\train_256_stride_128\images\train_16_patch_0011.npy,C:\Users\gadda\Documents\FeatureFusionMoNuSAC\SDENet-Fusion\Datasets\Glas\precomputed\train_256_stride_128\masks\train_16_patch_0011.npy,128,519,256,256,522,775,522,775,33371,0.5092010498046875
train_16_patch_0012,train_16.bmp,C:\Users\gadda\Documents\FeatureFusionMoNuSAC\SDENet-Fusion\Datasets\Glas\precomputed\train_256_stride_128\images\train_16_patch_0012.npy,C:\Users\gadda\Documents\FeatureFusionMoNuSAC\SDENet-Fusion\Datasets\Glas\precomputed\train_256_stride_128\masks\train_16_patch_0012.npy,256,0,256,256,522,775,522,775,65045,0.9925079345703125
train_16_patch_0013,train_16.bmp,C:\Users\gadda\Documents\FeatureFusionMoNuSAC\SDENet-Fusion\Datasets\Glas\precomputed\train_256_stride_128\images\train_16_patch_0013.npy,C:\Users\gadda\Documents\FeatureFusionMoNuSAC\SDENet-Fusion\Datasets\Glas\precomputed\train_256_stride_128\masks\train_16_patch_0013.npy,256,128,256,256,522,775,522,775,65072,0.992919921875
train_16_patch_0014,train_16.bmp,C:\Users\gadda\Documents\FeatureFusionMoNuSAC\SDENet-Fusion\Datasets\Glas\precomputed\train_256_stride_128\images\train_16_patch_0014.npy,C:\Users\gadda\Documents\FeatureFusionMoNuSAC\SDENet-Fusion\Datasets\Glas\precomputed\train_256_stride_128\masks\train_16_patch_0014.npy,256,256,256,256,522,775,522,775,58317,0.8898468017578125
train_16_patch_0015,train_16.bmp,C:\Users\gadda\Documents\FeatureFusionMoNuSAC\SDENet-Fusion\Datasets\Glas\precomputed\train_256_stride_128\images\train_16_patch_0015.npy,C:\Users\gadda\Documents\FeatureFusionMoNuSAC\SDENet-Fusion\Datasets\Glas\precomputed\train_256_stride_128\masks\train_16_patch_0015.npy,256,384,256,256,522,775,522,775,43594,0.665191650390625
train_16_patch_0016,train_16.bmp,C:\Users\gadda\Documents\FeatureFusionMoNuSAC\SDENet-Fusion\Datasets\Glas\precomputed\train_256_stride_128\images\train_16_patch_0016.npy,C:\Users\gadda\Documents\FeatureFusionMoNuSAC\SDENet-Fusion\Datasets\Glas\precomputed\train_256_stride_128\masks\train_16_patch_0016.npy,256,512,256,256,522,775,522,775,44780,0.68328857421875
train_16_patch_0017,train_16.bmp,C:\Users\gadda\Documents\FeatureFusionMoNuSAC\SDENet-Fusion\Datasets\Glas\precomputed\train_256_stride_128\images\train_16_patch_0017.npy,C:\Users\gadda\Documents\FeatureFusionMoNuSAC\SDENet-Fusion\Datasets\Glas\precomputed\train_256_stride_128\masks\train_16_patch_0017.npy,256,519,256,256,522,775,522,775,45293,0.6911163330078125
train_16_patch_0018,train_16.bmp,C:\Users\gadda\Documents\FeatureFusionMoNuSAC\SDENet-Fusion\Datasets\Glas\precomputed\train_256_stride_128\images\train_16_patch_0018.npy,C:\Users\gadda\Documents\FeatureFusionMoNuSAC\SDENet-Fusion\Datasets\Glas\precomputed\train_256_stride_128\masks\train_16_patch_0018.npy,266,0,256,256,522,775,522,775,65187,0.9946746826171875
train_16_patch_0019,train_16.bmp,C:\Users\gadda\Documents\FeatureFusionMoNuSAC\SDENet-Fusion\Datasets\Glas\precomputed\train_256_stride_128\images\train_16_patch_0019.npy,C:\Users\gadda\Documents\FeatureFusionMoNuSAC\SDENet-Fusion\Datasets\Glas\precomputed\train_256_stride_128\masks\train_16_patch_0019.npy,266,128,256,256,522,775,522,775,65214,0.995086669921875
train_16_patch_0020,train_16.bmp,C:\Users\gadda\Documents\FeatureFusionMoNuSAC\SDENet-Fusion\Datasets\Glas\precomputed\train_256_stride_128\images\train_16_patch_0020.npy,C:\Users\gadda\Documents\FeatureFusionMoNuSAC\SDENet-Fusion\Datasets\Glas\precomputed\train_256_stride_128\masks\train_16_patch_0020.npy,266,256,256,256,522,775,522,775,57831,0.8824310302734375
train_16_patch_0021,train_16.bmp,C:\Users\gadda\Documents\FeatureFusionMoNuSAC\SDENet-Fusion\Datasets\Glas\precomputed\train_256_stride_128\images\train_16_patch_0021.npy,C:\Users\gadda\Documents\FeatureFusionMoNuSAC\SDENet-Fusion\Datasets\Glas\precomputed\train_256_stride_128\masks\train_16_patch_0021.npy,266,384,256,256,522,775,522,775,43804,0.66839599609375
train_16_patch_0022,train_16.bmp,C:\Users\gadda\Documents\FeatureFusionMoNuSAC\SDENet-Fusion\Datasets\Glas\precomputed\train_256_stride_128\images\train_16_patch_0022.npy,C:\Users\gadda\Documents\FeatureFusionMoNuSAC\SDENet-Fusion\Datasets\Glas\precomputed\train_256_stride_128\masks\train_16_patch_0022.npy,266,512,256,256,522,775,522,775,46139,0.7040252685546875
train_16_patch_0023,train_16.bmp,C:\Users\gadda\Documents\FeatureFusionMoNuSAC\SDENet-Fusion\Datasets\Glas\precomputed\train_256_stride_128\images\train_16_patch_0023.npy,C:\Users\gadda\Documents\FeatureFusionMoNuSAC\SDENet-Fusion\Datasets\Glas\precomputed\train_256_stride_128\masks\train_16_patch_0023.npy,266,519,256,256,522,775,522,775,46652,0.71185302734375
train_17_patch_0000,train_17.bmp,C:\Users\gadda\Documents\FeatureFusionMoNuSAC\SDENet-Fusion\Datasets\Glas\precomputed\train_256_stride_128\images\train_17_patch_0000.npy,C:\Users\gadda\Documents\FeatureFusionMoNuSAC\SDENet-Fusion\Datasets\Glas\precomputed\train_256_stride_128\masks\train_17_patch_0000.npy,0,0,256,256,522,775,522,775,19269,0.2940216064453125
train_17_patch_0001,train_17.bmp,C:\Users\gadda\Documents\FeatureFusionMoNuSAC\SDENet-Fusion\Datasets\Glas\precomputed\train_256_stride_128\images\train_17_patch_0001.npy,C:\Users\gadda\Documents\FeatureFusionMoNuSAC\SDENet-Fusion\Datasets\Glas\precomputed\train_256_stride_128\masks\train_17_patch_0001.npy,0,128,256,256,522,775,522,775,1452,0.02215576171875
train_17_patch_0002,train_17.bmp,C:\Users\gadda\Documents\FeatureFusionMoNuSAC\SDENet-Fusion\Datasets\Glas\precomputed\train_256_stride_128\images\train_17_patch_0002.npy,C:\Users\gadda\Documents\FeatureFusionMoNuSAC\SDENet-Fusion\Datasets\Glas\precomputed\train_256_stride_128\masks\train_17_patch_0002.npy,0,256,256,256,522,775,522,775,6112,0.09326171875
train_17_patch_0003,train_17.bmp,C:\Users\gadda\Documents\FeatureFusionMoNuSAC\SDENet-Fusion\Datasets\Glas\precomputed\train_256_stride_128\images\train_17_patch_0003.npy,C:\Users\gadda\Documents\FeatureFusionMoNuSAC\SDENet-Fusion\Datasets\Glas\precomputed\train_256_stride_128\masks\train_17_patch_0003.npy,0,384,256,256,522,775,522,775,9195,0.1403045654296875
train_17_patch_0004,train_17.bmp,C:\Users\gadda\Documents\FeatureFusionMoNuSAC\SDENet-Fusion\Datasets\Glas\precomputed\train_256_stride_128\images\train_17_patch_0004.npy,C:\Users\gadda\Documents\FeatureFusionMoNuSAC\SDENet-Fusion\Datasets\Glas\precomputed\train_256_stride_128\masks\train_17_patch_0004.npy,0,512,256,256,522,775,522,775,13508,0.20611572265625
train_17_patch_0005,train_17.bmp,C:\Users\gadda\Documents\FeatureFusionMoNuSAC\SDENet-Fusion\Datasets\Glas\precomputed\train_256_stride_128\images\train_17_patch_0005.npy,C:\Users\gadda\Documents\FeatureFusionMoNuSAC\SDENet-Fusion\Datasets\Glas\precomputed\train_256_stride_128\masks\train_17_patch_0005.npy,0,519,256,256,522,775,522,775,14096,0.215087890625
train_17_patch_0006,train_17.bmp,C:\Users\gadda\Documents\FeatureFusionMoNuSAC\SDENet-Fusion\Datasets\Glas\precomputed\train_256_stride_128\images\train_17_patch_0006.npy,C:\Users\gadda\Documents\FeatureFusionMoNuSAC\SDENet-Fusion\Datasets\Glas\precomputed\train_256_stride_128\masks\train_17_patch_0006.npy,128,0,256,256,522,775,522,775,38155,0.5821990966796875
train_17_patch_0007,train_17.bmp,C:\Users\gadda\Documents\FeatureFusionMoNuSAC\SDENet-Fusion\Datasets\Glas\precomputed\train_256_stride_128\images\train_17_patch_0007.npy,C:\Users\gadda\Documents\FeatureFusionMoNuSAC\SDENet-Fusion\Datasets\Glas\precomputed\train_256_stride_128\masks\train_17_patch_0007.npy,128,128,256,256,522,775,522,775,21667,0.3306121826171875
train_17_patch_0008,train_17.bmp,C:\Users\gadda\Documents\FeatureFusionMoNuSAC\SDENet-Fusion\Datasets\Glas\precomputed\train_256_stride_128\images\train_17_patch_0008.npy,C:\Users\gadda\Documents\FeatureFusionMoNuSAC\SDENet-Fusion\Datasets\Glas\precomputed\train_256_stride_128\masks\train_17_patch_0008.npy,128,256,256,256,522,775,522,775,29065,0.4434967041015625
train_17_patch_0009,train_17.bmp,C:\Users\gadda\Documents\FeatureFusionMoNuSAC\SDENet-Fusion\Datasets\Glas\precomputed\train_256_stride_128\images\train_17_patch_0009.npy,C:\Users\gadda\Documents\FeatureFusionMoNuSAC\SDENet-Fusion\Datasets\Glas\precomputed\train_256_stride_128\masks\train_17_patch_0009.npy,128,384,256,256,522,775,522,775,34672,0.529052734375
train_17_patch_0010,train_17.bmp,C:\Users\gadda\Documents\FeatureFusionMoNuSAC\SDENet-Fusion\Datasets\Glas\precomputed\train_256_stride_128\images\train_17_patch_0010.npy,C:\Users\gadda\Documents\FeatureFusionMoNuSAC\SDENet-Fusion\Datasets\Glas\precomputed\train_256_stride_128\masks\train_17_patch_0010.npy,128,512,256,256,522,775,522,775,29461,0.4495391845703125
train_17_patch_0011,train_17.bmp,C:\Users\gadda\Documents\FeatureFusionMoNuSAC\SDENet-Fusion\Datasets\Glas\precomputed\train_256_stride_128\images\train_17_patch_0011.npy,C:\Users\gadda\Documents\FeatureFusionMoNuSAC\SDENet-Fusion\Datasets\Glas\precomputed\train_256_stride_128\masks\train_17_patch_0011.npy,128,519,256,256,522,775,522,775,29149,0.4447784423828125
train_17_patch_0012,train_17.bmp,C:\Users\gadda\Documents\FeatureFusionMoNuSAC\SDENet-Fusion\Datasets\Glas\precomputed\train_256_stride_128\images\train_17_patch_0012.npy,C:\Users\gadda\Documents\FeatureFusionMoNuSAC\SDENet-Fusion\Datasets\Glas\precomputed\train_256_stride_128\masks\train_17_patch_0012.npy,256,0,256,256,522,775,522,775,51334,0.783294677734375
train_17_patch_0013,train_17.bmp,C:\Users\gadda\Documents\FeatureFusionMoNuSAC\SDENet-Fusion\Datasets\Glas\precomputed\train_256_stride_128\images\train_17_patch_0013.npy,C:\Users\gadda\Documents\FeatureFusionMoNuSAC\SDENet-Fusion\Datasets\Glas\precomputed\train_256_stride_128\masks\train_17_patch_0013.npy,256,128,256,256,522,775,522,775,47553,0.7256011962890625
train_17_patch_0014,train_17.bmp,C:\Users\gadda\Documents\FeatureFusionMoNuSAC\SDENet-Fusion\Datasets\Glas\precomputed\train_256_stride_128\images\train_17_patch_0014.npy,C:\Users\gadda\Documents\FeatureFusionMoNuSAC\SDENet-Fusion\Datasets\Glas\precomputed\train_256_stride_128\masks\train_17_patch_0014.npy,256,256,256,256,522,775,522,775,50460,0.76995849609375
train_17_patch_0015,train_17.bmp,C:\Users\gadda\Documents\FeatureFusionMoNuSAC\SDENet-Fusion\Datasets\Glas\precomputed\train_256_stride_128\images\train_17_patch_0015.npy,C:\Users\gadda\Documents\FeatureFusionMoNuSAC\SDENet-Fusion\Datasets\Glas\precomputed\train_256_stride_128\masks\train_17_patch_0015.npy,256,384,256,256,522,775,522,775,53589,0.8177032470703125
train_17_patch_0016,train_17.bmp,C:\Users\gadda\Documents\FeatureFusionMoNuSAC\SDENet-Fusion\Datasets\Glas\precomputed\train_256_stride_128\images\train_17_patch_0016.npy,C:\Users\gadda\Documents\FeatureFusionMoNuSAC\SDENet-Fusion\Datasets\Glas\precomputed\train_256_stride_128\masks\train_17_patch_0016.npy,256,512,256,256,522,775,522,775,45624,0.6961669921875
train_17_patch_0017,train_17.bmp,C:\Users\gadda\Documents\FeatureFusionMoNuSAC\SDENet-Fusion\Datasets\Glas\precomputed\train_256_stride_128\images\train_17_patch_0017.npy,C:\Users\gadda\Documents\FeatureFusionMoNuSAC\SDENet-Fusion\Datasets\Glas\precomputed\train_256_stride_128\masks\train_17_patch_0017.npy,256,519,256,256,522,775,522,775,45331,0.6916961669921875
train_17_patch_0018,train_17.bmp,C:\Users\gadda\Documents\FeatureFusionMoNuSAC\SDENet-Fusion\Datasets\Glas\precomputed\train_256_stride_128\images\train_17_patch_0018.npy,C:\Users\gadda\Documents\FeatureFusionMoNuSAC\SDENet-Fusion\Datasets\Glas\precomputed\train_256_stride_128\masks\train_17_patch_0018.npy,266,0,256,256,522,775,522,775,52384,0.79931640625
train_17_patch_0019,train_17.bmp,C:\Users\gadda\Documents\FeatureFusionMoNuSAC\SDENet-Fusion\Datasets\Glas\precomputed\train_256_stride_128\images\train_17_patch_0019.npy,C:\Users\gadda\Documents\FeatureFusionMoNuSAC\SDENet-Fusion\Datasets\Glas\precomputed\train_256_stride_128\masks\train_17_patch_0019.npy,266,128,256,256,522,775,522,775,49753,0.7591705322265625
train_17_patch_0020,train_17.bmp,C:\Users\gadda\Documents\FeatureFusionMoNuSAC\SDENet-Fusion\Datasets\Glas\precomputed\train_256_stride_128\images\train_17_patch_0020.npy,C:\Users\gadda\Documents\FeatureFusionMoNuSAC\SDENet-Fusion\Datasets\Glas\precomputed\train_256_stride_128\masks\train_17_patch_0020.npy,266,256,256,256,522,775,522,775,51724,0.78924560546875
train_17_patch_0021,train_17.bmp,C:\Users\gadda\Documents\FeatureFusionMoNuSAC\SDENet-Fusion\Datasets\Glas\precomputed\train_256_stride_128\images\train_17_patch_0021.npy,C:\Users\gadda\Documents\FeatureFusionMoNuSAC\SDENet-Fusion\Datasets\Glas\precomputed\train_256_stride_128\masks\train_17_patch_0021.npy,266,384,256,256,522,775,522,775,53926,0.822845458984375
train_17_patch_0022,train_17.bmp,C:\Users\gadda\Documents\FeatureFusionMoNuSAC\SDENet-Fusion\Datasets\Glas\precomputed\train_256_stride_128\images\train_17_patch_0022.npy,C:\Users\gadda\Documents\FeatureFusionMoNuSAC\SDENet-Fusion\Datasets\Glas\precomputed\train_256_stride_128\masks\train_17_patch_0022.npy,266,512,256,256,522,775,522,775,45972,0.70147705078125
train_17_patch_0023,train_17.bmp,C:\Users\gadda\Documents\FeatureFusionMoNuSAC\SDENet-Fusion\Datasets\Glas\precomputed\train_256_stride_128\images\train_17_patch_0023.npy,C:\Users\gadda\Documents\FeatureFusionMoNuSAC\SDENet-Fusion\Datasets\Glas\precomputed\train_256_stride_128\masks\train_17_patch_0023.npy,266,519,256,256,522,775,522,775,45679,0.6970062255859375
train_18_patch_0000,train_18.bmp,C:\Users\gadda\Documents\FeatureFusionMoNuSAC\SDENet-Fusion\Datasets\Glas\precomputed\train_256_stride_128\images\train_18_patch_0000.npy,C:\Users\gadda\Documents\FeatureFusionMoNuSAC\SDENet-Fusion\Datasets\Glas\precomputed\train_256_stride_128\masks\train_18_patch_0000.npy,0,0,256,256,522,775,522,775,51693,0.7887725830078125
train_18_patch_0001,train_18.bmp,C:\Users\gadda\Documents\FeatureFusionMoNuSAC\SDENet-Fusion\Datasets\Glas\precomputed\train_256_stride_128\images\train_18_patch_0001.npy,C:\Users\gadda\Documents\FeatureFusionMoNuSAC\SDENet-Fusion\Datasets\Glas\precomputed\train_256_stride_128\masks\train_18_patch_0001.npy,0,128,256,256,522,775,522,775,55062,0.840179443359375
train_18_patch_0002,train_18.bmp,C:\Users\gadda\Documents\FeatureFusionMoNuSAC\SDENet-Fusion\Datasets\Glas\precomputed\train_256_stride_128\images\train_18_patch_0002.npy,C:\Users\gadda\Documents\FeatureFusionMoNuSAC\SDENet-Fusion\Datasets\Glas\precomputed\train_256_stride_128\masks\train_18_patch_0002.npy,0,256,256,256,522,775,522,775,57982,0.884735107421875
train_18_patch_0003,train_18.bmp,C:\Users\gadda\Documents\FeatureFusionMoNuSAC\SDENet-Fusion\Datasets\Glas\precomputed\train_256_stride_128\images\train_18_patch_0003.npy,C:\Users\gadda\Documents\FeatureFusionMoNuSAC\SDENet-Fusion\Datasets\Glas\precomputed\train_256_stride_128\masks\train_18_patch_0003.npy,0,384,256,256,522,775,522,775,54442,0.830718994140625
train_18_patch_0004,train_18.bmp,C:\Users\gadda\Documents\FeatureFusionMoNuSAC\SDENet-Fusion\Datasets\Glas\precomputed\train_256_stride_128\images\train_18_patch_0004.npy,C:\Users\gadda\Documents\FeatureFusionMoNuSAC\SDENet-Fusion\Datasets\Glas\precomputed\train_256_stride_128\masks\train_18_patch_0004.npy,0,512,256,256,522,775,522,775,50361,0.7684478759765625
train_18_patch_0005,train_18.bmp,C:\Users\gadda\Documents\FeatureFusionMoNuSAC\SDENet-Fusion\Datasets\Glas\precomputed\train_256_stride_128\images\train_18_patch_0005.npy,C:\Users\gadda\Documents\FeatureFusionMoNuSAC\SDENet-Fusion\Datasets\Glas\precomputed\train_256_stride_128\masks\train_18_patch_0005.npy,0,519,256,256,522,775,522,775,50415,0.7692718505859375
train_18_patch_0006,train_18.bmp,C:\Users\gadda\Documents\FeatureFusionMoNuSAC\SDENet-Fusion\Datasets\Glas\precomputed\train_256_stride_128\images\train_18_patch_0006.npy,C:\Users\gadda\Documents\FeatureFusionMoNuSAC\SDENet-Fusion\Datasets\Glas\precomputed\train_256_stride_128\masks\train_18_patch_0006.npy,128,0,256,256,522,775,522,775,57963,0.8844451904296875
train_18_patch_0007,train_18.bmp,C:\Users\gadda\Documents\FeatureFusionMoNuSAC\SDENet-Fusion\Datasets\Glas\precomputed\train_256_stride_128\images\train_18_patch_0007.npy,C:\Users\gadda\Documents\FeatureFusionMoNuSAC\SDENet-Fusion\Datasets\Glas\precomputed\train_256_stride_128\masks\train_18_patch_0007.npy,128,128,256,256,522,775,522,775,52817,0.8059234619140625
train_18_patch_0008,train_18.bmp,C:\Users\gadda\Documents\FeatureFusionMoNuSAC\SDENet-Fusion\Datasets\Glas\precomputed\train_256_stride_128\images\train_18_patch_0008.npy,C:\Users\gadda\Documents\FeatureFusionMoNuSAC\SDENet-Fusion\Datasets\Glas\precomputed\train_256_stride_128\masks\train_18_patch_0008.npy,128,256,256,256,522,775,522,775,50340,0.76812744140625
train_18_patch_0009,train_18.bmp,C:\Users\gadda\Documents\FeatureFusionMoNuSAC\SDENet-Fusion\Datasets\Glas\precomputed\train_256_stride_128\images\train_18_patch_0009.npy,C:\Users\gadda\Documents\FeatureFusionMoNuSAC\SDENet-Fusion\Datasets\Glas\precomputed\train_256_stride_128\masks\train_18_patch_0009.npy,128,384,256,256,522,775,522,775,49857,0.7607574462890625
train_18_patch_0010,train_18.bmp,C:\Users\gadda\Documents\FeatureFusionMoNuSAC\SDENet-Fusion\Datasets\Glas\precomputed\train_256_stride_128\images\train_18_patch_0010.npy,C:\Users\gadda\Documents\FeatureFusionMoNuSAC\SDENet-Fusion\Datasets\Glas\precomputed\train_256_stride_128\masks\train_18_patch_0010.npy,128,512,256,256,522,775,522,775,48271,0.7365570068359375
train_18_patch_0011,train_18.bmp,C:\Users\gadda\Documents\FeatureFusionMoNuSAC\SDENet-Fusion\Datasets\Glas\precomputed\train_256_stride_128\images\train_18_patch_0011.npy,C:\Users\gadda\Documents\FeatureFusionMoNuSAC\SDENet-Fusion\Datasets\Glas\precomputed\train_256_stride_128\masks\train_18_patch_0011.npy,128,519,256,256,522,775,522,775,48067,0.7334442138671875
train_18_patch_0012,train_18.bmp,C:\Users\gadda\Documents\FeatureFusionMoNuSAC\SDENet-Fusion\Datasets\Glas\precomputed\train_256_stride_128\images\train_18_patch_0012.npy,C:\Users\gadda\Documents\FeatureFusionMoNuSAC\SDENet-Fusion\Datasets\Glas\precomputed\train_256_stride_128\masks\train_18_patch_0012.npy,256,0,256,256,522,775,522,775,45363,0.6921844482421875
train_18_patch_0013,train_18.bmp,C:\Users\gadda\Documents\FeatureFusionMoNuSAC\SDENet-Fusion\Datasets\Glas\precomputed\train_256_stride_128\images\train_18_patch_0013.npy,C:\Users\gadda\Documents\FeatureFusionMoNuSAC\SDENet-Fusion\Datasets\Glas\precomputed\train_256_stride_128\masks\train_18_patch_0013.npy,256,128,256,256,522,775,522,775,47319,0.7220306396484375
train_18_patch_0014,train_18.bmp,C:\Users\gadda\Documents\FeatureFusionMoNuSAC\SDENet-Fusion\Datasets\Glas\precomputed\train_256_stride_128\images\train_18_patch_0014.npy,C:\Users\gadda\Documents\FeatureFusionMoNuSAC\SDENet-Fusion\Datasets\Glas\precomputed\train_256_stride_128\masks\train_18_patch_0014.npy,256,256,256,256,522,775,522,775,47584,0.72607421875
train_18_patch_0015,train_18.bmp,C:\Users\gadda\Documents\FeatureFusionMoNuSAC\SDENet-Fusion\Datasets\Glas\precomputed\train_256_stride_128\images\train_18_patch_0015.npy,C:\Users\gadda\Documents\FeatureFusionMoNuSAC\SDENet-Fusion\Datasets\Glas\precomputed\train_256_stride_128\masks\train_18_patch_0015.npy,256,384,256,256,522,775,522,775,44066,0.672393798828125
train_18_patch_0016,train_18.bmp,C:\Users\gadda\Documents\FeatureFusionMoNuSAC\SDENet-Fusion\Datasets\Glas\precomputed\train_256_stride_128\images\train_18_patch_0016.npy,C:\Users\gadda\Documents\FeatureFusionMoNuSAC\SDENet-Fusion\Datasets\Glas\precomputed\train_256_stride_128\masks\train_18_patch_0016.npy,256,512,256,256,522,775,522,775,34221,0.5221710205078125
train_18_patch_0017,train_18.bmp,C:\Users\gadda\Documents\FeatureFusionMoNuSAC\SDENet-Fusion\Datasets\Glas\precomputed\train_256_stride_128\images\train_18_patch_0017.npy,C:\Users\gadda\Documents\FeatureFusionMoNuSAC\SDENet-Fusion\Datasets\Glas\precomputed\train_256_stride_128\masks\train_18_patch_0017.npy,256,519,256,256,522,775,522,775,33852,0.51654052734375
train_18_patch_0018,train_18.bmp,C:\Users\gadda\Documents\FeatureFusionMoNuSAC\SDENet-Fusion\Datasets\Glas\precomputed\train_256_stride_128\images\train_18_patch_0018.npy,C:\Users\gadda\Documents\FeatureFusionMoNuSAC\SDENet-Fusion\Datasets\Glas\precomputed\train_256_stride_128\masks\train_18_patch_0018.npy,266,0,256,256,522,775,522,775,45166,0.689178466796875
train_18_patch_0019,train_18.bmp,C:\Users\gadda\Documents\FeatureFusionMoNuSAC\SDENet-Fusion\Datasets\Glas\precomputed\train_256_stride_128\images\train_18_patch_0019.npy,C:\Users\gadda\Documents\FeatureFusionMoNuSAC\SDENet-Fusion\Datasets\Glas\precomputed\train_256_stride_128\masks\train_18_patch_0019.npy,266,128,256,256,522,775,522,775,46186,0.704742431640625
train_18_patch_0020,train_18.bmp,C:\Users\gadda\Documents\FeatureFusionMoNuSAC\SDENet-Fusion\Datasets\Glas\precomputed\train_256_stride_128\images\train_18_patch_0020.npy,C:\Users\gadda\Documents\FeatureFusionMoNuSAC\SDENet-Fusion\Datasets\Glas\precomputed\train_256_stride_128\masks\train_18_patch_0020.npy,266,256,256,256,522,775,522,775,47389,0.7230987548828125
train_18_patch_0021,train_18.bmp,C:\Users\gadda\Documents\FeatureFusionMoNuSAC\SDENet-Fusion\Datasets\Glas\precomputed\train_256_stride_128\images\train_18_patch_0021.npy,C:\Users\gadda\Documents\FeatureFusionMoNuSAC\SDENet-Fusion\Datasets\Glas\precomputed\train_256_stride_128\masks\train_18_patch_0021.npy,266,384,256,256,522,775,522,775,44186,0.674224853515625
train_18_patch_0022,train_18.bmp,C:\Users\gadda\Documents\FeatureFusionMoNuSAC\SDENet-Fusion\Datasets\Glas\precomputed\train_256_stride_128\images\train_18_patch_0022.npy,C:\Users\gadda\Documents\FeatureFusionMoNuSAC\SDENet-Fusion\Datasets\Glas\precomputed\train_256_stride_128\masks\train_18_patch_0022.npy,266,512,256,256,522,775,522,775,33619,0.5129852294921875
train_18_patch_0023,train_18.bmp,C:\Users\gadda\Documents\FeatureFusionMoNuSAC\SDENet-Fusion\Datasets\Glas\precomputed\train_256_stride_128\images\train_18_patch_0023.npy,C:\Users\gadda\Documents\FeatureFusionMoNuSAC\SDENet-Fusion\Datasets\Glas\precomputed\train_256_stride_128\masks\train_18_patch_0023.npy,266,519,256,256,522,775,522,775,33180,0.50628662109375
train_19_patch_0000,train_19.bmp,C:\Users\gadda\Documents\FeatureFusionMoNuSAC\SDENet-Fusion\Datasets\Glas\precomputed\train_256_stride_128\images\train_19_patch_0000.npy,C:\Users\gadda\Documents\FeatureFusionMoNuSAC\SDENet-Fusion\Datasets\Glas\precomputed\train_256_stride_128\masks\train_19_patch_0000.npy,0,0,256,256,522,775,522,775,16935,0.2584075927734375
train_19_patch_0001,train_19.bmp,C:\Users\gadda\Documents\FeatureFusionMoNuSAC\SDENet-Fusion\Datasets\Glas\precomputed\train_256_stride_128\images\train_19_patch_0001.npy,C:\Users\gadda\Documents\FeatureFusionMoNuSAC\SDENet-Fusion\Datasets\Glas\precomputed\train_256_stride_128\masks\train_19_patch_0001.npy,0,128,256,256,522,775,522,775,27274,0.416168212890625
train_19_patch_0002,train_19.bmp,C:\Users\gadda\Documents\FeatureFusionMoNuSAC\SDENet-Fusion\Datasets\Glas\precomputed\train_256_stride_128\images\train_19_patch_0002.npy,C:\Users\gadda\Documents\FeatureFusionMoNuSAC\SDENet-Fusion\Datasets\Glas\precomputed\train_256_stride_128\masks\train_19_patch_0002.npy,0,256,256,256,522,775,522,775,30793,0.4698638916015625
train_19_patch_0003,train_19.bmp,C:\Users\gadda\Documents\FeatureFusionMoNuSAC\SDENet-Fusion\Datasets\Glas\precomputed\train_256_stride_128\images\train_19_patch_0003.npy,C:\Users\gadda\Documents\FeatureFusionMoNuSAC\SDENet-Fusion\Datasets\Glas\precomputed\train_256_stride_128\masks\train_19_patch_0003.npy,0,384,256,256,522,775,522,775,41027,0.6260223388671875
train_19_patch_0004,train_19.bmp,C:\Users\gadda\Documents\FeatureFusionMoNuSAC\SDENet-Fusion\Datasets\Glas\precomputed\train_256_stride_128\images\train_19_patch_0004.npy,C:\Users\gadda\Documents\FeatureFusionMoNuSAC\SDENet-Fusion\Datasets\Glas\precomputed\train_256_stride_128\masks\train_19_patch_0004.npy,0,512,256,256,522,775,522,775,49322,0.752593994140625
train_19_patch_0005,train_19.bmp,C:\Users\gadda\Documents\FeatureFusionMoNuSAC\SDENet-Fusion\Datasets\Glas\precomputed\train_256_stride_128\images\train_19_patch_0005.npy,C:\Users\gadda\Documents\FeatureFusionMoNuSAC\SDENet-Fusion\Datasets\Glas\precomputed\train_256_stride_128\masks\train_19_patch_0005.npy,0,519,256,256,522,775,522,775,49780,0.75958251953125
train_19_patch_0006,train_19.bmp,C:\Users\gadda\Documents\FeatureFusionMoNuSAC\SDENet-Fusion\Datasets\Glas\precomputed\train_256_stride_128\images\train_19_patch_0006.npy,C:\Users\gadda\Documents\FeatureFusionMoNuSAC\SDENet-Fusion\Datasets\Glas\precomputed\train_256_stride_128\masks\train_19_patch_0006.npy,128,0,256,256,522,775,522,775,20938,0.319488525390625
train_19_patch_0007,train_19.bmp,C:\Users\gadda\Documents\FeatureFusionMoNuSAC\SDENet-Fusion\Datasets\Glas\precomputed\train_256_stride_128\images\train_19_patch_0007.npy,C:\Users\gadda\Documents\FeatureFusionMoNuSAC\SDENet-Fusion\Datasets\Glas\precomputed\train_256_stride_128\masks\train_19_patch_0007.npy,128,128,256,256,522,775,522,775,41609,0.6349029541015625
train_19_patch_0008,train_19.bmp,C:\Users\gadda\Documents\FeatureFusionMoNuSAC\SDENet-Fusion\Datasets\Glas\precomputed\train_256_stride_128\images\train_19_patch_0008.npy,C:\Users\gadda\Documents\FeatureFusionMoNuSAC\SDENet-Fusion\Datasets\Glas\precomputed\train_256_stride_128\masks\train_19_patch_0008.npy,128,256,256,256,522,775,522,775,47432,0.7237548828125
train_19_patch_0009,train_19.bmp,C:\Users\gadda\Documents\FeatureFusionMoNuSAC\SDENet-Fusion\Datasets\Glas\precomputed\train_256_stride_128\images\train_19_patch_0009.npy,C:\Users\gadda\Documents\FeatureFusionMoNuSAC\SDENet-Fusion\Datasets\Glas\precomputed\train_256_stride_128\masks\train_19_patch_0009.npy,128,384,256,256,522,775,522,775,40015,0.6105804443359375
train_19_patch_0010,train_19.bmp,C:\Users\gadda\Documents\FeatureFusionMoNuSAC\SDENet-Fusion\Datasets\Glas\precomputed\train_256_stride_128\images\train_19_patch_0010.npy,C:\Users\gadda\Documents\FeatureFusionMoNuSAC\SDENet-Fusion\Datasets\Glas\precomputed\train_256_stride_128\masks\train_19_patch_0010.npy,128,512,256,256,522,775,522,775,44174,0.674041748046875
train_19_patch_0011,train_19.bmp,C:\Users\gadda\Documents\FeatureFusionMoNuSAC\SDENet-Fusion\Datasets\Glas\precomputed\train_256_stride_128\images\train_19_patch_0011.npy,C:\Users\gadda\Documents\FeatureFusionMoNuSAC\SDENet-Fusion\Datasets\Glas\precomputed\train_256_stride_128\masks\train_19_patch_0011.npy,128,519,256,256,522,775,522,775,44517,0.6792755126953125
train_19_patch_0012,train_19.bmp,C:\Users\gadda\Documents\FeatureFusionMoNuSAC\SDENet-Fusion\Datasets\Glas\precomputed\train_256_stride_128\images\train_19_patch_0012.npy,C:\Users\gadda\Documents\FeatureFusionMoNuSAC\SDENet-Fusion\Datasets\Glas\precomputed\train_256_stride_128\masks\train_19_patch_0012.npy,256,0,256,256,522,775,522,775,8199,0.1251068115234375
train_19_patch_0013,train_19.bmp,C:\Users\gadda\Documents\FeatureFusionMoNuSAC\SDENet-Fusion\Datasets\Glas\precomputed\train_256_stride_128\images\train_19_patch_0013.npy,C:\Users\gadda\Documents\FeatureFusionMoNuSAC\SDENet-Fusion\Datasets\Glas\precomputed\train_256_stride_128\masks\train_19_patch_0013.npy,256,128,256,256,522,775,522,775,35836,0.54681396484375
train_19_patch_0014,train_19.bmp,C:\Users\gadda\Documents\FeatureFusionMoNuSAC\SDENet-Fusion\Datasets\Glas\precomputed\train_256_stride_128\images\train_19_patch_0014.npy,C:\Users\gadda\Documents\FeatureFusionMoNuSAC\SDENet-Fusion\Datasets\Glas\precomputed\train_256_stride_128\masks\train_19_patch_0014.npy,256,256,256,256,522,775,522,775,52404,0.79962158203125
train_19_patch_0015,train_19.bmp,C:\Users\gadda\Documents\FeatureFusionMoNuSAC\SDENet-Fusion\Datasets\Glas\precomputed\train_256_stride_128\images\train_19_patch_0015.npy,C:\Users\gadda\Documents\FeatureFusionMoNuSAC\SDENet-Fusion\Datasets\Glas\precomputed\train_256_stride_128\masks\train_19_patch_0015.npy,256,384,256,256,522,775,522,775,37834,0.577301025390625
train_19_patch_0016,train_19.bmp,C:\Users\gadda\Documents\FeatureFusionMoNuSAC\SDENet-Fusion\Datasets\Glas\precomputed\train_256_stride_128\images\train_19_patch_0016.npy,C:\Users\gadda\Documents\FeatureFusionMoNuSAC\SDENet-Fusion\Datasets\Glas\precomputed\train_256_stride_128\masks\train_19_patch_0016.npy,256,512,256,256,522,775,522,775,42946,0.655303955078125
train_19_patch_0017,train_19.bmp,C:\Users\gadda\Documents\FeatureFusionMoNuSAC\SDENet-Fusion\Datasets\Glas\precomputed\train_256_stride_128\images\train_19_patch_0017.npy,C:\Users\gadda\Documents\FeatureFusionMoNuSAC\SDENet-Fusion\Datasets\Glas\precomputed\train_256_stride_128\masks\train_19_patch_0017.npy,256,519,256,256,522,775,522,775,43155,0.6584930419921875
train_19_patch_0018,train_19.bmp,C:\Users\gadda\Documents\FeatureFusionMoNuSAC\SDENet-Fusion\Datasets\Glas\precomputed\train_256_stride_128\images\train_19_patch_0018.npy,C:\Users\gadda\Documents\FeatureFusionMoNuSAC\SDENet-Fusion\Datasets\Glas\precomputed\train_256_stride_128\masks\train_19_patch_0018.npy,266,0,256,256,522,775,522,775,7213,0.1100616455078125
train_19_patch_0019,train_19.bmp,C:\Users\gadda\Documents\FeatureFusionMoNuSAC\SDENet-Fusion\Datasets\Glas\precomputed\train_256_stride_128\images\train_19_patch_0019.npy,C:\Users\gadda\Documents\FeatureFusionMoNuSAC\SDENet-Fusion\Datasets\Glas\precomputed\train_256_stride_128\masks\train_19_patch_0019.npy,266,128,256,256,522,775,522,775,34889,0.5323638916015625
train_19_patch_0020,train_19.bmp,C:\Users\gadda\Documents\FeatureFusionMoNuSAC\SDENet-Fusion\Datasets\Glas\precomputed\train_256_stride_128\images\train_19_patch_0020.npy,C:\Users\gadda\Documents\FeatureFusionMoNuSAC\SDENet-Fusion\Datasets\Glas\precomputed\train_256_stride_128\masks\train_19_patch_0020.npy,266,256,256,256,522,775,522,775,52970,0.808258056640625
train_19_patch_0021,train_19.bmp,C:\Users\gadda\Documents\FeatureFusionMoNuSAC\SDENet-Fusion\Datasets\Glas\precomputed\train_256_stride_128\images\train_19_patch_0021.npy,C:\Users\gadda\Documents\FeatureFusionMoNuSAC\SDENet-Fusion\Datasets\Glas\precomputed\train_256_stride_128\masks\train_19_patch_0021.npy,266,384,256,256,522,775,522,775,38998,0.595062255859375
train_19_patch_0022,train_19.bmp,C:\Users\gadda\Documents\FeatureFusionMoNuSAC\SDENet-Fusion\Datasets\Glas\precomputed\train_256_stride_128\images\train_19_patch_0022.npy,C:\Users\gadda\Documents\FeatureFusionMoNuSAC\SDENet-Fusion\Datasets\Glas\precomputed\train_256_stride_128\masks\train_19_patch_0022.npy,266,512,256,256,522,775,522,775,42993,0.6560211181640625
train_19_patch_0023,train_19.bmp,C:\Users\gadda\Documents\FeatureFusionMoNuSAC\SDENet-Fusion\Datasets\Glas\precomputed\train_256_stride_128\images\train_19_patch_0023.npy,C:\Users\gadda\Documents\FeatureFusionMoNuSAC\SDENet-Fusion\Datasets\Glas\precomputed\train_256_stride_128\masks\train_19_patch_0023.npy,266,519,256,256,522,775,522,775,43132,0.65814208984375
train_2_patch_0000,train_2.bmp,C:\Users\gadda\Documents\FeatureFusionMoNuSAC\SDENet-Fusion\Datasets\Glas\precomputed\train_256_stride_128\images\train_2_patch_0000.npy,C:\Users\gadda\Documents\FeatureFusionMoNuSAC\SDENet-Fusion\Datasets\Glas\precomputed\train_256_stride_128\masks\train_2_patch_0000.npy,0,0,256,256,522,775,522,775,31525,0.4810333251953125
train_2_patch_0001,train_2.bmp,C:\Users\gadda\Documents\FeatureFusionMoNuSAC\SDENet-Fusion\Datasets\Glas\precomputed\train_256_stride_128\images\train_2_patch_0001.npy,C:\Users\gadda\Documents\FeatureFusionMoNuSAC\SDENet-Fusion\Datasets\Glas\precomputed\train_256_stride_128\masks\train_2_patch_0001.npy,0,128,256,256,522,775,522,775,16253,0.2480010986328125
train_2_patch_0002,train_2.bmp,C:\Users\gadda\Documents\FeatureFusionMoNuSAC\SDENet-Fusion\Datasets\Glas\precomputed\train_256_stride_128\images\train_2_patch_0002.npy,C:\Users\gadda\Documents\FeatureFusionMoNuSAC\SDENet-Fusion\Datasets\Glas\precomputed\train_256_stride_128\masks\train_2_patch_0002.npy,0,256,256,256,522,775,522,775,13900,0.21209716796875
train_2_patch_0003,train_2.bmp,C:\Users\gadda\Documents\FeatureFusionMoNuSAC\SDENet-Fusion\Datasets\Glas\precomputed\train_256_stride_128\images\train_2_patch_0003.npy,C:\Users\gadda\Documents\FeatureFusionMoNuSAC\SDENet-Fusion\Datasets\Glas\precomputed\train_256_stride_128\masks\train_2_patch_0003.npy,0,384,256,256,522,775,522,775,8745,0.1334381103515625
train_2_patch_0004,train_2.bmp,C:\Users\gadda\Documents\FeatureFusionMoNuSAC\SDENet-Fusion\Datasets\Glas\precomputed\train_256_stride_128\images\train_2_patch_0004.npy,C:\Users\gadda\Documents\FeatureFusionMoNuSAC\SDENet-Fusion\Datasets\Glas\precomputed\train_256_stride_128\masks\train_2_patch_0004.npy,0,512,256,256,522,775,522,775,0,0.0
train_2_patch_0005,train_2.bmp,C:\Users\gadda\Documents\FeatureFusionMoNuSAC\SDENet-Fusion\Datasets\Glas\precomputed\train_256_stride_128\images\train_2_patch_0005.npy,C:\Users\gadda\Documents\FeatureFusionMoNuSAC\SDENet-Fusion\Datasets\Glas\precomputed\train_256_stride_128\masks\train_2_patch_0005.npy,0,519,256,256,522,775,522,775,0,0.0
train_2_patch_0006,train_2.bmp,C:\Users\gadda\Documents\FeatureFusionMoNuSAC\SDENet-Fusion\Datasets\Glas\precomputed\train_256_stride_128\images\train_2_patch_0006.npy,C:\Users\gadda\Documents\FeatureFusionMoNuSAC\SDENet-Fusion\Datasets\Glas\precomputed\train_256_stride_128\masks\train_2_patch_0006.npy,128,0,256,256,522,775,522,775,36127,0.5512542724609375
train_2_patch_0007,train_2.bmp,C:\Users\gadda\Documents\FeatureFusionMoNuSAC\SDENet-Fusion\Datasets\Glas\precomputed\train_256_stride_128\images\train_2_patch_0007.npy,C:\Users\gadda\Documents\FeatureFusionMoNuSAC\SDENet-Fusion\Datasets\Glas\precomputed\train_256_stride_128\masks\train_2_patch_0007.npy,128,128,256,256,522,775,522,775,26596,0.40582275390625
train_2_patch_0008,train_2.bmp,C:\Users\gadda\Documents\FeatureFusionMoNuSAC\SDENet-Fusion\Datasets\Glas\precomputed\train_256_stride_128\images\train_2_patch_0008.npy,C:\Users\gadda\Documents\FeatureFusionMoNuSAC\SDENet-Fusion\Datasets\Glas\precomputed\train_256_stride_128\masks\train_2_patch_0008.npy,128,256,256,256,522,775,522,775,22750,0.347137451171875
train_2_patch_0009,train_2.bmp,C:\Users\gadda\Documents\FeatureFusionMoNuSAC\SDENet-Fusion\Datasets\Glas\precomputed\train_256_stride_128\images\train_2_patch_0009.npy,C:\Users\gadda\Documents\FeatureFusionMoNuSAC\SDENet-Fusion\Datasets\Glas\precomputed\train_256_stride_128\masks\train_2_patch_0009.npy,128,384,256,256,522,775,522,775,10312,0.1573486328125
train_2_patch_0010,train_2.bmp,C:\Users\gadda\Documents\FeatureFusionMoNuSAC\SDENet-Fusion\Datasets\Glas\precomputed\train_256_stride_128\images\train_2_patch_0010.npy,C:\Users\gadda\Documents\FeatureFusionMoNuSAC\SDENet-Fusion\Datasets\Glas\precomputed\train_256_stride_128\masks\train_2_patch_0010.npy,128,512,256,256,522,775,522,775,0,0.0
train_2_patch_0011,train_2.bmp,C:\Users\gadda\Documents\FeatureFusionMoNuSAC\SDENet-Fusion\Datasets\Glas\precomputed\train_256_stride_128\images\train_2_patch_0011.npy,C:\Users\gadda\Documents\FeatureFusionMoNuSAC\SDENet-Fusion\Datasets\Glas\precomputed\train_256_stride_128\masks\train_2_patch_0011.npy,128,519,256,256,522,775,522,775,0,0.0
train_2_patch_0012,train_2.bmp,C:\Users\gadda\Documents\FeatureFusionMoNuSAC\SDENet-Fusion\Datasets\Glas\precomputed\train_256_stride_128\images\train_2_patch_0012.npy,C:\Users\gadda\Documents\FeatureFusionMoNuSAC\SDENet-Fusion\Datasets\Glas\precomputed\train_256_stride_128\masks\train_2_patch_0012.npy,256,0,256,256,522,775,522,775,50012,0.76312255859375
train_2_patch_0013,train_2.bmp,C:\Users\gadda\Documents\FeatureFusionMoNuSAC\SDENet-Fusion\Datasets\Glas\precomputed\train_256_stride_128\images\train_2_patch_0013.npy,C:\Users\gadda\Documents\FeatureFusionMoNuSAC\SDENet-Fusion\Datasets\Glas\precomputed\train_256_stride_128\masks\train_2_patch_0013.npy,256,128,256,256,522,775,522,775,39375,0.6008148193359375
train_2_patch_0014,train_2.bmp,C:\Users\gadda\Documents\FeatureFusionMoNuSAC\SDENet-Fusion\Datasets\Glas\precomputed\train_256_stride_128\images\train_2_patch_0014.npy,C:\Users\gadda\Documents\FeatureFusionMoNuSAC\SDENet-Fusion\Datasets\Glas\precomputed\train_256_stride_128\masks\train_2_patch_0014.npy,256,256,256,256,522,775,522,775,25307,0.3861541748046875
train_2_patch_0015,train_2.bmp,C:\Users\gadda\Documents\FeatureFusionMoNuSAC\SDENet-Fusion\Datasets\Glas\precomputed\train_256_stride_128\images\train_2_patch_0015.npy,C:\Users\gadda\Documents\FeatureFusionMoNuSAC\SDENet-Fusion\Datasets\Glas\precomputed\train_256_stride_128\masks\train_2_patch_0015.npy,256,384,256,256,522,775,522,775,9381,0.1431427001953125
train_2_patch_0016,train_2.bmp,C:\Users\gadda\Documents\FeatureFusionMoNuSAC\SDENet-Fusion\Datasets\Glas\precomputed\train_256_stride_128\images\train_2_patch_0016.npy,C:\Users\gadda\Documents\FeatureFusionMoNuSAC\SDENet-Fusion\Datasets\Glas\precomputed\train_256_stride_128\masks\train_2_patch_0016.npy,256,512,256,256,522,775,522,775,0,0.0
train_2_patch_0017,train_2.bmp,C:\Users\gadda\Documents\FeatureFusionMoNuSAC\SDENet-Fusion\Datasets\Glas\precomputed\train_256_stride_128\images\train_2_patch_0017.npy,C:\Users\gadda\Documents\FeatureFusionMoNuSAC\SDENet-Fusion\Datasets\Glas\precomputed\train_256_stride_128\masks\train_2_patch_0017.npy,256,519,256,256,522,775,522,775,0,0.0
train_2_patch_0018,train_2.bmp,C:\Users\gadda\Documents\FeatureFusionMoNuSAC\SDENet-Fusion\Datasets\Glas\precomputed\train_256_stride_128\images\train_2_patch_0018.npy,C:\Users\gadda\Documents\FeatureFusionMoNuSAC\SDENet-Fusion\Datasets\Glas\precomputed\train_256_stride_128\masks\train_2_patch_0018.npy,266,0,256,256,522,775,522,775,49817,0.7601470947265625
train_2_patch_0019,train_2.bmp,C:\Users\gadda\Documents\FeatureFusionMoNuSAC\SDENet-Fusion\Datasets\Glas\precomputed\train_256_stride_128\images\train_2_patch_0019.npy,C:\Users\gadda\Documents\FeatureFusionMoNuSAC\SDENet-Fusion\Datasets\Glas\precomputed\train_256_stride_128\masks\train_2_patch_0019.npy,266,128,256,256,522,775,522,775,40899,0.6240692138671875
train_2_patch_0020,train_2.bmp,C:\Users\gadda\Documents\FeatureFusionMoNuSAC\SDENet-Fusion\Datasets\Glas\precomputed\train_256_stride_128\images\train_2_patch_0020.npy,C:\Users\gadda\Documents\FeatureFusionMoNuSAC\SDENet-Fusion\Datasets\Glas\precomputed\train_256_stride_128\masks\train_2_patch_0020.npy,266,256,256,256,522,775,522,775,25758,0.393035888671875
train_2_patch_0021,train_2.bmp,C:\Users\gadda\Documents\FeatureFusionMoNuSAC\SDENet-Fusion\Datasets\Glas\precomputed\train_256_stride_128\images\train_2_patch_0021.npy,C:\Users\gadda\Documents\FeatureFusionMoNuSAC\SDENet-Fusion\Datasets\Glas\precomputed\train_256_stride_128\masks\train_2_patch_0021.npy,266,384,256,256,522,775,522,775,9381,0.1431427001953125
train_2_patch_0022,train_2.bmp,C:\Users\gadda\Documents\FeatureFusionMoNuSAC\SDENet-Fusion\Datasets\Glas\precomputed\train_256_stride_128\images\train_2_patch_0022.npy,C:\Users\gadda\Documents\FeatureFusionMoNuSAC\SDENet-Fusion\Datasets\Glas\precomputed\train_256_stride_128\masks\train_2_patch_0022.npy,266,512,256,256,522,775,522,775,0,0.0
train_2_patch_0023,train_2.bmp,C:\Users\gadda\Documents\FeatureFusionMoNuSAC\SDENet-Fusion\Datasets\Glas\precomputed\train_256_stride_128\images\train_2_patch_0023.npy,C:\Users\gadda\Documents\FeatureFusionMoNuSAC\SDENet-Fusion\Datasets\Glas\precomputed\train_256_stride_128\masks\train_2_patch_0023.npy,266,519,256,256,522,775,522,775,0,0.0
train_20_patch_0000,train_20.bmp,C:\Users\gadda\Documents\FeatureFusionMoNuSAC\SDENet-Fusion\Datasets\Glas\precomputed\train_256_stride_128\images\train_20_patch_0000.npy,C:\Users\gadda\Documents\FeatureFusionMoNuSAC\SDENet-Fusion\Datasets\Glas\precomputed\train_256_stride_128\masks\train_20_patch_0000.npy,0,0,256,256,522,775,522,775,22183,0.3384857177734375
train_20_patch_0001,train_20.bmp,C:\Users\gadda\Documents\FeatureFusionMoNuSAC\SDENet-Fusion\Datasets\Glas\precomputed\train_256_stride_128\images\train_20_patch_0001.npy,C:\Users\gadda\Documents\FeatureFusionMoNuSAC\SDENet-Fusion\Datasets\Glas\precomputed\train_256_stride_128\masks\train_20_patch_0001.npy,0,128,256,256,522,775,522,775,31829,0.4856719970703125
train_20_patch_0002,train_20.bmp,C:\Users\gadda\Documents\FeatureFusionMoNuSAC\SDENet-Fusion\Datasets\Glas\precomputed\train_256_stride_128\images\train_20_patch_0002.npy,C:\Users\gadda\Documents\FeatureFusionMoNuSAC\SDENet-Fusion\Datasets\Glas\precomputed\train_256_stride_128\masks\train_20_patch_0002.npy,0,256,256,256,522,775,522,775,14168,0.2161865234375
train_20_patch_0003,train_20.bmp,C:\Users\gadda\Documents\FeatureFusionMoNuSAC\SDENet-Fusion\Datasets\Glas\precomputed\train_256_stride_128\images\train_20_patch_0003.npy,C:\Users\gadda\Documents\FeatureFusionMoNuSAC\SDENet-Fusion\Datasets\Glas\precomputed\train_256_stride_128\masks\train_20_patch_0003.npy,0,384,256,256,522,775,522,775,1305,0.0199127197265625
train_20_patch_0004,train_20.bmp,C:\Users\gadda\Documents\FeatureFusionMoNuSAC\SDENet-Fusion\Datasets\Glas\precomputed\train_256_stride_128\images\train_20_patch_0004.npy,C:\Users\gadda\Documents\FeatureFusionMoNuSAC\SDENet-Fusion\Datasets\Glas\precomputed\train_256_stride_128\masks\train_20_patch_0004.npy,0,512,256,256,522,775,522,775,2631,0.0401458740234375
train_20_patch_0005,train_20.bmp,C:\Users\gadda\Documents\FeatureFusionMoNuSAC\SDENet-Fusion\Datasets\Glas\precomputed\train_256_stride_128\images\train_20_patch_0005.npy,C:\Users\gadda\Documents\FeatureFusionMoNuSAC\SDENet-Fusion\Datasets\Glas\precomputed\train_256_stride_128\masks\train_20_patch_0005.npy,0,519,256,256,522,775,522,775,2631,0.0401458740234375
train_20_patch_0006,train_20.bmp,C:\Users\gadda\Documents\FeatureFusionMoNuSAC\SDENet-Fusion\Datasets\Glas\precomputed\train_256_stride_128\images\train_20_patch_0006.npy,C:\Users\gadda\Documents\FeatureFusionMoNuSAC\SDENet-Fusion\Datasets\Glas\precomputed\train_256_stride_128\masks\train_20_patch_0006.npy,128,0,256,256,522,775,522,775,31446,0.479827880859375
train_20_patch_0007,train_20.bmp,C:\Users\gadda\Documents\FeatureFusionMoNuSAC\SDENet-Fusion\Datasets\Glas\precomputed\train_256_stride_128\images\train_20_patch_0007.npy,C:\Users\gadda\Documents\FeatureFusionMoNuSAC\SDENet-Fusion\Datasets\Glas\precomputed\train_256_stride_128\masks\train_20_patch_0007.npy,128,128,256,256,522,775,522,775,26421,0.4031524658203125
train_20_patch_0008,train_20.bmp,C:\Users\gadda\Documents\FeatureFusionMoNuSAC\SDENet-Fusion\Datasets\Glas\precomputed\train_256_stride_128\images\train_20_patch_0008.npy,C:\Users\gadda\Documents\FeatureFusionMoNuSAC\SDENet-Fusion\Datasets\Glas\precomputed\train_256_stride_128\masks\train_20_patch_0008.npy,128,256,256,256,522,775,522,775,18265,0.2787017822265625
train_20_patch_0009,train_20.bmp,C:\Users\gadda\Documents\FeatureFusionMoNuSAC\SDENet-Fusion\Datasets\Glas\precomputed\train_256_stride_128\images\train_20_patch_0009.npy,C:\Users\gadda\Documents\FeatureFusionMoNuSAC\SDENet-Fusion\Datasets\Glas\precomputed\train_256_stride_128\masks\train_20_patch_0009.npy,128,384,256,256,522,775,522,775,14940,0.22796630859375
train_20_patch_0010,train_20.bmp,C:\Users\gadda\Documents\FeatureFusionMoNuSAC\SDENet-Fusion\Datasets\Glas\precomputed\train_256_stride_128\images\train_20_patch_0010.npy,C:\Users\gadda\Documents\FeatureFusionMoNuSAC\SDENet-Fusion\Datasets\Glas\precomputed\train_256_stride_128\masks\train_20_patch_0010.npy,128,512,256,256,522,775,522,775,12644,0.19293212890625
train_20_patch_0011,train_20.bmp,C:\Users\gadda\Documents\FeatureFusionMoNuSAC\SDENet-Fusion\Datasets\Glas\precomputed\train_256_stride_128\images\train_20_patch_0011.npy,C:\Users\gadda\Documents\FeatureFusionMoNuSAC\SDENet-Fusion\Datasets\Glas\precomputed\train_256_stride_128\masks\train_20_patch_0011.npy,128,519,256,256,522,775,522,775,12975,0.1979827880859375
train_20_patch_0012,train_20.bmp,C:\Users\gadda\Documents\FeatureFusionMoNuSAC\SDENet-Fusion\Datasets\Glas\precomputed\train_256_stride_128\images\train_20_patch_0012.npy,C:\Users\gadda\Documents\FeatureFusionMoNuSAC\SDENet-Fusion\Datasets\Glas\precomputed\train_256_stride_128\masks\train_20_patch_0012.npy,256,0,256,256,522,775,522,775,37980,0.57952880859375
train_20_patch_0013,train_20.bmp,C:\Users\gadda\Documents\FeatureFusionMoNuSAC\SDENet-Fusion\Datasets\Glas\precomputed\train_256_stride_128\images\train_20_patch_0013.npy,C:\Users\gadda\Documents\FeatureFusionMoNuSAC\SDENet-Fusion\Datasets\Glas\precomputed\train_256_stride_128\masks\train_20_patch_0013.npy,256,128,256,256,522,775,522,775,28461,0.4342803955078125
train_20_patch_0014,train_20.bmp,C:\Users\gadda\Documents\FeatureFusionMoNuSAC\SDENet-Fusion\Datasets\Glas\precomputed\train_256_stride_128\images\train_20_patch_0014.npy,C:\Users\gadda\Documents\FeatureFusionMoNuSAC\SDENet-Fusion\Datasets\Glas\precomputed\train_256_stride_128\masks\train_20_patch_0014.npy,256,256,256,256,522,775,522,775,27327,0.4169769287109375
train_20_patch_0015,train_20.bmp,C:\Users\gadda\Documents\FeatureFusionMoNuSAC\SDENet-Fusion\Datasets\Glas\precomputed\train_256_stride_128\images\train_20_patch_0015.npy,C:\Users\gadda\Documents\FeatureFusionMoNuSAC\SDENet-Fusion\Datasets\Glas\precomputed\train_256_stride_128\masks\train_20_patch_0015.npy,256,384,256,256,522,775,522,775,24437,0.3728790283203125
train_20_patch_0016,train_20.bmp,C:\Users\gadda\Documents\FeatureFusionMoNuSAC\SDENet-Fusion\Datasets\Glas\precomputed\train_256_stride_128\images\train_20_patch_0016.npy,C:\Users\gadda\Documents\FeatureFusionMoNuSAC\SDENet-Fusion\Datasets\Glas\precomputed\train_256_stride_128\masks\train_20_patch_0016.npy,256,512,256,256,522,775,522,775,25101,0.3830108642578125
train_20_patch_0017,train_20.bmp,C:\Users\gadda\Documents\FeatureFusionMoNuSAC\SDENet-Fusion\Datasets\Glas\precomputed\train_256_stride_128\images\train_20_patch_0017.npy,C:\Users\gadda\Documents\FeatureFusionMoNuSAC\SDENet-Fusion\Datasets\Glas\precomputed\train_256_stride_128\masks\train_20_patch_0017.npy,256,519,256,256,522,775,522,775,25230,0.384979248046875
train_20_patch_0018,train_20.bmp,C:\Users\gadda\Documents\FeatureFusionMoNuSAC\SDENet-Fusion\Datasets\Glas\precomputed\train_256_stride_128\images\train_20_patch_0018.npy,C:\Users\gadda\Documents\FeatureFusionMoNuSAC\SDENet-Fusion\Datasets\Glas\precomputed\train_256_stride_128\masks\train_20_patch_0018.npy,266,0,256,256,522,775,522,775,38746,0.591217041015625
train_20_patch_0019,train_20.bmp,C:\Users\gadda\Documents\FeatureFusionMoNuSAC\SDENet-Fusion\Datasets\Glas\precomputed\train_256_stride_128\images\train_20_patch_0019.npy,C:\Users\gadda\Documents\FeatureFusionMoNuSAC\SDENet-Fusion\Datasets\Glas\precomputed\train_256_stride_128\masks\train_20_patch_0019.npy,266,128,256,256,522,775,522,775,29402,0.448638916015625
train_20_patch_0020,train_20.bmp,C:\Users\gadda\Documents\FeatureFusionMoNuSAC\SDENet-Fusion\Datasets\Glas\precomputed\train_256_stride_128\images\train_20_patch_0020.npy,C:\Users\gadda\Documents\FeatureFusionMoNuSAC\SDENet-Fusion\Datasets\Glas\precomputed\train_256_stride_128\masks\train_20_patch_0020.npy,266,256,256,256,522,775,522,775,28271,0.4313812255859375
train_20_patch_0021,train_20.bmp,C:\Users\gadda\Documents\FeatureFusionMoNuSAC\SDENet-Fusion\Datasets\Glas\precomputed\train_256_stride_128\images\train_20_patch_0021.npy,C:\Users\gadda\Documents\FeatureFusionMoNuSAC\SDENet-Fusion\Datasets\Glas\precomputed\train_256_stride_128\masks\train_20_patch_0021.npy,266,384,256,256,522,775,522,775,24727,0.3773040771484375
train_20_patch_0022,train_20.bmp,C:\Users\gadda\Documents\FeatureFusionMoNuSAC\SDENet-Fusion\Datasets\Glas\precomputed\train_256_stride_128\images\train_20_patch_0022.npy,C:\Users\gadda\Documents\FeatureFusionMoNuSAC\SDENet-Fusion\Datasets\Glas\precomputed\train_256_stride_128\masks\train_20_patch_0022.npy,266,512,256,256,522,775,522,775,25171,0.3840789794921875
train_20_patch_0023,train_20.bmp,C:\Users\gadda\Documents\FeatureFusionMoNuSAC\SDENet-Fusion\Datasets\Glas\precomputed\train_256_stride_128\images\train_20_patch_0023.npy,C:\Users\gadda\Documents\FeatureFusionMoNuSAC\SDENet-Fusion\Datasets\Glas\precomputed\train_256_stride_128\masks\train_20_patch_0023.npy,266,519,256,256,522,775,522,775,25300,0.38604736328125
train_21_patch_0000,train_21.bmp,C:\Users\gadda\Documents\FeatureFusionMoNuSAC\SDENet-Fusion\Datasets\Glas\precomputed\train_256_stride_128\images\train_21_patch_0000.npy,C:\Users\gadda\Documents\FeatureFusionMoNuSAC\SDENet-Fusion\Datasets\Glas\precomputed\train_256_stride_128\masks\train_21_patch_0000.npy,0,0,256,256,522,775,522,775,55854,0.852264404296875
train_21_patch_0001,train_21.bmp,C:\Users\gadda\Documents\FeatureFusionMoNuSAC\SDENet-Fusion\Datasets\Glas\precomputed\train_256_stride_128\images\train_21_patch_0001.npy,C:\Users\gadda\Documents\FeatureFusionMoNuSAC\SDENet-Fusion\Datasets\Glas\precomputed\train_256_stride_128\masks\train_21_patch_0001.npy,0,128,256,256,522,775,522,775,43601,0.6652984619140625
train_21_patch_0002,train_21.bmp,C:\Users\gadda\Documents\FeatureFusionMoNuSAC\SDENet-Fusion\Datasets\Glas\precomputed\train_256_stride_128\images\train_21_patch_0002.npy,C:\Users\gadda\Documents\FeatureFusionMoNuSAC\SDENet-Fusion\Datasets\Glas\precomputed\train_256_stride_128\masks\train_21_patch_0002.npy,0,256,256,256,522,775,522,775,20473,0.3123931884765625
train_21_patch_0003,train_21.bmp,C:\Users\gadda\Documents\FeatureFusionMoNuSAC\SDENet-Fusion\Datasets\Glas\precomputed\train_256_stride_128\images\train_21_patch_0003.npy,C:\Users\gadda\Documents\FeatureFusionMoNuSAC\SDENet-Fusion\Datasets\Glas\precomputed\train_256_stride_128\masks\train_21_patch_0003.npy,0,384,256,256,522,775,522,775,2945,0.0449371337890625
train_21_patch_0004,train_21.bmp,C:\Users\gadda\Documents\FeatureFusionMoNuSAC\SDENet-Fusion\Datasets\Glas\precomputed\train_256_stride_128\images\train_21_patch_0004.npy,C:\Users\gadda\Documents\FeatureFusionMoNuSAC\SDENet-Fusion\Datasets\Glas\precomputed\train_256_stride_128\masks\train_21_patch_0004.npy,0,512,256,256,522,775,522,775,0,0.0
train_21_patch_0005,train_21.bmp,C:\Users\gadda\Documents\FeatureFusionMoNuSAC\SDENet-Fusion\Datasets\Glas\precomputed\train_256_stride_128\images\train_21_patch_0005.npy,C:\Users\gadda\Documents\FeatureFusionMoNuSAC\SDENet-Fusion\Datasets\Glas\precomputed\train_256_stride_128\masks\train_21_patch_0005.npy,0,519,256,256,522,775,522,775,0,0.0
train_21_patch_0006,train_21.bmp,C:\Users\gadda\Documents\FeatureFusionMoNuSAC\SDENet-Fusion\Datasets\Glas\precomputed\train_256_stride_128\images\train_21_patch_0006.npy,C:\Users\gadda\Documents\FeatureFusionMoNuSAC\SDENet-Fusion\Datasets\Glas\precomputed\train_256_stride_128\masks\train_21_patch_0006.npy,128,0,256,256,522,775,522,775,55372,0.84490966796875
train_21_patch_0007,train_21.bmp,C:\Users\gadda\Documents\FeatureFusionMoNuSAC\SDENet-Fusion\Datasets\Glas\precomputed\train_256_stride_128\images\train_21_patch_0007.npy,C:\Users\gadda\Documents\FeatureFusionMoNuSAC\SDENet-Fusion\Datasets\Glas\precomputed\train_256_stride_128\masks\train_21_patch_0007.npy,128,128,256,256,522,775,522,775,44203,0.6744842529296875
train_21_patch_0008,train_21.bmp,C:\Users\gadda\Documents\FeatureFusionMoNuSAC\SDENet-Fusion\Datasets\Glas\precomputed\train_256_stride_128\images\train_21_patch_0008.npy,C:\Users\gadda\Documents\FeatureFusionMoNuSAC\SDENet-Fusion\Datasets\Glas\precomputed\train_256_stride_128\masks\train_21_patch_0008.npy,128,256,256,256,522,775,522,775,22219,0.3390350341796875
train_21_patch_0009,train_21.bmp,C:\Users\gadda\Documents\FeatureFusionMoNuSAC\SDENet-Fusion\Datasets\Glas\precomputed\train_256_stride_128\images\train_21_patch_0009.npy,C:\Users\gadda\Documents\FeatureFusionMoNuSAC\SDENet-Fusion\Datasets\Glas\precomputed\train_256_stride_128\masks\train_21_patch_0009.npy,128,384,256,256,522,775,522,775,5907,0.0901336669921875
train_21_patch_0010,train_21.bmp,C:\Users\gadda\Documents\FeatureFusionMoNuSAC\SDENet-Fusion\Datasets\Glas\precomputed\train_256_stride_128\images\train_21_patch_0010.npy,C:\Users\gadda\Documents\FeatureFusionMoNuSAC\SDENet-Fusion\Datasets\Glas\precomputed\train_256_stride_128\masks\train_21_patch_0010.npy,128,512,256,256,522,775,522,775,0,0.0
train_21_patch_0011,train_21.bmp,C:\Users\gadda\Documents\FeatureFusionMoNuSAC\SDENet-Fusion\Datasets\Glas\precomputed\train_256_stride_128\images\train_21_patch_0011.npy,C:\Users\gadda\Documents\FeatureFusionMoNuSAC\SDENet-Fusion\Datasets\Glas\precomputed\train_256_stride_128\masks\train_21_patch_0011.npy,128,519,256,256,522,775,522,775,0,0.0
train_21_patch_0012,train_21.bmp,C:\Users\gadda\Documents\FeatureFusionMoNuSAC\SDENet-Fusion\Datasets\Glas\precomputed\train_256_stride_128\images\train_21_patch_0012.npy,C:\Users\gadda\Documents\FeatureFusionMoNuSAC\SDENet-Fusion\Datasets\Glas\precomputed\train_256_stride_128\masks\train_21_patch_0012.npy,256,0,256,256,522,775,522,775,39973,0.6099395751953125
train_21_patch_0013,train_21.bmp,C:\Users\gadda\Documents\FeatureFusionMoNuSAC\SDENet-Fusion\Datasets\Glas\precomputed\train_256_stride_128\images\train_21_patch_0013.npy,C:\Users\gadda\Documents\FeatureFusionMoNuSAC\SDENet-Fusion\Datasets\Glas\precomputed\train_256_stride_128\masks\train_21_patch_0013.npy,256,128,256,256,522,775,522,775,34408,0.5250244140625
train_21_patch_0014,train_21.bmp,C:\Users\gadda\Documents\FeatureFusionMoNuSAC\SDENet-Fusion\Datasets\Glas\precomputed\train_256_stride_128\images\train_21_patch_0014.npy,C:\Users\gadda\Documents\FeatureFusionMoNuSAC\SDENet-Fusion\Datasets\Glas\precomputed\train_256_stride_128\masks\train_21_patch_0014.npy,256,256,256,256,522,775,522,775,17959,0.2740325927734375
train_21_patch_0015,train_21.bmp,C:\Users\gadda\Documents\FeatureFusionMoNuSAC\SDENet-Fusion\Datasets\Glas\precomputed\train_256_stride_128\images\train_21_patch_0015.npy,C:\Users\gadda\Documents\FeatureFusionMoNuSAC\SDENet-Fusion\Datasets\Glas\precomputed\train_256_stride_128\masks\train_21_patch_0015.npy,256,384,256,256,522,775,522,775,2962,0.045196533203125
train_21_patch_0016,train_21.bmp,C:\Users\gadda\Documents\FeatureFusionMoNuSAC\SDENet-Fusion\Datasets\Glas\precomputed\train_256_stride_128\images\train_21_patch_0016.npy,C:\Users\gadda\Documents\FeatureFusionMoNuSAC\SDENet-Fusion\Datasets\Glas\precomputed\train_256_stride_128\masks\train_21_patch_0016.npy,256,512,256,256,522,775,522,775,0,0.0
train_21_patch_0017,train_21.bmp,C:\Users\gadda\Documents\FeatureFusionMoNuSAC\SDENet-Fusion\Datasets\Glas\precomputed\train_256_stride_128\images\train_21_patch_0017.npy,C:\Users\gadda\Documents\FeatureFusionMoNuSAC\SDENet-Fusion\Datasets\Glas\precomputed\train_256_stride_128\masks\train_21_patch_0017.npy,256,519,256,256,522,775,522,775,0,0.0
train_21_patch_0018,train_21.bmp,C:\Users\gadda\Documents\FeatureFusionMoNuSAC\SDENet-Fusion\Datasets\Glas\precomputed\train_256_stride_128\images\train_21_patch_0018.npy,C:\Users\gadda\Documents\FeatureFusionMoNuSAC\SDENet-Fusion\Datasets\Glas\precomputed\train_256_stride_128\masks\train_21_patch_0018.npy,266,0,256,256,522,775,522,775,38470,0.587005615234375
train_21_patch_0019,train_21.bmp,C:\Users\gadda\Documents\FeatureFusionMoNuSAC\SDENet-Fusion\Datasets\Glas\precomputed\train_256_stride_128\images\train_21_patch_0019.npy,C:\Users\gadda\Documents\FeatureFusionMoNuSAC\SDENet-Fusion\Datasets\Glas\precomputed\train_256_stride_128\masks\train_21_patch_0019.npy,266,128,256,256,522,775,522,775,32573,0.4970245361328125
train_21_patch_0020,train_21.bmp,C:\Users\gadda\Documents\FeatureFusionMoNuSAC\SDENet-Fusion\Datasets\Glas\precomputed\train_256_stride_128\images\train_21_patch_0020.npy,C:\Users\gadda\Documents\FeatureFusionMoNuSAC\SDENet-Fusion\Datasets\Glas\precomputed\train_256_stride_128\masks\train_21_patch_0020.npy,266,256,256,256,522,775,522,775,17098,0.260894775390625
train_21_patch_0021,train_21.bmp,C:\Users\gadda\Documents\FeatureFusionMoNuSAC\SDENet-Fusion\Datasets\Glas\precomputed\train_256_stride_128\images\train_21_patch_0021.npy,C:\Users\gadda\Documents\FeatureFusionMoNuSAC\SDENet-Fusion\Datasets\Glas\precomputed\train_256_stride_128\masks\train_21_patch_0021.npy,266,384,256,256,522,775,522,775,2962,0.045196533203125
train_21_patch_0022,train_21.bmp,C:\Users\gadda\Documents\FeatureFusionMoNuSAC\SDENet-Fusion\Datasets\Glas\precomputed\train_256_stride_128\images\train_21_patch_0022.npy,C:\Users\gadda\Documents\FeatureFusionMoNuSAC\SDENet-Fusion\Datasets\Glas\precomputed\train_256_stride_128\masks\train_21_patch_0022.npy,266,512,256,256,522,775,522,775,0,0.0
train_21_patch_0023,train_21.bmp,C:\Users\gadda\Documents\FeatureFusionMoNuSAC\SDENet-Fusion\Datasets\Glas\precomputed\train_256_stride_128\images\train_21_patch_0023.npy,C:\Users\gadda\Documents\FeatureFusionMoNuSAC\SDENet-Fusion\Datasets\Glas\precomputed\train_256_stride_128\masks\train_21_patch_0023.npy,266,519,256,256,522,775,522,775,0,0.0
train_22_patch_0000,train_22.bmp,C:\Users\gadda\Documents\FeatureFusionMoNuSAC\SDENet-Fusion\Datasets\Glas\precomputed\train_256_stride_128\images\train_22_patch_0000.npy,C:\Users\gadda\Documents\FeatureFusionMoNuSAC\SDENet-Fusion\Datasets\Glas\precomputed\train_256_stride_128\masks\train_22_patch_0000.npy,0,0,256,256,522,775,522,775,37664,0.57470703125
train_22_patch_0001,train_22.bmp,C:\Users\gadda\Documents\FeatureFusionMoNuSAC\SDENet-Fusion\Datasets\Glas\precomputed\train_256_stride_128\images\train_22_patch_0001.npy,C:\Users\gadda\Documents\FeatureFusionMoNuSAC\SDENet-Fusion\Datasets\Glas\precomputed\train_256_stride_128\masks\train_22_patch_0001.npy,0,128,256,256,522,775,522,775,42807,0.6531829833984375
train_22_patch_0002,train_22.bmp,C:\Users\gadda\Documents\FeatureFusionMoNuSAC\SDENet-Fusion\Datasets\Glas\precomputed\train_256_stride_128\images\train_22_patch_0002.npy,C:\Users\gadda\Documents\FeatureFusionMoNuSAC\SDENet-Fusion\Datasets\Glas\precomputed\train_256_stride_128\masks\train_22_patch_0002.npy,0,256,256,256,522,775,522,775,42425,0.6473541259765625
train_22_patch_0003,train_22.bmp,C:\Users\gadda\Documents\FeatureFusionMoNuSAC\SDENet-Fusion\Datasets\Glas\precomputed\train_256_stride_128\images\train_22_patch_0003.npy,C:\Users\gadda\Documents\FeatureFusionMoNuSAC\SDENet-Fusion\Datasets\Glas\precomputed\train_256_stride_128\masks\train_22_patch_0003.npy,0,384,256,256,522,775,522,775,37334,0.569671630859375
train_22_patch_0004,train_22.bmp,C:\Users\gadda\Documents\FeatureFusionMoNuSAC\SDENet-Fusion\Datasets\Glas\precomputed\train_256_stride_128\images\train_22_patch_0004.npy,C:\Users\gadda\Documents\FeatureFusionMoNuSAC\SDENet-Fusion\Datasets\Glas\precomputed\train_256_stride_128\masks\train_22_patch_0004.npy,0,512,256,256,522,775,522,775,38980,0.59478759765625
train_22_patch_0005,train_22.bmp,C:\Users\gadda\Documents\FeatureFusionMoNuSAC\SDENet-Fusion\Datasets\Glas\precomputed\train_256_stride_128\images\train_22_patch_0005.npy,C:\Users\gadda\Documents\FeatureFusionMoNuSAC\SDENet-Fusion\Datasets\Glas\precomputed\train_256_stride_128\masks\train_22_patch_0005.npy,0,519,256,256,522,775,522,775,38426,0.586334228515625
train_22_patch_0006,train_22.bmp,C:\Users\gadda\Documents\FeatureFusionMoNuSAC\SDENet-Fusion\Datasets\Glas\precomputed\train_256_stride_128\images\train_22_patch_0006.npy,C:\Users\gadda\Documents\FeatureFusionMoNuSAC\SDENet-Fusion\Datasets\Glas\precomputed\train_256_stride_128\masks\train_22_patch_0006.npy,128,0,256,256,522,775,522,775,40270,0.614471435546875
train_22_patch_0007,train_22.bmp,C:\Users\gadda\Documents\FeatureFusionMoNuSAC\SDENet-Fusion\Datasets\Glas\precomputed\train_256_stride_128\images\train_22_patch_0007.npy,C:\Users\gadda\Documents\FeatureFusionMoNuSAC\SDENet-Fusion\Datasets\Glas\precomputed\train_256_stride_128\masks\train_22_patch_0007.npy,128,128,256,256,522,775,522,775,42074,0.641998291015625
train_22_patch_0008,train_22.bmp,C:\Users\gadda\Documents\FeatureFusionMoNuSAC\SDENet-Fusion\Datasets\Glas\precomputed\train_256_stride_128\images\train_22_patch_0008.npy,C:\Users\gadda\Documents\FeatureFusionMoNuSAC\SDENet-Fusion\Datasets\Glas\precomputed\train_256_stride_128\masks\train_22_patch_0008.npy,128,256,256,256,522,775,522,775,41798,0.637786865234375
train_22_patch_0009,train_22.bmp,C:\Users\gadda\Documents\FeatureFusionMoNuSAC\SDENet-Fusion\Datasets\Glas\precomputed\train_256_stride_128\images\train_22_patch_0009.npy,C:\Users\gadda\Documents\FeatureFusionMoNuSAC\SDENet-Fusion\Datasets\Glas\precomputed\train_256_stride_128\masks\train_22_patch_0009.npy,128,384,256,256,522,775,522,775,43957,0.6707305908203125
train_22_patch_0010,train_22.bmp,C:\Users\gadda\Documents\FeatureFusionMoNuSAC\SDENet-Fusion\Datasets\Glas\precomputed\train_256_stride_128\images\train_22_patch_0010.npy,C:\Users\gadda\Documents\FeatureFusionMoNuSAC\SDENet-Fusion\Datasets\Glas\precomputed\train_256_stride_128\masks\train_22_patch_0010.npy,128,512,256,256,522,775,522,775,42144,0.64306640625
train_22_patch_0011,train_22.bmp,C:\Users\gadda\Documents\FeatureFusionMoNuSAC\SDENet-Fusion\Datasets\Glas\precomputed\train_256_stride_128\images\train_22_patch_0011.npy,C:\Users\gadda\Documents\FeatureFusionMoNuSAC\SDENet-Fusion\Datasets\Glas\precomputed\train_256_stride_128\masks\train_22_patch_0011.npy,128,519,256,256,522,775,522,775,41766,0.637298583984375
train_22_patch_0012,train_22.bmp,C:\Users\gadda\Documents\FeatureFusionMoNuSAC\SDENet-Fusion\Datasets\Glas\precomputed\train_256_stride_128\images\train_22_patch_0012.npy,C:\Users\gadda\Documents\FeatureFusionMoNuSAC\SDENet-Fusion\Datasets\Glas\precomputed\train_256_stride_128\masks\train_22_patch_0012.npy,256,0,256,256,522,775,522,775,41408,0.6318359375
train_22_patch_0013,train_22.bmp,C:\Users\gadda\Documents\FeatureFusionMoNuSAC\SDENet-Fusion\Datasets\Glas\precomputed\train_256_stride_128\images\train_22_patch_0013.npy,C:\Users\gadda\Documents\FeatureFusionMoNuSAC\SDENet-Fusion\Datasets\Glas\precomputed\train_256_stride_128\masks\train_22_patch_0013.npy,256,128,256,256,522,775,522,775,43100,0.65765380859375
train_22_patch_0014,train_22.bmp,C:\Users\gadda\Documents\FeatureFusionMoNuSAC\SDENet-Fusion\Datasets\Glas\precomputed\train_256_stride_128\images\train_22_patch_0014.npy,C:\Users\gadda\Documents\FeatureFusionMoNuSAC\SDENet-Fusion\Datasets\Glas\precomputed\train_256_stride_128\masks\train_22_patch_0014.npy,256,256,256,256,522,775,522,775,41279,0.6298675537109375
train_22_patch_0015,train_22.bmp,C:\Users\gadda\Documents\FeatureFusionMoNuSAC\SDENet-Fusion\Datasets\Glas\precomputed\train_256_stride_128\images\train_22_patch_0015.npy,C:\Users\gadda\Documents\FeatureFusionMoNuSAC\SDENet-Fusion\Datasets\Glas\precomputed\train_256_stride_128\masks\train_22_patch_0015.npy,256,384,256,256,522,775,522,775,42136,0.6429443359375
train_22_patch_0016,train_22.bmp,C:\Users\gadda\Documents\FeatureFusionMoNuSAC\SDENet-Fusion\Datasets\Glas\precomputed\train_256_stride_128\images\train_22_patch_0016.npy,C:\Users\gadda\Documents\FeatureFusionMoNuSAC\SDENet-Fusion\Datasets\Glas\precomputed\train_256_stride_128\masks\train_22_patch_0016.npy,256,512,256,256,522,775,522,775,37724,0.57562255859375
train_22_patch_0017,train_22.bmp,C:\Users\gadda\Documents\FeatureFusionMoNuSAC\SDENet-Fusion\Datasets\Glas\precomputed\train_256_stride_128\images\train_22_patch_0017.npy,C:\Users\gadda\Documents\FeatureFusionMoNuSAC\SDENet-Fusion\Datasets\Glas\precomputed\train_256_stride_128\masks\train_22_patch_0017.npy,256,519,256,256,522,775,522,775,36979,0.5642547607421875
train_22_patch_0018,train_22.bmp,C:\Users\gadda\Documents\FeatureFusionMoNuSAC\SDENet-Fusion\Datasets\Glas\precomputed\train_256_stride_128\images\train_22_patch_0018.npy,C:\Users\gadda\Documents\FeatureFusionMoNuSAC\SDENet-Fusion\Datasets\Glas\precomputed\train_256_stride_128\masks\train_22_patch_0018.npy,266,0,256,256,522,775,522,775,40157,0.6127471923828125
train_22_patch_0019,train_22.bmp,C:\Users\gadda\Documents\FeatureFusionMoNuSAC\SDENet-Fusion\Datasets\Glas\precomputed\train_256_stride_128\images\train_22_patch_0019.npy,C:\Users\gadda\Documents\FeatureFusionMoNuSAC\SDENet-Fusion\Datasets\Glas\precomputed\train_256_stride_128\masks\train_22_patch_0019.npy,266,128,256,256,522,775,522,775,41407,0.6318206787109375
train_22_patch_0020,train_22.bmp,C:\Users\gadda\Documents\FeatureFusionMoNuSAC\SDENet-Fusion\Datasets\Glas\precomputed\train_256_stride_128\images\train_22_patch_0020.npy,C:\Users\gadda\Documents\FeatureFusionMoNuSAC\SDENet-Fusion\Datasets\Glas\precomputed\train_256_stride_128\masks\train_22_patch_0020.npy,266,256,256,256,522,775,522,775,40311,0.6150970458984375
train_22_patch_0021,train_22.bmp,C:\Users\gadda\Documents\FeatureFusionMoNuSAC\SDENet-Fusion\Datasets\Glas\precomputed\train_256_stride_128\images\train_22_patch_0021.npy,C:\Users\gadda\Documents\FeatureFusionMoNuSAC\SDENet-Fusion\Datasets\Glas\precomputed\train_256_stride_128\masks\train_22_patch_0021.npy,266,384,256,256,522,775,522,775,42148,0.64312744140625
train_22_patch_0022,train_22.bmp,C:\Users\gadda\Documents\FeatureFusionMoNuSAC\SDENet-Fusion\Datasets\Glas\precomputed\train_256_stride_128\images\train_22_patch_0022.npy,C:\Users\gadda\Documents\FeatureFusionMoNuSAC\SDENet-Fusion\Datasets\Glas\precomputed\train_256_stride_128\masks\train_22_patch_0022.npy,266,512,256,256,522,775,522,775,38302,0.584442138671875
train_22_patch_0023,train_22.bmp,C:\Users\gadda\Documents\FeatureFusionMoNuSAC\SDENet-Fusion\Datasets\Glas\precomputed\train_256_stride_128\images\train_22_patch_0023.npy,C:\Users\gadda\Documents\FeatureFusionMoNuSAC\SDENet-Fusion\Datasets\Glas\precomputed\train_256_stride_128\masks\train_22_patch_0023.npy,266,519,256,256,522,775,522,775,37508,0.57232666015625
train_23_patch_0000,train_23.bmp,C:\Users\gadda\Documents\FeatureFusionMoNuSAC\SDENet-Fusion\Datasets\Glas\precomputed\train_256_stride_128\images\train_23_patch_0000.npy,C:\Users\gadda\Documents\FeatureFusionMoNuSAC\SDENet-Fusion\Datasets\Glas\precomputed\train_256_stride_128\masks\train_23_patch_0000.npy,0,0,256,256,522,775,522,775,11788,0.17987060546875
train_23_patch_0001,train_23.bmp,C:\Users\gadda\Documents\FeatureFusionMoNuSAC\SDENet-Fusion\Datasets\Glas\precomputed\train_256_stride_128\images\train_23_patch_0001.npy,C:\Users\gadda\Documents\FeatureFusionMoNuSAC\SDENet-Fusion\Datasets\Glas\precomputed\train_256_stride_128\masks\train_23_patch_0001.npy,0,128,256,256,522,775,522,775,37549,0.5729522705078125
train_23_patch_0002,train_23.bmp,C:\Users\gadda\Documents\FeatureFusionMoNuSAC\SDENet-Fusion\Datasets\Glas\precomputed\train_256_stride_128\images\train_23_patch_0002.npy,C:\Users\gadda\Documents\FeatureFusionMoNuSAC\SDENet-Fusion\Datasets\Glas\precomputed\train_256_stride_128\masks\train_23_patch_0002.npy,0,256,256,256,522,775,522,775,39616,0.6044921875
train_23_patch_0003,train_23.bmp,C:\Users\gadda\Documents\FeatureFusionMoNuSAC\SDENet-Fusion\Datasets\Glas\precomputed\train_256_stride_128\images\train_23_patch_0003.npy,C:\Users\gadda\Documents\FeatureFusionMoNuSAC\SDENet-Fusion\Datasets\Glas\precomputed\train_256_stride_128\masks\train_23_patch_0003.npy,0,384,256,256,522,775,522,775,33744,0.514892578125
train_23_patch_0004,train_23.bmp,C:\Users\gadda\Documents\FeatureFusionMoNuSAC\SDENet-Fusion\Datasets\Glas\precomputed\train_256_stride_128\images\train_23_patch_0004.npy,C:\Users\gadda\Documents\FeatureFusionMoNuSAC\SDENet-Fusion\Datasets\Glas\precomputed\train_256_stride_128\masks\train_23_patch_0004.npy,0,512,256,256,522,775,522,775,57145,0.8719635009765625
train_23_patch_0005,train_23.bmp,C:\Users\gadda\Documents\FeatureFusionMoNuSAC\SDENet-Fusion\Datasets\Glas\precomputed\train_256_stride_128\images\train_23_patch_0005.npy,C:\Users\gadda\Documents\FeatureFusionMoNuSAC\SDENet-Fusion\Datasets\Glas\precomputed\train_256_stride_128\masks\train_23_patch_0005.npy,0,519,256,256,522,775,522,775,58511,0.8928070068359375
train_23_patch_0006,train_23.bmp,C:\Users\gadda\Documents\FeatureFusionMoNuSAC\SDENet-Fusion\Datasets\Glas\precomputed\train_256_stride_128\images\train_23_patch_0006.npy,C:\Users\gadda\Documents\FeatureFusionMoNuSAC\SDENet-Fusion\Datasets\Glas\precomputed\train_256_stride_128\masks\train_23_patch_0006.npy,128,0,256,256,522,775,522,775,19973,0.3047637939453125
train_23_patch_0007,train_23.bmp,C:\Users\gadda\Documents\FeatureFusionMoNuSAC\SDENet-Fusion\Datasets\Glas\precomputed\train_256_stride_128\images\train_23_patch_0007.npy,C:\Users\gadda\Documents\FeatureFusionMoNuSAC\SDENet-Fusion\Datasets\Glas\precomputed\train_256_stride_128\masks\train_23_patch_0007.npy,128,128,256,256,522,775,522,775,26787,0.4087371826171875
train_23_patch_0008,train_23.bmp,C:\Users\gadda\Documents\FeatureFusionMoNuSAC\SDENet-Fusion\Datasets\Glas\precomputed\train_256_stride_128\images\train_23_patch_0008.npy,C:\Users\gadda\Documents\FeatureFusionMoNuSAC\SDENet-Fusion\Datasets\Glas\precomputed\train_256_stride_128\masks\train_23_patch_0008.npy,128,256,256,256,522,775,522,775,26725,0.4077911376953125
train_23_patch_0009,train_23.bmp,C:\Users\gadda\Documents\FeatureFusionMoNuSAC\SDENet-Fusion\Datasets\Glas\precomputed\train_256_stride_128\images\train_23_patch_0009.npy,C:\Users\gadda\Documents\FeatureFusionMoNuSAC\SDENet-Fusion\Datasets\Glas\precomputed\train_256_stride_128\masks\train_23_patch_0009.npy,128,384,256,256,522,775,522,775,29004,0.44256591796875
train_23_patch_0010,train_23.bmp,C:\Users\gadda\Documents\FeatureFusionMoNuSAC\SDENet-Fusion\Datasets\Glas\precomputed\train_256_stride_128\images\train_23_patch_0010.npy,C:\Users\gadda\Documents\FeatureFusionMoNuSAC\SDENet-Fusion\Datasets\Glas\precomputed\train_256_stride_128\masks\train_23_patch_0010.npy,128,512,256,256,522,775,522,775,52264,0.7974853515625
train_23_patch_0011,train_23.bmp,C:\Users\gadda\Documents\FeatureFusionMoNuSAC\SDENet-Fusion\Datasets\Glas\precomputed\train_256_stride_128\images\train_23_patch_0011.npy,C:\Users\gadda\Documents\FeatureFusionMoNuSAC\SDENet-Fusion\Datasets\Glas\precomputed\train_256_stride_128\masks\train_23_patch_0011.npy,128,519,256,256,522,775,522,775,53823,0.8212738037109375
train_23_patch_0012,train_23.bmp,C:\Users\gadda\Documents\FeatureFusionMoNuSAC\SDENet-Fusion\Datasets\Glas\precomputed\train_256_stride_128\images\train_23_patch_0012.npy,C:\Users\gadda\Documents\FeatureFusionMoNuSAC\SDENet-Fusion\Datasets\Glas\precomputed\train_256_stride_128\masks\train_23_patch_0012.npy,256,0,256,256,522,775,522,775,36156,0.55169677734375
train_23_patch_0013,train_23.bmp,C:\Users\gadda\Documents\FeatureFusionMoNuSAC\SDENet-Fusion\Datasets\Glas\precomputed\train_256_stride_128\images\train_23_patch_0013.npy,C:\Users\gadda\Documents\FeatureFusionMoNuSAC\SDENet-Fusion\Datasets\Glas\precomputed\train_256_stride_128\masks\train_23_patch_0013.npy,256,128,256,256,522,775,522,775,40710,0.621185302734375
train_23_patch_0014,train_23.bmp,C:\Users\gadda\Documents\FeatureFusionMoNuSAC\SDENet-Fusion\Datasets\Glas\precomputed\train_256_stride_128\images\train_23_patch_0014.npy,C:\Users\gadda\Documents\FeatureFusionMoNuSAC\SDENet-Fusion\Datasets\Glas\precomputed\train_256_stride_128\masks\train_23_patch_0014.npy,256,256,256,256,522,775,522,775,34505,0.5265045166015625
train_23_patch_0015,train_23.bmp,C:\Users\gadda\Documents\FeatureFusionMoNuSAC\SDENet-Fusion\Datasets\Glas\precomputed\train_256_stride_128\images\train_23_patch_0015.npy,C:\Users\gadda\Documents\FeatureFusionMoNuSAC\SDENet-Fusion\Datasets\Glas\precomputed\train_256_stride_128\masks\train_23_patch_0015.npy,256,384,256,256,522,775,522,775,31945,0.4874420166015625
train_23_patch_0016,train_23.bmp,C:\Users\gadda\Documents\FeatureFusionMoNuSAC\SDENet-Fusion\Datasets\Glas\precomputed\train_256_stride_128\images\train_23_patch_0016.npy,C:\Users\gadda\Documents\FeatureFusionMoNuSAC\SDENet-Fusion\Datasets\Glas\precomputed\train_256_stride_128\masks\train_23_patch_0016.npy,256,512,256,256,522,775,522,775,34156,0.52117919921875
train_23_patch_0017,train_23.bmp,C:\Users\gadda\Documents\FeatureFusionMoNuSAC\SDENet-Fusion\Datasets\Glas\precomputed\train_256_stride_128\images\train_23_patch_0017.npy,C:\Users\gadda\Documents\FeatureFusionMoNuSAC\SDENet-Fusion\Datasets\Glas\precomputed\train_256_stride_128\masks\train_23_patch_0017.npy,256,519,256,256,522,775,522,775,34438,0.525482177734375
train_23_patch_0018,train_23.bmp,C:\Users\gadda\Documents\FeatureFusionMoNuSAC\SDENet-Fusion\Datasets\Glas\precomputed\train_256_stride_128\images\train_23_patch_0018.npy,C:\Users\gadda\Documents\FeatureFusionMoNuSAC\SDENet-Fusion\Datasets\Glas\precomputed\train_256_stride_128\masks\train_23_patch_0018.npy,266,0,256,256,522,775,522,775,37739,0.5758514404296875
train_23_patch_0019,train_23.bmp,C:\Users\gadda\Documents\FeatureFusionMoNuSAC\SDENet-Fusion\Datasets\Glas\precomputed\train_256_stride_128\images\train_23_patch_0019.npy,C:\Users\gadda\Documents\FeatureFusionMoNuSAC\SDENet-Fusion\Datasets\Glas\precomputed\train_256_stride_128\masks\train_23_patch_0019.npy,266,128,256,256,522,775,522,775,41792,0.6376953125
train_23_patch_0020,train_23.bmp,C:\Users\gadda\Documents\FeatureFusionMoNuSAC\SDENet-Fusion\Datasets\Glas\precomputed\train_256_stride_128\images\train_23_patch_0020.npy,C:\Users\gadda\Documents\FeatureFusionMoNuSAC\SDENet-Fusion\Datasets\Glas\precomputed\train_256_stride_128\masks\train_23_patch_0020.npy,266,256,256,256,522,775,522,775,36020,0.54962158203125
train_23_patch_0021,train_23.bmp,C:\Users\gadda\Documents\FeatureFusionMoNuSAC\SDENet-Fusion\Datasets\Glas\precomputed\train_256_stride_128\images\train_23_patch_0021.npy,C:\Users\gadda\Documents\FeatureFusionMoNuSAC\SDENet-Fusion\Datasets\Glas\precomputed\train_256_stride_128\masks\train_23_patch_0021.npy,266,384,256,256,522,775,522,775,33005,0.5036163330078125
train_23_patch_0022,train_23.bmp,C:\Users\gadda\Documents\FeatureFusionMoNuSAC\SDENet-Fusion\Datasets\Glas\precomputed\train_256_stride_128\images\train_23_patch_0022.npy,C:\Users\gadda\Documents\FeatureFusionMoNuSAC\SDENet-Fusion\Datasets\Glas\precomputed\train_256_stride_128\masks\train_23_patch_0022.npy,266,512,256,256,522,775,522,775,32878,0.501678466796875
train_23_patch_0023,train_23.bmp,C:\Users\gadda\Documents\FeatureFusionMoNuSAC\SDENet-Fusion\Datasets\Glas\precomputed\train_256_stride_128\images\train_23_patch_0023.npy,C:\Users\gadda\Documents\FeatureFusionMoNuSAC\SDENet-Fusion\Datasets\Glas\precomputed\train_256_stride_128\masks\train_23_patch_0023.npy,266,519,256,256,522,775,522,775,33020,0.50384521484375
train_24_patch_0000,train_24.bmp,C:\Users\gadda\Documents\FeatureFusionMoNuSAC\SDENet-Fusion\Datasets\Glas\precomputed\train_256_stride_128\images\train_24_patch_0000.npy,C:\Users\gadda\Documents\FeatureFusionMoNuSAC\SDENet-Fusion\Datasets\Glas\precomputed\train_256_stride_128\masks\train_24_patch_0000.npy,0,0,256,256,522,775,522,775,38922,0.593902587890625
train_24_patch_0001,train_24.bmp,C:\Users\gadda\Documents\FeatureFusionMoNuSAC\SDENet-Fusion\Datasets\Glas\precomputed\train_256_stride_128\images\train_24_patch_0001.npy,C:\Users\gadda\Documents\FeatureFusionMoNuSAC\SDENet-Fusion\Datasets\Glas\precomputed\train_256_stride_128\masks\train_24_patch_0001.npy,0,128,256,256,522,775,522,775,53317,0.8135528564453125
train_24_patch_0002,train_24.bmp,C:\Users\gadda\Documents\FeatureFusionMoNuSAC\SDENet-Fusion\Datasets\Glas\precomputed\train_256_stride_128\images\train_24_patch_0002.npy,C:\Users\gadda\Documents\FeatureFusionMoNuSAC\SDENet-Fusion\Datasets\Glas\precomputed\train_256_stride_128\masks\train_24_patch_0002.npy,0,256,256,256,522,775,522,775,57612,0.87908935546875
train_24_patch_0003,train_24.bmp,C:\Users\gadda\Documents\FeatureFusionMoNuSAC\SDENet-Fusion\Datasets\Glas\precomputed\train_256_stride_128\images\train_24_patch_0003.npy,C:\Users\gadda\Documents\FeatureFusionMoNuSAC\SDENet-Fusion\Datasets\Glas\precomputed\train_256_stride_128\masks\train_24_patch_0003.npy,0,384,256,256,522,775,522,775,62556,0.95452880859375
train_24_patch_0004,train_24.bmp,C:\Users\gadda\Documents\FeatureFusionMoNuSAC\SDENet-Fusion\Datasets\Glas\precomputed\train_256_stride_128\images\train_24_patch_0004.npy,C:\Users\gadda\Documents\FeatureFusionMoNuSAC\SDENet-Fusion\Datasets\Glas\precomputed\train_256_stride_128\masks\train_24_patch_0004.npy,0,512,256,256,522,775,522,775,65432,0.9984130859375
train_24_patch_0005,train_24.bmp,C:\Users\gadda\Documents\FeatureFusionMoNuSAC\SDENet-Fusion\Datasets\Glas\precomputed\train_256_stride_128\images\train_24_patch_0005.npy,C:\Users\gadda\Documents\FeatureFusionMoNuSAC\SDENet-Fusion\Datasets\Glas\precomputed\train_256_stride_128\masks\train_24_patch_0005.npy,0,519,256,256,522,775,522,775,65465,0.9989166259765625
train_24_patch_0006,train_24.bmp,C:\Users\gadda\Documents\FeatureFusionMoNuSAC\SDENet-Fusion\Datasets\Glas\precomputed\train_256_stride_128\images\train_24_patch_0006.npy,C:\Users\gadda\Documents\FeatureFusionMoNuSAC\SDENet-Fusion\Datasets\Glas\precomputed\train_256_stride_128\masks\train_24_patch_0006.npy,128,0,256,256,522,775,522,775,23787,0.3629608154296875
train_24_patch_0007,train_24.bmp,C:\Users\gadda\Documents\FeatureFusionMoNuSAC\SDENet-Fusion\Datasets\Glas\precomputed\train_256_stride_128\images\train_24_patch_0007.npy,C:\Users\gadda\Documents\FeatureFusionMoNuSAC\SDENet-Fusion\Datasets\Glas\precomputed\train_256_stride_128\masks\train_24_patch_0007.npy,128,128,256,256,522,775,522,775,45528,0.6947021484375
train_24_patch_0008,train_24.bmp,C:\Users\gadda\Documents\FeatureFusionMoNuSAC\SDENet-Fusion\Datasets\Glas\precomputed\train_256_stride_128\images\train_24_patch_0008.npy,C:\Users\gadda\Documents\FeatureFusionMoNuSAC\SDENet-Fusion\Datasets\Glas\precomputed\train_256_stride_128\masks\train_24_patch_0008.npy,128,256,256,256,522,775,522,775,53049,0.8094635009765625
train_24_patch_0009,train_24.bmp,C:\Users\gadda\Documents\FeatureFusionMoNuSAC\SDENet-Fusion\Datasets\Glas\precomputed\train_256_stride_128\images\train_24_patch_0009.npy,C:\Users\gadda\Documents\FeatureFusionMoNuSAC\SDENet-Fusion\Datasets\Glas\precomputed\train_256_stride_128\masks\train_24_patch_0009.npy,128,384,256,256,522,775,522,775,54052,0.82476806640625
train_24_patch_0010,train_24.bmp,C:\Users\gadda\Documents\FeatureFusionMoNuSAC\SDENet-Fusion\Datasets\Glas\precomputed\train_256_stride_128\images\train_24_patch_0010.npy,C:\Users\gadda\Documents\FeatureFusionMoNuSAC\SDENet-Fusion\Datasets\Glas\precomputed\train_256_stride_128\masks\train_24_patch_0010.npy,128,512,256,256,522,775,522,775,50964,0.77764892578125
train_24_patch_0011,train_24.bmp,C:\Users\gadda\Documents\FeatureFusionMoNuSAC\SDENet-Fusion\Datasets\Glas\precomputed\train_256_stride_128\images\train_24_patch_0011.npy,C:\Users\gadda\Documents\FeatureFusionMoNuSAC\SDENet-Fusion\Datasets\Glas\precomputed\train_256_stride_128\masks\train_24_patch_0011.npy,128,519,256,256,522,775,522,775,51141,0.7803497314453125
train_24_patch_0012,train_24.bmp,C:\Users\gadda\Documents\FeatureFusionMoNuSAC\SDENet-Fusion\Datasets\Glas\precomputed\train_256_stride_128\images\train_24_patch_0012.npy,C:\Users\gadda\Documents\FeatureFusionMoNuSAC\SDENet-Fusion\Datasets\Glas\precomputed\train_256_stride_128\masks\train_24_patch_0012.npy,256,0,256,256,522,775,522,775,23401,0.3570709228515625
train_24_patch_0013,train_24.bmp,C:\Users\gadda\Documents\FeatureFusionMoNuSAC\SDENet-Fusion\Datasets\Glas\precomputed\train_256_stride_128\images\train_24_patch_0013.npy,C:\Users\gadda\Documents\FeatureFusionMoNuSAC\SDENet-Fusion\Datasets\Glas\precomputed\train_256_stride_128\masks\train_24_patch_0013.npy,256,128,256,256,522,775,522,775,45330,0.691680908203125
train_24_patch_0014,train_24.bmp,C:\Users\gadda\Documents\FeatureFusionMoNuSAC\SDENet-Fusion\Datasets\Glas\precomputed\train_256_stride_128\images\train_24_patch_0014.npy,C:\Users\gadda\Documents\FeatureFusionMoNuSAC\SDENet-Fusion\Datasets\Glas\precomputed\train_256_stride_128\masks\train_24_patch_0014.npy,256,256,256,256,522,775,522,775,39505,0.6027984619140625
train_24_patch_0015,train_24.bmp,C:\Users\gadda\Documents\FeatureFusionMoNuSAC\SDENet-Fusion\Datasets\Glas\precomputed\train_256_stride_128\images\train_24_patch_0015.npy,C:\Users\gadda\Documents\FeatureFusionMoNuSAC\SDENet-Fusion\Datasets\Glas\precomputed\train_256_stride_128\masks\train_24_patch_0015.npy,256,384,256,256,522,775,522,775,24882,0.379669189453125
train_24_patch_0016,train_24.bmp,C:\Users\gadda\Documents\FeatureFusionMoNuSAC\SDENet-Fusion\Datasets\Glas\precomputed\train_256_stride_128\images\train_24_patch_0016.npy,C:\Users\gadda\Documents\FeatureFusionMoNuSAC\SDENet-Fusion\Datasets\Glas\precomputed\train_256_stride_128\masks\train_24_patch_0016.npy,256,512,256,256,522,775,522,775,22451,0.3425750732421875
train_24_patch_0017,train_24.bmp,C:\Users\gadda\Documents\FeatureFusionMoNuSAC\SDENet-Fusion\Datasets\Glas\precomputed\train_256_stride_128\images\train_24_patch_0017.npy,C:\Users\gadda\Documents\FeatureFusionMoNuSAC\SDENet-Fusion\Datasets\Glas\precomputed\train_256_stride_128\masks\train_24_patch_0017.npy,256,519,256,256,522,775,522,775,23071,0.3520355224609375
train_24_patch_0018,train_24.bmp,C:\Users\gadda\Documents\FeatureFusionMoNuSAC\SDENet-Fusion\Datasets\Glas\precomputed\train_256_stride_128\images\train_24_patch_0018.npy,C:\Users\gadda\Documents\FeatureFusionMoNuSAC\SDENet-Fusion\Datasets\Glas\precomputed\train_256_stride_128\masks\train_24_patch_0018.npy,266,0,256,256,522,775,522,775,21765,0.3321075439453125
train_24_patch_0019,train_24.bmp,C:\Users\gadda\Documents\FeatureFusionMoNuSAC\SDENet-Fusion\Datasets\Glas\precomputed\train_256_stride_128\images\train_24_patch_0019.npy,C:\Users\gadda\Documents\FeatureFusionMoNuSAC\SDENet-Fusion\Datasets\Glas\precomputed\train_256_stride_128\masks\train_24_patch_0019.npy,266,128,256,256,522,775,522,775,42770,0.652618408203125
train_24_patch_0020,train_24.bmp,C:\Users\gadda\Documents\FeatureFusionMoNuSAC\SDENet-Fusion\Datasets\Glas\precomputed\train_256_stride_128\images\train_24_patch_0020.npy,C:\Users\gadda\Documents\FeatureFusionMoNuSAC\SDENet-Fusion\Datasets\Glas\precomputed\train_256_stride_128\masks\train_24_patch_0020.npy,266,256,256,256,522,775,522,775,37364,0.57012939453125
train_24_patch_0021,train_24.bmp,C:\Users\gadda\Documents\FeatureFusionMoNuSAC\SDENet-Fusion\Datasets\Glas\precomputed\train_256_stride_128\images\train_24_patch_0021.npy,C:\Users\gadda\Documents\FeatureFusionMoNuSAC\SDENet-Fusion\Datasets\Glas\precomputed\train_256_stride_128\masks\train_24_patch_0021.npy,266,384,256,256,522,775,522,775,23001,0.3509674072265625
train_24_patch_0022,train_24.bmp,C:\Users\gadda\Documents\FeatureFusionMoNuSAC\SDENet-Fusion\Datasets\Glas\precomputed\train_256_stride_128\images\train_24_patch_0022.npy,C:\Users\gadda\Documents\FeatureFusionMoNuSAC\SDENet-Fusion\Datasets\Glas\precomputed\train_256_stride_128\masks\train_24_patch_0022.npy,266,512,256,256,522,775,522,775,20296,0.3096923828125
train_24_patch_0023,train_24.bmp,C:\Users\gadda\Documents\FeatureFusionMoNuSAC\SDENet-Fusion\Datasets\Glas\precomputed\train_256_stride_128\images\train_24_patch_0023.npy,C:\Users\gadda\Documents\FeatureFusionMoNuSAC\SDENet-Fusion\Datasets\Glas\precomputed\train_256_stride_128\masks\train_24_patch_0023.npy,266,519,256,256,522,775,522,775,20846,0.318084716796875
train_25_patch_0000,train_25.bmp,C:\Users\gadda\Documents\FeatureFusionMoNuSAC\SDENet-Fusion\Datasets\Glas\precomputed\train_256_stride_128\images\train_25_patch_0000.npy,C:\Users\gadda\Documents\FeatureFusionMoNuSAC\SDENet-Fusion\Datasets\Glas\precomputed\train_256_stride_128\masks\train_25_patch_0000.npy,0,0,256,256,522,775,522,775,38204,0.58294677734375
train_25_patch_0001,train_25.bmp,C:\Users\gadda\Documents\FeatureFusionMoNuSAC\SDENet-Fusion\Datasets\Glas\precomputed\train_256_stride_128\images\train_25_patch_0001.npy,C:\Users\gadda\Documents\FeatureFusionMoNuSAC\SDENet-Fusion\Datasets\Glas\precomputed\train_256_stride_128\masks\train_25_patch_0001.npy,0,128,256,256,522,775,522,775,30412,0.46405029296875
train_25_patch_0002,train_25.bmp,C:\Users\gadda\Documents\FeatureFusionMoNuSAC\SDENet-Fusion\Datasets\Glas\precomputed\train_256_stride_128\images\train_25_patch_0002.npy,C:\Users\gadda\Documents\FeatureFusionMoNuSAC\SDENet-Fusion\Datasets\Glas\precomputed\train_256_stride_128\masks\train_25_patch_0002.npy,0,256,256,256,522,775,522,775,31440,0.479736328125
train_25_patch_0003,train_25.bmp,C:\Users\gadda\Documents\FeatureFusionMoNuSAC\SDENet-Fusion\Datasets\Glas\precomputed\train_256_stride_128\images\train_25_patch_0003.npy,C:\Users\gadda\Documents\FeatureFusionMoNuSAC\SDENet-Fusion\Datasets\Glas\precomputed\train_256_stride_128\masks\train_25_patch_0003.npy,0,384,256,256,522,775,522,775,30892,0.47137451171875
train_25_patch_0004,train_25.bmp,C:\Users\gadda\Documents\FeatureFusionMoNuSAC\SDENet-Fusion\Datasets\Glas\precomputed\train_256_stride_128\images\train_25_patch_0004.npy,C:\Users\gadda\Documents\FeatureFusionMoNuSAC\SDENet-Fusion\Datasets\Glas\precomputed\train_256_stride_128\masks\train_25_patch_0004.npy,0,512,256,256,522,775,522,775,23381,0.3567657470703125
train_25_patch_0005,train_25.bmp,C:\Users\gadda\Documents\FeatureFusionMoNuSAC\SDENet-Fusion\Datasets\Glas\precomputed\train_256_stride_128\images\train_25_patch_0005.npy,C:\Users\gadda\Documents\FeatureFusionMoNuSAC\SDENet-Fusion\Datasets\Glas\precomputed\train_256_stride_128\masks\train_25_patch_0005.npy,0,519,256,256,522,775,522,775,22448,0.342529296875
train_25_patch_0006,train_25.bmp,C:\Users\gadda\Documents\FeatureFusionMoNuSAC\SDENet-Fusion\Datasets\Glas\precomputed\train_256_stride_128\images\train_25_patch_0006.npy,C:\Users\gadda\Documents\FeatureFusionMoNuSAC\SDENet-Fusion\Datasets\Glas\precomputed\train_256_stride_128\masks\train_25_patch_0006.npy,128,0,256,256,522,775,522,775,38582,0.588714599609375
train_25_patch_0007,train_25.bmp,C:\Users\gadda\Documents\FeatureFusionMoNuSAC\SDENet-Fusion\Datasets\Glas\precomputed\train_256_stride_128\images\train_25_patch_0007.npy,C:\Users\gadda\Documents\FeatureFusionMoNuSAC\SDENet-Fusion\Datasets\Glas\precomputed\train_256_stride_128\masks\train_25_patch_0007.npy,128,128,256,256,522,775,522,775,31481,0.4803619384765625
train_25_patch_0008,train_25.bmp,C:\Users\gadda\Documents\FeatureFusionMoNuSAC\SDENet-Fusion\Datasets\Glas\precomputed\train_256_stride_128\images\train_25_patch_0008.npy,C:\Users\gadda\Documents\FeatureFusionMoNuSAC\SDENet-Fusion\Datasets\Glas\precomputed\train_256_stride_128\masks\train_25_patch_0008.npy,128,256,256,256,522,775,522,775,26184,0.3995361328125
train_25_patch_0009,train_25.bmp,C:\Users\gadda\Documents\FeatureFusionMoNuSAC\SDENet-Fusion\Datasets\Glas\precomputed\train_256_stride_128\images\train_25_patch_0009.npy,C:\Users\gadda\Documents\FeatureFusionMoNuSAC\SDENet-Fusion\Datasets\Glas\precomputed\train_256_stride_128\masks\train_25_patch_0009.npy,128,384,256,256,522,775,522,775,36392,0.5552978515625
train_25_patch_0010,train_25.bmp,C:\Users\gadda\Documents\FeatureFusionMoNuSAC\SDENet-Fusion\Datasets\Glas\precomputed\train_256_stride_128\images\train_25_patch_0010.npy,C:\Users\gadda\Documents\FeatureFusionMoNuSAC\SDENet-Fusion\Datasets\Glas\precomputed\train_256_stride_128\masks\train_25_patch_0010.npy,128,512,256,256,522,775,522,775,34824,0.5313720703125
train_25_patch_0011,train_25.bmp,C:\Users\gadda\Documents\FeatureFusionMoNuSAC\SDENet-Fusion\Datasets\Glas\precomputed\train_256_stride_128\images\train_25_patch_0011.npy,C:\Users\gadda\Documents\FeatureFusionMoNuSAC\SDENet-Fusion\Datasets\Glas\precomputed\train_256_stride_128\masks\train_25_patch_0011.npy,128,519,256,256,522,775,522,775,34419,0.5251922607421875
train_25_patch_0012,train_25.bmp,C:\Users\gadda\Documents\FeatureFusionMoNuSAC\SDENet-Fusion\Datasets\Glas\precomputed\train_256_stride_128\images\train_25_patch_0012.npy,C:\Users\gadda\Documents\FeatureFusionMoNuSAC\SDENet-Fusion\Datasets\Glas\precomputed\train_256_stride_128\masks\train_25_patch_0012.npy,256,0,256,256,522,775,522,775,35484,0.54144287109375
train_25_patch_0013,train_25.bmp,C:\Users\gadda\Documents\FeatureFusionMoNuSAC\SDENet-Fusion\Datasets\Glas\precomputed\train_256_stride_128\images\train_25_patch_0013.npy,C:\Users\gadda\Documents\FeatureFusionMoNuSAC\SDENet-Fusion\Datasets\Glas\precomputed\train_256_stride_128\masks\train_25_patch_0013.npy,256,128,256,256,522,775,522,775,24007,0.3663177490234375
train_25_patch_0014,train_25.bmp,C:\Users\gadda\Documents\FeatureFusionMoNuSAC\SDENet-Fusion\Datasets\Glas\precomputed\train_256_stride_128\images\train_25_patch_0014.npy,C:\Users\gadda\Documents\FeatureFusionMoNuSAC\SDENet-Fusion\Datasets\Glas\precomputed\train_256_stride_128\masks\train_25_patch_0014.npy,256,256,256,256,522,775,522,775,14810,0.225982666015625
train_25_patch_0015,train_25.bmp,C:\Users\gadda\Documents\FeatureFusionMoNuSAC\SDENet-Fusion\Datasets\Glas\precomputed\train_256_stride_128\images\train_25_patch_0015.npy,C:\Users\gadda\Documents\FeatureFusionMoNuSAC\SDENet-Fusion\Datasets\Glas\precomputed\train_256_stride_128\masks\train_25_patch_0015.npy,256,384,256,256,522,775,522,775,36863,0.5624847412109375
train_25_patch_0016,train_25.bmp,C:\Users\gadda\Documents\FeatureFusionMoNuSAC\SDENet-Fusion\Datasets\Glas\precomputed\train_256_stride_128\images\train_25_patch_0016.npy,C:\Users\gadda\Documents\FeatureFusionMoNuSAC\SDENet-Fusion\Datasets\Glas\precomputed\train_256_stride_128\masks\train_25_patch_0016.npy,256,512,256,256,522,775,522,775,49203,0.7507781982421875
train_25_patch_0017,train_25.bmp,C:\Users\gadda\Documents\FeatureFusionMoNuSAC\SDENet-Fusion\Datasets\Glas\precomputed\train_256_stride_128\images\train_25_patch_0017.npy,C:\Users\gadda\Documents\FeatureFusionMoNuSAC\SDENet-Fusion\Datasets\Glas\precomputed\train_256_stride_128\masks\train_25_patch_0017.npy,256,519,256,256,522,775,522,775,49362,0.753204345703125
train_25_patch_0018,train_25.bmp,C:\Users\gadda\Documents\FeatureFusionMoNuSAC\SDENet-Fusion\Datasets\Glas\precomputed\train_256_stride_128\images\train_25_patch_0018.npy,C:\Users\gadda\Documents\FeatureFusionMoNuSAC\SDENet-Fusion\Datasets\Glas\precomputed\train_256_stride_128\masks\train_25_patch_0018.npy,266,0,256,256,522,775,522,775,36292,0.55377197265625
train_25_patch_0019,train_25.bmp,C:\Users\gadda\Documents\FeatureFusionMoNuSAC\SDENet-Fusion\Datasets\Glas\precomputed\train_256_stride_128\images\train_25_patch_0019.npy,C:\Users\gadda\Documents\FeatureFusionMoNuSAC\SDENet-Fusion\Datasets\Glas\precomputed\train_256_stride_128\masks\train_25_patch_0019.npy,266,128,256,256,522,775,522,775,24688,0.376708984375
train_25_patch_0020,train_25.bmp,C:\Users\gadda\Documents\FeatureFusionMoNuSAC\SDENet-Fusion\Datasets\Glas\precomputed\train_256_stride_128\images\train_25_patch_0020.npy,C:\Users\gadda\Documents\FeatureFusionMoNuSAC\SDENet-Fusion\Datasets\Glas\precomputed\train_256_stride_128\masks\train_25_patch_0020.npy,266,256,256,256,522,775,522,775,14891,0.2272186279296875
train_25_patch_0021,train_25.bmp,C:\Users\gadda\Documents\FeatureFusionMoNuSAC\SDENet-Fusion\Datasets\Glas\precomputed\train_256_stride_128\images\train_25_patch_0021.npy,C:\Users\gadda\Documents\FeatureFusionMoNuSAC\SDENet-Fusion\Datasets\Glas\precomputed\train_256_stride_128\masks\train_25_patch_0021.npy,266,384,256,256,522,775,522,775,36952,0.5638427734375
train_25_patch_0022,train_25.bmp,C:\Users\gadda\Documents\FeatureFusionMoNuSAC\SDENet-Fusion\Datasets\Glas\precomputed\train_256_stride_128\images\train_25_patch_0022.npy,C:\Users\gadda\Documents\FeatureFusionMoNuSAC\SDENet-Fusion\Datasets\Glas\precomputed\train_256_stride_128\masks\train_25_patch_0022.npy,266,512,256,256,522,775,522,775,50870,0.776214599609375
train_25_patch_0023,train_25.bmp,C:\Users\gadda\Documents\FeatureFusionMoNuSAC\SDENet-Fusion\Datasets\Glas\precomputed\train_256_stride_128\images\train_25_patch_0023.npy,C:\Users\gadda\Documents\FeatureFusionMoNuSAC\SDENet-Fusion\Datasets\Glas\precomputed\train_256_stride_128\masks\train_25_patch_0023.npy,266,519,256,256,522,775,522,775,51052,0.77899169921875
train_26_patch_0000,train_26.bmp,C:\Users\gadda\Documents\FeatureFusionMoNuSAC\SDENet-Fusion\Datasets\Glas\precomputed\train_256_stride_128\images\train_26_patch_0000.npy,C:\Users\gadda\Documents\FeatureFusionMoNuSAC\SDENet-Fusion\Datasets\Glas\precomputed\train_256_stride_128\masks\train_26_patch_0000.npy,0,0,256,256,522,775,522,775,4848,0.073974609375
train_26_patch_0001,train_26.bmp,C:\Users\gadda\Documents\FeatureFusionMoNuSAC\SDENet-Fusion\Datasets\Glas\precomputed\train_256_stride_128\images\train_26_patch_0001.npy,C:\Users\gadda\Documents\FeatureFusionMoNuSAC\SDENet-Fusion\Datasets\Glas\precomputed\train_256_stride_128\masks\train_26_patch_0001.npy,0,128,256,256,522,775,522,775,6509,0.0993194580078125
train_26_patch_0002,train_26.bmp,C:\Users\gadda\Documents\FeatureFusionMoNuSAC\SDENet-Fusion\Datasets\Glas\precomputed\train_256_stride_128\images\train_26_patch_0002.npy,C:\Users\gadda\Documents\FeatureFusionMoNuSAC\SDENet-Fusion\Datasets\Glas\precomputed\train_256_stride_128\masks\train_26_patch_0002.npy,0,256,256,256,522,775,522,775,4664,0.0711669921875
train_26_patch_0003,train_26.bmp,C:\Users\gadda\Documents\FeatureFusionMoNuSAC\SDENet-Fusion\Datasets\Glas\precomputed\train_256_stride_128\images\train_26_patch_0003.npy,C:\Users\gadda\Documents\FeatureFusionMoNuSAC\SDENet-Fusion\Datasets\Glas\precomputed\train_256_stride_128\masks\train_26_patch_0003.npy,0,384,256,256,522,775,522,775,1490,0.022735595703125
train_26_patch_0004,train_26.bmp,C:\Users\gadda\Documents\FeatureFusionMoNuSAC\SDENet-Fusion\Datasets\Glas\precomputed\train_256_stride_128\images\train_26_patch_0004.npy,C:\Users\gadda\Documents\FeatureFusionMoNuSAC\SDENet-Fusion\Datasets\Glas\precomputed\train_256_stride_128\masks\train_26_patch_0004.npy,0,512,256,256,522,775,522,775,0,0.0
train_26_patch_0005,train_26.bmp,C:\Users\gadda\Documents\FeatureFusionMoNuSAC\SDENet-Fusion\Datasets\Glas\precomputed\train_256_stride_128\images\train_26_patch_0005.npy,C:\Users\gadda\Documents\FeatureFusionMoNuSAC\SDENet-Fusion\Datasets\Glas\precomputed\train_256_stride_128\masks\train_26_patch_0005.npy,0,519,256,256,522,775,522,775,0,0.0
train_26_patch_0006,train_26.bmp,C:\Users\gadda\Documents\FeatureFusionMoNuSAC\SDENet-Fusion\Datasets\Glas\precomputed\train_256_stride_128\images\train_26_patch_0006.npy,C:\Users\gadda\Documents\FeatureFusionMoNuSAC\SDENet-Fusion\Datasets\Glas\precomputed\train_256_stride_128\masks\train_26_patch_0006.npy,128,0,256,256,522,775,522,775,22211,0.3389129638671875
train_26_patch_0007,train_26.bmp,C:\Users\gadda\Documents\FeatureFusionMoNuSAC\SDENet-Fusion\Datasets\Glas\precomputed\train_256_stride_128\images\train_26_patch_0007.npy,C:\Users\gadda\Documents\FeatureFusionMoNuSAC\SDENet-Fusion\Datasets\Glas\precomputed\train_256_stride_128\masks\train_26_patch_0007.npy,128,128,256,256,522,775,522,775,24658,0.376251220703125
train_26_patch_0008,train_26.bmp,C:\Users\gadda\Documents\FeatureFusionMoNuSAC\SDENet-Fusion\Datasets\Glas\precomputed\train_256_stride_128\images\train_26_patch_0008.npy,C:\Users\gadda\Documents\FeatureFusionMoNuSAC\SDENet-Fusion\Datasets\Glas\precomputed\train_256_stride_128\masks\train_26_patch_0008.npy,128,256,256,256,522,775,522,775,25414,0.387786865234375
train_26_patch_0009,train_26.bmp,C:\Users\gadda\Documents\FeatureFusionMoNuSAC\SDENet-Fusion\Datasets\Glas\precomputed\train_256_stride_128\images\train_26_patch_0009.npy,C:\Users\gadda\Documents\FeatureFusionMoNuSAC\SDENet-Fusion\Datasets\Glas\precomputed\train_256_stride_128\masks\train_26_patch_0009.npy,128,384,256,256,522,775,522,775,14488,0.2210693359375
train_26_patch_0010,train_26.bmp,C:\Users\gadda\Documents\FeatureFusionMoNuSAC\SDENet-Fusion\Datasets\Glas\precomputed\train_256_stride_128\images\train_26_patch_0010.npy,C:\Users\gadda\Documents\FeatureFusionMoNuSAC\SDENet-Fusion\Datasets\Glas\precomputed\train_256_stride_128\masks\train_26_patch_0010.npy,128,512,256,256,522,775,522,775,3428,0.05230712890625
train_26_patch_0011,train_26.bmp,C:\Users\gadda\Documents\FeatureFusionMoNuSAC\SDENet-Fusion\Datasets\Glas\precomputed\train_256_stride_128\images\train_26_patch_0011.npy,C:\Users\gadda\Documents\FeatureFusionMoNuSAC\SDENet-Fusion\Datasets\Glas\precomputed\train_256_stride_128\masks\train_26_patch_0011.npy,128,519,256,256,522,775,522,775,3031,0.0462493896484375
train_26_patch_0012,train_26.bmp,C:\Users\gadda\Documents\FeatureFusionMoNuSAC\SDENet-Fusion\Datasets\Glas\precomputed\train_256_stride_128\images\train_26_patch_0012.npy,C:\Users\gadda\Documents\FeatureFusionMoNuSAC\SDENet-Fusion\Datasets\Glas\precomputed\train_256_stride_128\masks\train_26_patch_0012.npy,256,0,256,256,522,775,522,775,39965,0.6098175048828125
train_26_patch_0013,train_26.bmp,C:\Users\gadda\Documents\FeatureFusionMoNuSAC\SDENet-Fusion\Datasets\Glas\precomputed\train_256_stride_128\images\train_26_patch_0013.npy,C:\Users\gadda\Documents\FeatureFusionMoNuSAC\SDENet-Fusion\Datasets\Glas\precomputed\train_256_stride_128\masks\train_26_patch_0013.npy,256,128,256,256,522,775,522,775,50756,0.77447509765625
train_26_patch_0014,train_26.bmp,C:\Users\gadda\Documents\FeatureFusionMoNuSAC\SDENet-Fusion\Datasets\Glas\precomputed\train_256_stride_128\images\train_26_patch_0014.npy,C:\Users\gadda\Documents\FeatureFusionMoNuSAC\SDENet-Fusion\Datasets\Glas\precomputed\train_256_stride_128\masks\train_26_patch_0014.npy,256,256,256,256,522,775,522,775,53518,0.816619873046875
train_26_patch_0015,train_26.bmp,C:\Users\gadda\Documents\FeatureFusionMoNuSAC\SDENet-Fusion\Datasets\Glas\precomputed\train_256_stride_128\images\train_26_patch_0015.npy,C:\Users\gadda\Documents\FeatureFusionMoNuSAC\SDENet-Fusion\Datasets\Glas\precomputed\train_256_stride_128\masks\train_26_patch_0015.npy,256,384,256,256,522,775,522,775,42743,0.6522064208984375
train_26_patch_0016,train_26.bmp,C:\Users\gadda\Documents\FeatureFusionMoNuSAC\SDENet-Fusion\Datasets\Glas\precomputed\train_256_stride_128\images\train_26_patch_0016.npy,C:\Users\gadda\Documents\FeatureFusionMoNuSAC\SDENet-Fusion\Datasets\Glas\precomputed\train_256_stride_128\masks\train_26_patch_0016.npy,256,512,256,256,522,775,522,775,30674,0.468048095703125
train_26_patch_0017,train_26.bmp,C:\Users\gadda\Documents\FeatureFusionMoNuSAC\SDENet-Fusion\Datasets\Glas\precomputed\train_256_stride_128\images\train_26_patch_0017.npy,C:\Users\gadda\Documents\FeatureFusionMoNuSAC\SDENet-Fusion\Datasets\Glas\precomputed\train_256_stride_128\masks\train_26_patch_0017.npy,256,519,256,256,522,775,522,775,30180,0.46051025390625
train_26_patch_0018,train_26.bmp,C:\Users\gadda\Documents\FeatureFusionMoNuSAC\SDENet-Fusion\Datasets\Glas\precomputed\train_256_stride_128\images\train_26_patch_0018.npy,C:\Users\gadda\Documents\FeatureFusionMoNuSAC\SDENet-Fusion\Datasets\Glas\precomputed\train_256_stride_128\masks\train_26_patch_0018.npy,266,0,256,256,522,775,522,775,39793,0.6071929931640625
train_26_patch_0019,train_26.bmp,C:\Users\gadda\Documents\FeatureFusionMoNuSAC\SDENet-Fusion\Datasets\Glas\precomputed\train_256_stride_128\images\train_26_patch_0019.npy,C:\Users\gadda\Documents\FeatureFusionMoNuSAC\SDENet-Fusion\Datasets\Glas\precomputed\train_256_stride_128\masks\train_26_patch_0019.npy,266,128,256,256,522,775,522,775,50756,0.77447509765625
train_26_patch_0020,train_26.bmp,C:\Users\gadda\Documents\FeatureFusionMoNuSAC\SDENet-Fusion\Datasets\Glas\precomputed\train_256_stride_128\images\train_26_patch_0020.npy,C:\Users\gadda\Documents\FeatureFusionMoNuSAC\SDENet-Fusion\Datasets\Glas\precomputed\train_256_stride_128\masks\train_26_patch_0020.npy,266,256,256,256,522,775,522,775,53801,0.8209381103515625
train_26_patch_0021,train_26.bmp,C:\Users\gadda\Documents\FeatureFusionMoNuSAC\SDENet-Fusion\Datasets\Glas\precomputed\train_256_stride_128\images\train_26_patch_0021.npy,C:\Users\gadda\Documents\FeatureFusionMoNuSAC\SDENet-Fusion\Datasets\Glas\precomputed\train_256_stride_128\masks\train_26_patch_0021.npy,266,384,256,256,522,775,522,775,44306,0.676055908203125
train_26_patch_0022,train_26.bmp,C:\Users\gadda\Documents\FeatureFusionMoNuSAC\SDENet-Fusion\Datasets\Glas\precomputed\train_256_stride_128\images\train_26_patch_0022.npy,C:\Users\gadda\Documents\FeatureFusionMoNuSAC\SDENet-Fusion\Datasets\Glas\precomputed\train_256_stride_128\masks\train_26_patch_0022.npy,266,512,256,256,522,775,522,775,33234,0.507110595703125
train_26_patch_0023,train_26.bmp,C:\Users\gadda\Documents\FeatureFusionMoNuSAC\SDENet-Fusion\Datasets\Glas\precomputed\train_256_stride_128\images\train_26_patch_0023.npy,C:\Users\gadda\Documents\FeatureFusionMoNuSAC\SDENet-Fusion\Datasets\Glas\precomputed\train_256_stride_128\masks\train_26_patch_0023.npy,266,519,256,256,522,775,522,775,32740,0.49957275390625
train_27_patch_0000,train_27.bmp,C:\Users\gadda\Documents\FeatureFusionMoNuSAC\SDENet-Fusion\Datasets\Glas\precomputed\train_256_stride_128\images\train_27_patch_0000.npy,C:\Users\gadda\Documents\FeatureFusionMoNuSAC\SDENet-Fusion\Datasets\Glas\precomputed\train_256_stride_128\masks\train_27_patch_0000.npy,0,0,256,256,522,775,522,775,56565,0.8631134033203125
train_27_patch_0001,train_27.bmp,C:\Users\gadda\Documents\FeatureFusionMoNuSAC\SDENet-Fusion\Datasets\Glas\precomputed\train_256_stride_128\images\train_27_patch_0001.npy,C:\Users\gadda\Documents\FeatureFusionMoNuSAC\SDENet-Fusion\Datasets\Glas\precomputed\train_256_stride_128\masks\train_27_patch_0001.npy,0,128,256,256,522,775,522,775,57289,0.8741607666015625
train_27_patch_0002,train_27.bmp,C:\Users\gadda\Documents\FeatureFusionMoNuSAC\SDENet-Fusion\Datasets\Glas\precomputed\train_256_stride_128\images\train_27_patch_0002.npy,C:\Users\gadda\Documents\FeatureFusionMoNuSAC\SDENet-Fusion\Datasets\Glas\precomputed\train_256_stride_128\masks\train_27_patch_0002.npy,0,256,256,256,522,775,522,775,56911,0.8683929443359375
train_27_patch_0003,train_27.bmp,C:\Users\gadda\Documents\FeatureFusionMoNuSAC\SDENet-Fusion\Datasets\Glas\precomputed\train_256_stride_128\images\train_27_patch_0003.npy,C:\Users\gadda\Documents\FeatureFusionMoNuSAC\SDENet-Fusion\Datasets\Glas\precomputed\train_256_stride_128\masks\train_27_patch_0003.npy,0,384,256,256,522,775,522,775,54912,0.837890625
train_27_patch_0004,train_27.bmp,C:\Users\gadda\Documents\FeatureFusionMoNuSAC\SDENet-Fusion\Datasets\Glas\precomputed\train_256_stride_128\images\train_27_patch_0004.npy,C:\Users\gadda\Documents\FeatureFusionMoNuSAC\SDENet-Fusion\Datasets\Glas\precomputed\train_256_stride_128\masks\train_27_patch_0004.npy,0,512,256,256,522,775,522,775,31780,0.48492431640625
train_27_patch_0005,train_27.bmp,C:\Users\gadda\Documents\FeatureFusionMoNuSAC\SDENet-Fusion\Datasets\Glas\precomputed\train_256_stride_128\images\train_27_patch_0005.npy,C:\Users\gadda\Documents\FeatureFusionMoNuSAC\SDENet-Fusion\Datasets\Glas\precomputed\train_256_stride_128\masks\train_27_patch_0005.npy,0,519,256,256,522,775,522,775,30019,0.4580535888671875
train_27_patch_0006,train_27.bmp,C:\Users\gadda\Documents\FeatureFusionMoNuSAC\SDENet-Fusion\Datasets\Glas\precomputed\train_256_stride_128\images\train_27_patch_0006.npy,C:\Users\gadda\Documents\FeatureFusionMoNuSAC\SDENet-Fusion\Datasets\Glas\precomputed\train_256_stride_128\masks\train_27_patch_0006.npy,128,0,256,256,522,775,522,775,57788,0.88177490234375
train_27_patch_0007,train_27.bmp,C:\Users\gadda\Documents\FeatureFusionMoNuSAC\SDENet-Fusion\Datasets\Glas\precomputed\train_256_stride_128\images\train_27_patch_0007.npy,C:\Users\gadda\Documents\FeatureFusionMoNuSAC\SDENet-Fusion\Datasets\Glas\precomputed\train_256_stride_128\masks\train_27_patch_0007.npy,128,128,256,256,522,775,522,775,57031,0.8702239990234375
train_27_patch_0008,train_27.bmp,C:\Users\gadda\Documents\FeatureFusionMoNuSAC\SDENet-Fusion\Datasets\Glas\precomputed\train_256_stride_128\images\train_27_patch_0008.npy,C:\Users\gadda\Documents\FeatureFusionMoNuSAC\SDENet-Fusion\Datasets\Glas\precomputed\train_256_stride_128\masks\train_27_patch_0008.npy,128,256,256,256,522,775,522,775,53709,0.8195343017578125
train_27_patch_0009,train_27.bmp,C:\Users\gadda\Documents\FeatureFusionMoNuSAC\SDENet-Fusion\Datasets\Glas\precomputed\train_256_stride_128\images\train_27_patch_0009.npy,C:\Users\gadda\Documents\FeatureFusionMoNuSAC\SDENet-Fusion\Datasets\Glas\precomputed\train_256_stride_128\masks\train_27_patch_0009.npy,128,384,256,256,522,775,522,775,54814,0.836395263671875
train_27_patch_0010,train_27.bmp,C:\Users\gadda\Documents\FeatureFusionMoNuSAC\SDENet-Fusion\Datasets\Glas\precomputed\train_256_stride_128\images\train_27_patch_0010.npy,C:\Users\gadda\Documents\FeatureFusionMoNuSAC\SDENet-Fusion\Datasets\Glas\precomputed\train_256_stride_128\masks\train_27_patch_0010.npy,128,512,256,256,522,775,522,775,35972,0.54888916015625
train_27_patch_0011,train_27.bmp,C:\Users\gadda\Documents\FeatureFusionMoNuSAC\SDENet-Fusion\Datasets\Glas\precomputed\train_256_stride_128\images\train_27_patch_0011.npy,C:\Users\gadda\Documents\FeatureFusionMoNuSAC\SDENet-Fusion\Datasets\Glas\precomputed\train_256_stride_128\masks\train_27_patch_0011.npy,128,519,256,256,522,775,522,775,34269,0.5229034423828125
train_27_patch_0012,train_27.bmp,C:\Users\gadda\Documents\FeatureFusionMoNuSAC\SDENet-Fusion\Datasets\Glas\precomputed\train_256_stride_128\images\train_27_patch_0012.npy,C:\Users\gadda\Documents\FeatureFusionMoNuSAC\SDENet-Fusion\Datasets\Glas\precomputed\train_256_stride_128\masks\train_27_patch_0012.npy,256,0,256,256,522,775,522,775,42682,0.651275634765625
train_27_patch_0013,train_27.bmp,C:\Users\gadda\Documents\FeatureFusionMoNuSAC\SDENet-Fusion\Datasets\Glas\precomputed\train_256_stride_128\images\train_27_patch_0013.npy,C:\Users\gadda\Documents\FeatureFusionMoNuSAC\SDENet-Fusion\Datasets\Glas\precomputed\train_256_stride_128\masks\train_27_patch_0013.npy,256,128,256,256,522,775,522,775,38575,0.5886077880859375
train_27_patch_0014,train_27.bmp,C:\Users\gadda\Documents\FeatureFusionMoNuSAC\SDENet-Fusion\Datasets\Glas\precomputed\train_256_stride_128\images\train_27_patch_0014.npy,C:\Users\gadda\Documents\FeatureFusionMoNuSAC\SDENet-Fusion\Datasets\Glas\precomputed\train_256_stride_128\masks\train_27_patch_0014.npy,256,256,256,256,522,775,522,775,33914,0.517486572265625
train_27_patch_0015,train_27.bmp,C:\Users\gadda\Documents\FeatureFusionMoNuSAC\SDENet-Fusion\Datasets\Glas\precomputed\train_256_stride_128\images\train_27_patch_0015.npy,C:\Users\gadda\Documents\FeatureFusionMoNuSAC\SDENet-Fusion\Datasets\Glas\precomputed\train_256_stride_128\masks\train_27_patch_0015.npy,256,384,256,256,522,775,522,775,33309,0.5082550048828125
train_27_patch_0016,train_27.bmp,C:\Users\gadda\Documents\FeatureFusionMoNuSAC\SDENet-Fusion\Datasets\Glas\precomputed\train_256_stride_128\images\train_27_patch_0016.npy,C:\Users\gadda\Documents\FeatureFusionMoNuSAC\SDENet-Fusion\Datasets\Glas\precomputed\train_256_stride_128\masks\train_27_patch_0016.npy,256,512,256,256,522,775,522,775,20558,0.313690185546875
train_27_patch_0017,train_27.bmp,C:\Users\gadda\Documents\FeatureFusionMoNuSAC\SDENet-Fusion\Datasets\Glas\precomputed\train_256_stride_128\images\train_27_patch_0017.npy,C:\Users\gadda\Documents\FeatureFusionMoNuSAC\SDENet-Fusion\Datasets\Glas\precomputed\train_256_stride_128\masks\train_27_patch_0017.npy,256,519,256,256,522,775,522,775,19538,0.298126220703125
train_27_patch_0018,train_27.bmp,C:\Users\gadda\Documents\FeatureFusionMoNuSAC\SDENet-Fusion\Datasets\Glas\precomputed\train_256_stride_128\images\train_27_patch_0018.npy,C:\Users\gadda\Documents\FeatureFusionMoNuSAC\SDENet-Fusion\Datasets\Glas\precomputed\train_256_stride_128\masks\train_27_patch_0018.npy,266,0,256,256,522,775,522,775,40122,0.612213134765625
train_27_patch_0019,train_27.bmp,C:\Users\gadda\Documents\FeatureFusionMoNuSAC\SDENet-Fusion\Datasets\Glas\precomputed\train_256_stride_128\images\train_27_patch_0019.npy,C:\Users\gadda\Documents\FeatureFusionMoNuSAC\SDENet-Fusion\Datasets\Glas\precomputed\train_256_stride_128\masks\train_27_patch_0019.npy,266,128,256,256,522,775,522,775,36318,0.554168701171875
train_27_patch_0020,train_27.bmp,C:\Users\gadda\Documents\FeatureFusionMoNuSAC\SDENet-Fusion\Datasets\Glas\precomputed\train_256_stride_128\images\train_27_patch_0020.npy,C:\Users\gadda\Documents\FeatureFusionMoNuSAC\SDENet-Fusion\Datasets\Glas\precomputed\train_256_stride_128\masks\train_27_patch_0020.npy,266,256,256,256,522,775,522,775,31777,0.4848785400390625
train_27_patch_0021,train_27.bmp,C:\Users\gadda\Documents\FeatureFusionMoNuSAC\SDENet-Fusion\Datasets\Glas\precomputed\train_256_stride_128\images\train_27_patch_0021.npy,C:\Users\gadda\Documents\FeatureFusionMoNuSAC\SDENet-Fusion\Datasets\Glas\precomputed\train_256_stride_128\masks\train_27_patch_0021.npy,266,384,256,256,522,775,522,775,30869,0.4710235595703125
train_27_patch_0022,train_27.bmp,C:\Users\gadda\Documents\FeatureFusionMoNuSAC\SDENet-Fusion\Datasets\Glas\precomputed\train_256_stride_128\images\train_27_patch_0022.npy,C:\Users\gadda\Documents\FeatureFusionMoNuSAC\SDENet-Fusion\Datasets\Glas\precomputed\train_256_stride_128\masks\train_27_patch_0022.npy,266,512,256,256,522,775,522,775,18738,0.285919189453125
train_27_patch_0023,train_27.bmp,C:\Users\gadda\Documents\FeatureFusionMoNuSAC\SDENet-Fusion\Datasets\Glas\precomputed\train_256_stride_128\images\train_27_patch_0023.npy,C:\Users\gadda\Documents\FeatureFusionMoNuSAC\SDENet-Fusion\Datasets\Glas\precomputed\train_256_stride_128\masks\train_27_patch_0023.npy,266,519,256,256,522,775,522,775,17788,0.27142333984375
train_28_patch_0000,train_28.bmp,C:\Users\gadda\Documents\FeatureFusionMoNuSAC\SDENet-Fusion\Datasets\Glas\precomputed\train_256_stride_128\images\train_28_patch_0000.npy,C:\Users\gadda\Documents\FeatureFusionMoNuSAC\SDENet-Fusion\Datasets\Glas\precomputed\train_256_stride_128\masks\train_28_patch_0000.npy,0,0,256,256,522,775,522,775,27827,0.4246063232421875
train_28_patch_0001,train_28.bmp,C:\Users\gadda\Documents\FeatureFusionMoNuSAC\SDENet-Fusion\Datasets\Glas\precomputed\train_256_stride_128\images\train_28_patch_0001.npy,C:\Users\gadda\Documents\FeatureFusionMoNuSAC\SDENet-Fusion\Datasets\Glas\precomputed\train_256_stride_128\masks\train_28_patch_0001.npy,0,128,256,256,522,775,522,775,30067,0.4587860107421875
train_28_patch_0002,train_28.bmp,C:\Users\gadda\Documents\FeatureFusionMoNuSAC\SDENet-Fusion\Datasets\Glas\precomputed\train_256_stride_128\images\train_28_patch_0002.npy,C:\Users\gadda\Documents\FeatureFusionMoNuSAC\SDENet-Fusion\Datasets\Glas\precomputed\train_256_stride_128\masks\train_28_patch_0002.npy,0,256,256,256,522,775,522,775,32230,0.491790771484375
train_28_patch_0003,train_28.bmp,C:\Users\gadda\Documents\FeatureFusionMoNuSAC\SDENet-Fusion\Datasets\Glas\precomputed\train_256_stride_128\images\train_28_patch_0003.npy,C:\Users\gadda\Documents\FeatureFusionMoNuSAC\SDENet-Fusion\Datasets\Glas\precomputed\train_256_stride_128\masks\train_28_patch_0003.npy,0,384,256,256,522,775,522,775,39297,0.5996246337890625
train_28_patch_0004,train_28.bmp,C:\Users\gadda\Documents\FeatureFusionMoNuSAC\SDENet-Fusion\Datasets\Glas\precomputed\train_256_stride_128\images\train_28_patch_0004.npy,C:\Users\gadda\Documents\FeatureFusionMoNuSAC\SDENet-Fusion\Datasets\Glas\precomputed\train_256_stride_128\masks\train_28_patch_0004.npy,0,512,256,256,522,775,522,775,46287,0.7062835693359375
train_28_patch_0005,train_28.bmp,C:\Users\gadda\Documents\FeatureFusionMoNuSAC\SDENet-Fusion\Datasets\Glas\precomputed\train_256_stride_128\images\train_28_patch_0005.npy,C:\Users\gadda\Documents\FeatureFusionMoNuSAC\SDENet-Fusion\Datasets\Glas\precomputed\train_256_stride_128\masks\train_28_patch_0005.npy,0,519,256,256,522,775,522,775,46680,0.7122802734375
train_28_patch_0006,train_28.bmp,C:\Users\gadda\Documents\FeatureFusionMoNuSAC\SDENet-Fusion\Datasets\Glas\precomputed\train_256_stride_128\images\train_28_patch_0006.npy,C:\Users\gadda\Documents\FeatureFusionMoNuSAC\SDENet-Fusion\Datasets\Glas\precomputed\train_256_stride_128\masks\train_28_patch_0006.npy,128,0,256,256,522,775,522,775,34791,0.5308685302734375
train_28_patch_0007,train_28.bmp,C:\Users\gadda\Documents\FeatureFusionMoNuSAC\SDENet-Fusion\Datasets\Glas\precomputed\train_256_stride_128\images\train_28_patch_0007.npy,C:\Users\gadda\Documents\FeatureFusionMoNuSAC\SDENet-Fusion\Datasets\Glas\precomputed\train_256_stride_128\masks\train_28_patch_0007.npy,128,128,256,256,522,775,522,775,36701,0.5600128173828125
train_28_patch_0008,train_28.bmp,C:\Users\gadda\Documents\FeatureFusionMoNuSAC\SDENet-Fusion\Datasets\Glas\precomputed\train_256_stride_128\images\train_28_patch_0008.npy,C:\Users\gadda\Documents\FeatureFusionMoNuSAC\SDENet-Fusion\Datasets\Glas\precomputed\train_256_stride_128\masks\train_28_patch_0008.npy,128,256,256,256,522,775,522,775,37501,0.5722198486328125
train_28_patch_0009,train_28.bmp,C:\Users\gadda\Documents\FeatureFusionMoNuSAC\SDENet-Fusion\Datasets\Glas\precomputed\train_256_stride_128\images\train_28_patch_0009.npy,C:\Users\gadda\Documents\FeatureFusionMoNuSAC\SDENet-Fusion\Datasets\Glas\precomputed\train_256_stride_128\masks\train_28_patch_0009.npy,128,384,256,256,522,775,522,775,37666,0.574737548828125
train_28_patch_0010,train_28.bmp,C:\Users\gadda\Documents\FeatureFusionMoNuSAC\SDENet-Fusion\Datasets\Glas\precomputed\train_256_stride_128\images\train_28_patch_0010.npy,C:\Users\gadda\Documents\FeatureFusionMoNuSAC\SDENet-Fusion\Datasets\Glas\precomputed\train_256_stride_128\masks\train_28_patch_0010.npy,128,512,256,256,522,775,522,775,42693,0.6514434814453125
train_28_patch_0011,train_28.bmp,C:\Users\gadda\Documents\FeatureFusionMoNuSAC\SDENet-Fusion\Datasets\Glas\precomputed\train_256_stride_128\images\train_28_patch_0011.npy,C:\Users\gadda\Documents\FeatureFusionMoNuSAC\SDENet-Fusion\Datasets\Glas\precomputed\train_256_stride_128\masks\train_28_patch_0011.npy,128,519,256,256,522,775,522,775,42680,0.6512451171875
train_28_patch_0012,train_28.bmp,C:\Users\gadda\Documents\FeatureFusionMoNuSAC\SDENet-Fusion\Datasets\Glas\precomputed\train_256_stride_128\images\train_28_patch_0012.npy,C:\Users\gadda\Documents\FeatureFusionMoNuSAC\SDENet-Fusion\Datasets\Glas\precomputed\train_256_stride_128\masks\train_28_patch_0012.npy,256,0,256,256,522,775,522,775,44817,0.6838531494140625
train_28_patch_0013,train_28.bmp,C:\Users\gadda\Documents\FeatureFusionMoNuSAC\SDENet-Fusion\Datasets\Glas\precomputed\train_256_stride_128\images\train_28_patch_0013.npy,C:\Users\gadda\Documents\FeatureFusionMoNuSAC\SDENet-Fusion\Datasets\Glas\precomputed\train_256_stride_128\masks\train_28_patch_0013.npy,256,128,256,256,522,775,522,775,33637,0.5132598876953125
train_28_patch_0014,train_28.bmp,C:\Users\gadda\Documents\FeatureFusionMoNuSAC\SDENet-Fusion\Datasets\Glas\precomputed\train_256_stride_128\images\train_28_patch_0014.npy,C:\Users\gadda\Documents\FeatureFusionMoNuSAC\SDENet-Fusion\Datasets\Glas\precomputed\train_256_stride_128\masks\train_28_patch_0014.npy,256,256,256,256,522,775,522,775,29188,0.44537353515625
train_28_patch_0015,train_28.bmp,C:\Users\gadda\Documents\FeatureFusionMoNuSAC\SDENet-Fusion\Datasets\Glas\precomputed\train_256_stride_128\images\train_28_patch_0015.npy,C:\Users\gadda\Documents\FeatureFusionMoNuSAC\SDENet-Fusion\Datasets\Glas\precomputed\train_256_stride_128\masks\train_28_patch_0015.npy,256,384,256,256,522,775,522,775,29169,0.4450836181640625
train_28_patch_0016,train_28.bmp,C:\Users\gadda\Documents\FeatureFusionMoNuSAC\SDENet-Fusion\Datasets\Glas\precomputed\train_256_stride_128\images\train_28_patch_0016.npy,C:\Users\gadda\Documents\FeatureFusionMoNuSAC\SDENet-Fusion\Datasets\Glas\precomputed\train_256_stride_128\masks\train_28_patch_0016.npy,256,512,256,256,522,775,522,775,40527,0.6183929443359375
train_28_patch_0017,train_28.bmp,C:\Users\gadda\Documents\FeatureFusionMoNuSAC\SDENet-Fusion\Datasets\Glas\precomputed\train_256_stride_128\images\train_28_patch_0017.npy,C:\Users\gadda\Documents\FeatureFusionMoNuSAC\SDENet-Fusion\Datasets\Glas\precomputed\train_256_stride_128\masks\train_28_patch_0017.npy,256,519,256,256,522,775,522,775,40614,0.619720458984375
train_28_patch_0018,train_28.bmp,C:\Users\gadda\Documents\FeatureFusionMoNuSAC\SDENet-Fusion\Datasets\Glas\precomputed\train_256_stride_128\images\train_28_patch_0018.npy,C:\Users\gadda\Documents\FeatureFusionMoNuSAC\SDENet-Fusion\Datasets\Glas\precomputed\train_256_stride_128\masks\train_28_patch_0018.npy,266,0,256,256,522,775,522,775,43545,0.6644439697265625
train_28_patch_0019,train_28.bmp,C:\Users\gadda\Documents\FeatureFusionMoNuSAC\SDENet-Fusion\Datasets\Glas\precomputed\train_256_stride_128\images\train_28_patch_0019.npy,C:\Users\gadda\Documents\FeatureFusionMoNuSAC\SDENet-Fusion\Datasets\Glas\precomputed\train_256_stride_128\masks\train_28_patch_0019.npy,266,128,256,256,522,775,522,775,32682,0.498687744140625
train_28_patch_0020,train_28.bmp,C:\Users\gadda\Documents\FeatureFusionMoNuSAC\SDENet-Fusion\Datasets\Glas\precomputed\train_256_stride_128\images\train_28_patch_0020.npy,C:\Users\gadda\Documents\FeatureFusionMoNuSAC\SDENet-Fusion\Datasets\Glas\precomputed\train_256_stride_128\masks\train_28_patch_0020.npy,266,256,256,256,522,775,522,775,28447,0.4340667724609375
train_28_patch_0021,train_28.bmp,C:\Users\gadda\Documents\FeatureFusionMoNuSAC\SDENet-Fusion\Datasets\Glas\precomputed\train_256_stride_128\images\train_28_patch_0021.npy,C:\Users\gadda\Documents\FeatureFusionMoNuSAC\SDENet-Fusion\Datasets\Glas\precomputed\train_256_stride_128\masks\train_28_patch_0021.npy,266,384,256,256,522,775,522,775,28898,0.440948486328125
train_28_patch_0022,train_28.bmp,C:\Users\gadda\Documents\FeatureFusionMoNuSAC\SDENet-Fusion\Datasets\Glas\precomputed\train_256_stride_128\images\train_28_patch_0022.npy,C:\Users\gadda\Documents\FeatureFusionMoNuSAC\SDENet-Fusion\Datasets\Glas\precomputed\train_256_stride_128\masks\train_28_patch_0022.npy,266,512,256,256,522,775,522,775,40612,0.61968994140625
train_28_patch_0023,train_28.bmp,C:\Users\gadda\Documents\FeatureFusionMoNuSAC\SDENet-Fusion\Datasets\Glas\precomputed\train_256_stride_128\images\train_28_patch_0023.npy,C:\Users\gadda\Documents\FeatureFusionMoNuSAC\SDENet-Fusion\Datasets\Glas\precomputed\train_256_stride_128\masks\train_28_patch_0023.npy,266,519,256,256,522,775,522,775,40699,0.6210174560546875
train_29_patch_0000,train_29.bmp,C:\Users\gadda\Documents\FeatureFusionMoNuSAC\SDENet-Fusion\Datasets\Glas\precomputed\train_256_stride_128\images\train_29_patch_0000.npy,C:\Users\gadda\Documents\FeatureFusionMoNuSAC\SDENet-Fusion\Datasets\Glas\precomputed\train_256_stride_128\masks\train_29_patch_0000.npy,0,0,256,256,522,775,522,775,25096,0.3829345703125
train_29_patch_0001,train_29.bmp,C:\Users\gadda\Documents\FeatureFusionMoNuSAC\SDENet-Fusion\Datasets\Glas\precomputed\train_256_stride_128\images\train_29_patch_0001.npy,C:\Users\gadda\Documents\FeatureFusionMoNuSAC\SDENet-Fusion\Datasets\Glas\precomputed\train_256_stride_128\masks\train_29_patch_0001.npy,0,128,256,256,522,775,522,775,22167,0.3382415771484375
train_29_patch_0002,train_29.bmp,C:\Users\gadda\Documents\FeatureFusionMoNuSAC\SDENet-Fusion\Datasets\Glas\precomputed\train_256_stride_128\images\train_29_patch_0002.npy,C:\Users\gadda\Documents\FeatureFusionMoNuSAC\SDENet-Fusion\Datasets\Glas\precomputed\train_256_stride_128\masks\train_29_patch_0002.npy,0,256,256,256,522,775,522,775,44999,0.6866302490234375
train_29_patch_0003,train_29.bmp,C:\Users\gadda\Documents\FeatureFusionMoNuSAC\SDENet-Fusion\Datasets\Glas\precomputed\train_256_stride_128\images\train_29_patch_0003.npy,C:\Users\gadda\Documents\FeatureFusionMoNuSAC\SDENet-Fusion\Datasets\Glas\precomputed\train_256_stride_128\masks\train_29_patch_0003.npy,0,384,256,256,522,775,522,775,40302,0.614959716796875
train_29_patch_0004,train_29.bmp,C:\Users\gadda\Documents\FeatureFusionMoNuSAC\SDENet-Fusion\Datasets\Glas\precomputed\train_256_stride_128\images\train_29_patch_0004.npy,C:\Users\gadda\Documents\FeatureFusionMoNuSAC\SDENet-Fusion\Datasets\Glas\precomputed\train_256_stride_128\masks\train_29_patch_0004.npy,0,512,256,256,522,775,522,775,25478,0.388763427734375
train_29_patch_0005,train_29.bmp,C:\Users\gadda\Documents\FeatureFusionMoNuSAC\SDENet-Fusion\Datasets\Glas\precomputed\train_256_stride_128\images\train_29_patch_0005.npy,C:\Users\gadda\Documents\FeatureFusionMoNuSAC\SDENet-Fusion\Datasets\Glas\precomputed\train_256_stride_128\masks\train_29_patch_0005.npy,0,519,256,256,522,775,522,775,25512,0.3892822265625
train_29_patch_0006,train_29.bmp,C:\Users\gadda\Documents\FeatureFusionMoNuSAC\SDENet-Fusion\Datasets\Glas\precomputed\train_256_stride_128\images\train_29_patch_0006.npy,C:\Users\gadda\Documents\FeatureFusionMoNuSAC\SDENet-Fusion\Datasets\Glas\precomputed\train_256_stride_128\masks\train_29_patch_0006.npy,128,0,256,256,522,775,522,775,20960,0.31982421875
train_29_patch_0007,train_29.bmp,C:\Users\gadda\Documents\FeatureFusionMoNuSAC\SDENet-Fusion\Datasets\Glas\precomputed\train_256_stride_128\images\train_29_patch_0007.npy,C:\Users\gadda\Documents\FeatureFusionMoNuSAC\SDENet-Fusion\Datasets\Glas\precomputed\train_256_stride_128\masks\train_29_patch_0007.npy,128,128,256,256,522,775,522,775,24153,0.3685455322265625
train_29_patch_0008,train_29.bmp,C:\Users\gadda\Documents\FeatureFusionMoNuSAC\SDENet-Fusion\Datasets\Glas\precomputed\train_256_stride_128\images\train_29_patch_0008.npy,C:\Users\gadda\Documents\FeatureFusionMoNuSAC\SDENet-Fusion\Datasets\Glas\precomputed\train_256_stride_128\masks\train_29_patch_0008.npy,128,256,256,256,522,775,522,775,41296,0.630126953125
train_29_patch_0009,train_29.bmp,C:\Users\gadda\Documents\FeatureFusionMoNuSAC\SDENet-Fusion\Datasets\Glas\precomputed\train_256_stride_128\images\train_29_patch_0009.npy,C:\Users\gadda\Documents\FeatureFusionMoNuSAC\SDENet-Fusion\Datasets\Glas\precomputed\train_256_stride_128\masks\train_29_patch_0009.npy,128,384,256,256,522,775,522,775,46012,0.70208740234375
train_29_patch_0010,train_29.bmp,C:\Users\gadda\Documents\FeatureFusionMoNuSAC\SDENet-Fusion\Datasets\Glas\precomputed\train_256_stride_128\images\train_29_patch_0010.npy,C:\Users\gadda\Documents\FeatureFusionMoNuSAC\SDENet-Fusion\Datasets\Glas\precomputed\train_256_stride_128\masks\train_29_patch_0010.npy,128,512,256,256,522,775,522,775,41284,0.62994384765625
train_29_patch_0011,train_29.bmp,C:\Users\gadda\Documents\FeatureFusionMoNuSAC\SDENet-Fusion\Datasets\Glas\precomputed\train_256_stride_128\images\train_29_patch_0011.npy,C:\Users\gadda\Documents\FeatureFusionMoNuSAC\SDENet-Fusion\Datasets\Glas\precomputed\train_256_stride_128\masks\train_29_patch_0011.npy,128,519,256,256,522,775,522,775,41306,0.630279541015625
train_29_patch_0012,train_29.bmp,C:\Users\gadda\Documents\FeatureFusionMoNuSAC\SDENet-Fusion\Datasets\Glas\precomputed\train_256_stride_128\images\train_29_patch_0012.npy,C:\Users\gadda\Documents\FeatureFusionMoNuSAC\SDENet-Fusion\Datasets\Glas\precomputed\train_256_stride_128\masks\train_29_patch_0012.npy,256,0,256,256,522,775,522,775,25350,0.386810302734375
train_29_patch_0013,train_29.bmp,C:\Users\gadda\Documents\FeatureFusionMoNuSAC\SDENet-Fusion\Datasets\Glas\precomputed\train_256_stride_128\images\train_29_patch_0013.npy,C:\Users\gadda\Documents\FeatureFusionMoNuSAC\SDENet-Fusion\Datasets\Glas\precomputed\train_256_stride_128\masks\train_29_patch_0013.npy,256,128,256,256,522,775,522,775,45982,0.701629638671875
train_29_patch_0014,train_29.bmp,C:\Users\gadda\Documents\FeatureFusionMoNuSAC\SDENet-Fusion\Datasets\Glas\precomputed\train_256_stride_128\images\train_29_patch_0014.npy,C:\Users\gadda\Documents\FeatureFusionMoNuSAC\SDENet-Fusion\Datasets\Glas\precomputed\train_256_stride_128\masks\train_29_patch_0014.npy,256,256,256,256,522,775,522,775,59412,0.90655517578125
train_29_patch_0015,train_29.bmp,C:\Users\gadda\Documents\FeatureFusionMoNuSAC\SDENet-Fusion\Datasets\Glas\precomputed\train_256_stride_128\images\train_29_patch_0015.npy,C:\Users\gadda\Documents\FeatureFusionMoNuSAC\SDENet-Fusion\Datasets\Glas\precomputed\train_256_stride_128\masks\train_29_patch_0015.npy,256,384,256,256,522,775,522,775,63708,0.97210693359375
train_29_patch_0016,train_29.bmp,C:\Users\gadda\Documents\FeatureFusionMoNuSAC\SDENet-Fusion\Datasets\Glas\precomputed\train_256_stride_128\images\train_29_patch_0016.npy,C:\Users\gadda\Documents\FeatureFusionMoNuSAC\SDENet-Fusion\Datasets\Glas\precomputed\train_256_stride_128\masks\train_29_patch_0016.npy,256,512,256,256,522,775,522,775,65193,0.9947662353515625
train_29_patch_0017,train_29.bmp,C:\Users\gadda\Documents\FeatureFusionMoNuSAC\SDENet-Fusion\Datasets\Glas\precomputed\train_256_stride_128\images\train_29_patch_0017.npy,C:\Users\gadda\Documents\FeatureFusionMoNuSAC\SDENet-Fusion\Datasets\Glas\precomputed\train_256_stride_128\masks\train_29_patch_0017.npy,256,519,256,256,522,775,522,775,65198,0.994842529296875
train_29_patch_0018,train_29.bmp,C:\Users\gadda\Documents\FeatureFusionMoNuSAC\SDENet-Fusion\Datasets\Glas\precomputed\train_256_stride_128\images\train_29_patch_0018.npy,C:\Users\gadda\Documents\FeatureFusionMoNuSAC\SDENet-Fusion\Datasets\Glas\precomputed\train_256_stride_128\masks\train_29_patch_0018.npy,266,0,256,256,522,775,522,775,24877,0.3795928955078125
train_29_patch_0019,train_29.bmp,C:\Users\gadda\Documents\FeatureFusionMoNuSAC\SDENet-Fusion\Datasets\Glas\precomputed\train_256_stride_128\images\train_29_patch_0019.npy,C:\Users\gadda\Documents\FeatureFusionMoNuSAC\SDENet-Fusion\Datasets\Glas\precomputed\train_256_stride_128\masks\train_29_patch_0019.npy,266,128,256,256,522,775,522,775,46546,0.710235595703125
train_29_patch_0020,train_29.bmp,C:\Users\gadda\Documents\FeatureFusionMoNuSAC\SDENet-Fusion\Datasets\Glas\precomputed\train_256_stride_128\images\train_29_patch_0020.npy,C:\Users\gadda\Documents\FeatureFusionMoNuSAC\SDENet-Fusion\Datasets\Glas\precomputed\train_256_stride_128\masks\train_29_patch_0020.npy,266,256,256,256,522,775,522,775,59105,0.9018707275390625
train_29_patch_0021,train_29.bmp,C:\Users\gadda\Documents\FeatureFusionMoNuSAC\SDENet-Fusion\Datasets\Glas\precomputed\train_256_stride_128\images\train_29_patch_0021.npy,C:\Users\gadda\Documents\FeatureFusionMoNuSAC\SDENet-Fusion\Datasets\Glas\precomputed\train_256_stride_128\masks\train_29_patch_0021.npy,266,384,256,256,522,775,522,775,63134,0.963348388671875
train_29_patch_0022,train_29.bmp,C:\Users\gadda\Documents\FeatureFusionMoNuSAC\SDENet-Fusion\Datasets\Glas\precomputed\train_256_stride_128\images\train_29_patch_0022.npy,C:\Users\gadda\Documents\FeatureFusionMoNuSAC\SDENet-Fusion\Datasets\Glas\precomputed\train_256_stride_128\masks\train_29_patch_0022.npy,266,512,256,256,522,775,522,775,65531,0.9999237060546875
train_29_patch_0023,train_29.bmp,C:\Users\gadda\Documents\FeatureFusionMoNuSAC\SDENet-Fusion\Datasets\Glas\precomputed\train_256_stride_128\images\train_29_patch_0023.npy,C:\Users\gadda\Documents\FeatureFusionMoNuSAC\SDENet-Fusion\Datasets\Glas\precomputed\train_256_stride_128\masks\train_29_patch_0023.npy,266,519,256,256,522,775,522,775,65536,1.0
train_3_patch_0000,train_3.bmp,C:\Users\gadda\Documents\FeatureFusionMoNuSAC\SDENet-Fusion\Datasets\Glas\precomputed\train_256_stride_128\images\train_3_patch_0000.npy,C:\Users\gadda\Documents\FeatureFusionMoNuSAC\SDENet-Fusion\Datasets\Glas\precomputed\train_256_stride_128\masks\train_3_patch_0000.npy,0,0,256,256,522,775,522,775,38077,0.5810089111328125
train_3_patch_0001,train_3.bmp,C:\Users\gadda\Documents\FeatureFusionMoNuSAC\SDENet-Fusion\Datasets\Glas\precomputed\train_256_stride_128\images\train_3_patch_0001.npy,C:\Users\gadda\Documents\FeatureFusionMoNuSAC\SDENet-Fusion\Datasets\Glas\precomputed\train_256_stride_128\masks\train_3_patch_0001.npy,0,128,256,256,522,775,522,775,34393,0.5247955322265625
train_3_patch_0002,train_3.bmp,C:\Users\gadda\Documents\FeatureFusionMoNuSAC\SDENet-Fusion\Datasets\Glas\precomputed\train_256_stride_128\images\train_3_patch_0002.npy,C:\Users\gadda\Documents\FeatureFusionMoNuSAC\SDENet-Fusion\Datasets\Glas\precomputed\train_256_stride_128\masks\train_3_patch_0002.npy,0,256,256,256,522,775,522,775,32600,0.4974365234375
train_3_patch_0003,train_3.bmp,C:\Users\gadda\Documents\FeatureFusionMoNuSAC\SDENet-Fusion\Datasets\Glas\precomputed\train_256_stride_128\images\train_3_patch_0003.npy,C:\Users\gadda\Documents\FeatureFusionMoNuSAC\SDENet-Fusion\Datasets\Glas\precomputed\train_256_stride_128\masks\train_3_patch_0003.npy,0,384,256,256,522,775,522,775,30614,0.467132568359375
train_3_patch_0004,train_3.bmp,C:\Users\gadda\Documents\FeatureFusionMoNuSAC\SDENet-Fusion\Datasets\Glas\precomputed\train_256_stride_128\images\train_3_patch_0004.npy,C:\Users\gadda\Documents\FeatureFusionMoNuSAC\SDENet-Fusion\Datasets\Glas\precomputed\train_256_stride_128\masks\train_3_patch_0004.npy,0,512,256,256,522,775,522,775,28753,0.4387359619140625
train_3_patch_0005,train_3.bmp,C:\Users\gadda\Documents\FeatureFusionMoNuSAC\SDENet-Fusion\Datasets\Glas\precomputed\train_256_stride_128\images\train_3_patch_0005.npy,C:\Users\gadda\Documents\FeatureFusionMoNuSAC\SDENet-Fusion\Datasets\Glas\precomputed\train_256_stride_128\masks\train_3_patch_0005.npy,0,519,256,256,522,775,522,775,29588,0.45147705078125
train_3_patch_0006,train_3.bmp,C:\Users\gadda\Documents\FeatureFusionMoNuSAC\SDENet-Fusion\Datasets\Glas\precomputed\train_256_stride_128\images\train_3_patch_0006.npy,C:\Users\gadda\Documents\FeatureFusionMoNuSAC\SDENet-Fusion\Datasets\Glas\precomputed\train_256_stride_128\masks\train_3_patch_0006.npy,128,0,256,256,522,775,522,775,28924,0.44134521484375
train_3_patch_0007,train_3.bmp,C:\Users\gadda\Documents\FeatureFusionMoNuSAC\SDENet-Fusion\Datasets\Glas\precomputed\train_256_stride_128\images\train_3_patch_0007.npy,C:\Users\gadda\Documents\FeatureFusionMoNuSAC\SDENet-Fusion\Datasets\Glas\precomputed\train_256_stride_128\masks\train_3_patch_0007.npy,128,128,256,256,522,775,522,775,25380,0.38726806640625
train_3_patch_0008,train_3.bmp,C:\Users\gadda\Documents\FeatureFusionMoNuSAC\SDENet-Fusion\Datasets\Glas\precomputed\train_256_stride_128\images\train_3_patch_0008.npy,C:\Users\gadda\Documents\FeatureFusionMoNuSAC\SDENet-Fusion\Datasets\Glas\precomputed\train_256_stride_128\masks\train_3_patch_0008.npy,128,256,256,256,522,775,522,775,17248,0.26318359375
train_3_patch_0009,train_3.bmp,C:\Users\gadda\Documents\FeatureFusionMoNuSAC\SDENet-Fusion\Datasets\Glas\precomputed\train_256_stride_128\images\train_3_patch_0009.npy,C:\Users\gadda\Documents\FeatureFusionMoNuSAC\SDENet-Fusion\Datasets\Glas\precomputed\train_256_stride_128\masks\train_3_patch_0009.npy,128,384,256,256,522,775,522,775,15588,0.23785400390625
train_3_patch_0010,train_3.bmp,C:\Users\gadda\Documents\FeatureFusionMoNuSAC\SDENet-Fusion\Datasets\Glas\precomputed\train_256_stride_128\images\train_3_patch_0010.npy,C:\Users\gadda\Documents\FeatureFusionMoNuSAC\SDENet-Fusion\Datasets\Glas\precomputed\train_256_stride_128\masks\train_3_patch_0010.npy,128,512,256,256,522,775,522,775,14904,0.2274169921875
train_3_patch_0011,train_3.bmp,C:\Users\gadda\Documents\FeatureFusionMoNuSAC\SDENet-Fusion\Datasets\Glas\precomputed\train_256_stride_128\images\train_3_patch_0011.npy,C:\Users\gadda\Documents\FeatureFusionMoNuSAC\SDENet-Fusion\Datasets\Glas\precomputed\train_256_stride_128\masks\train_3_patch_0011.npy,128,519,256,256,522,775,522,775,16035,0.2446746826171875
train_3_patch_0012,train_3.bmp,C:\Users\gadda\Documents\FeatureFusionMoNuSAC\SDENet-Fusion\Datasets\Glas\precomputed\train_256_stride_128\images\train_3_patch_0012.npy,C:\Users\gadda\Documents\FeatureFusionMoNuSAC\SDENet-Fusion\Datasets\Glas\precomputed\train_256_stride_128\masks\train_3_patch_0012.npy,256,0,256,256,522,775,522,775,27699,0.4226531982421875
train_3_patch_0013,train_3.bmp,C:\Users\gadda\Documents\FeatureFusionMoNuSAC\SDENet-Fusion\Datasets\Glas\precomputed\train_256_stride_128\images\train_3_patch_0013.npy,C:\Users\gadda\Documents\FeatureFusionMoNuSAC\SDENet-Fusion\Datasets\Glas\precomputed\train_256_stride_128\masks\train_3_patch_0013.npy,256,128,256,256,522,775,522,775,26376,0.4024658203125
train_3_patch_0014,train_3.bmp,C:\Users\gadda\Documents\FeatureFusionMoNuSAC\SDENet-Fusion\Datasets\Glas\precomputed\train_256_stride_128\images\train_3_patch_0014.npy,C:\Users\gadda\Documents\FeatureFusionMoNuSAC\SDENet-Fusion\Datasets\Glas\precomputed\train_256_stride_128\masks\train_3_patch_0014.npy,256,256,256,256,522,775,522,775,28848,0.440185546875
train_3_patch_0015,train_3.bmp,C:\Users\gadda\Documents\FeatureFusionMoNuSAC\SDENet-Fusion\Datasets\Glas\precomputed\train_256_stride_128\images\train_3_patch_0015.npy,C:\Users\gadda\Documents\FeatureFusionMoNuSAC\SDENet-Fusion\Datasets\Glas\precomputed\train_256_stride_128\masks\train_3_patch_0015.npy,256,384,256,256,522,775,522,775,27350,0.417327880859375
train_3_patch_0016,train_3.bmp,C:\Users\gadda\Documents\FeatureFusionMoNuSAC\SDENet-Fusion\Datasets\Glas\precomputed\train_256_stride_128\images\train_3_patch_0016.npy,C:\Users\gadda\Documents\FeatureFusionMoNuSAC\SDENet-Fusion\Datasets\Glas\precomputed\train_256_stride_128\masks\train_3_patch_0016.npy,256,512,256,256,522,775,522,775,26394,0.402740478515625
train_3_patch_0017,train_3.bmp,C:\Users\gadda\Documents\FeatureFusionMoNuSAC\SDENet-Fusion\Datasets\Glas\precomputed\train_256_stride_128\images\train_3_patch_0017.npy,C:\Users\gadda\Documents\FeatureFusionMoNuSAC\SDENet-Fusion\Datasets\Glas\precomputed\train_256_stride_128\masks\train_3_patch_0017.npy,256,519,256,256,522,775,522,775,26690,0.407257080078125
train_3_patch_0018,train_3.bmp,C:\Users\gadda\Documents\FeatureFusionMoNuSAC\SDENet-Fusion\Datasets\Glas\precomputed\train_256_stride_128\images\train_3_patch_0018.npy,C:\Users\gadda\Documents\FeatureFusionMoNuSAC\SDENet-Fusion\Datasets\Glas\precomputed\train_256_stride_128\masks\train_3_patch_0018.npy,266,0,256,256,522,775,522,775,27565,0.4206085205078125
train_3_patch_0019,train_3.bmp,C:\Users\gadda\Documents\FeatureFusionMoNuSAC\SDENet-Fusion\Datasets\Glas\precomputed\train_256_stride_128\images\train_3_patch_0019.npy,C:\Users\gadda\Documents\FeatureFusionMoNuSAC\SDENet-Fusion\Datasets\Glas\precomputed\train_256_stride_128\masks\train_3_patch_0019.npy,266,128,256,256,522,775,522,775,26638,0.406463623046875
train_3_patch_0020,train_3.bmp,C:\Users\gadda\Documents\FeatureFusionMoNuSAC\SDENet-Fusion\Datasets\Glas\precomputed\train_256_stride_128\images\train_3_patch_0020.npy,C:\Users\gadda\Documents\FeatureFusionMoNuSAC\SDENet-Fusion\Datasets\Glas\precomputed\train_256_stride_128\masks\train_3_patch_0020.npy,266,256,256,256,522,775,522,775,29900,0.45623779296875
train_3_patch_0021,train_3.bmp,C:\Users\gadda\Documents\FeatureFusionMoNuSAC\SDENet-Fusion\Datasets\Glas\precomputed\train_256_stride_128\images\train_3_patch_0021.npy,C:\Users\gadda\Documents\FeatureFusionMoNuSAC\SDENet-Fusion\Datasets\Glas\precomputed\train_256_stride_128\masks\train_3_patch_0021.npy,266,384,256,256,522,775,522,775,28586,0.436187744140625
train_3_patch_0022,train_3.bmp,C:\Users\gadda\Documents\FeatureFusionMoNuSAC\SDENet-Fusion\Datasets\Glas\precomputed\train_256_stride_128\images\train_3_patch_0022.npy,C:\Users\gadda\Documents\FeatureFusionMoNuSAC\SDENet-Fusion\Datasets\Glas\precomputed\train_256_stride_128\masks\train_3_patch_0022.npy,266,512,256,256,522,775,522,775,27849,0.4249420166015625
train_3_patch_0023,train_3.bmp,C:\Users\gadda\Documents\FeatureFusionMoNuSAC\SDENet-Fusion\Datasets\Glas\precomputed\train_256_stride_128\images\train_3_patch_0023.npy,C:\Users\gadda\Documents\FeatureFusionMoNuSAC\SDENet-Fusion\Datasets\Glas\precomputed\train_256_stride_128\masks\train_3_patch_0023.npy,266,519,256,256,522,775,522,775,28114,0.428985595703125
train_30_patch_0000,train_30.bmp,C:\Users\gadda\Documents\FeatureFusionMoNuSAC\SDENet-Fusion\Datasets\Glas\precomputed\train_256_stride_128\images\train_30_patch_0000.npy,C:\Users\gadda\Documents\FeatureFusionMoNuSAC\SDENet-Fusion\Datasets\Glas\precomputed\train_256_stride_128\masks\train_30_patch_0000.npy,0,0,256,256,522,775,522,775,17349,0.2647247314453125
train_30_patch_0001,train_30.bmp,C:\Users\gadda\Documents\FeatureFusionMoNuSAC\SDENet-Fusion\Datasets\Glas\precomputed\train_256_stride_128\images\train_30_patch_0001.npy,C:\Users\gadda\Documents\FeatureFusionMoNuSAC\SDENet-Fusion\Datasets\Glas\precomputed\train_256_stride_128\masks\train_30_patch_0001.npy,0,128,256,256,522,775,522,775,16550,0.252532958984375
train_30_patch_0002,train_30.bmp,C:\Users\gadda\Documents\FeatureFusionMoNuSAC\SDENet-Fusion\Datasets\Glas\precomputed\train_256_stride_128\images\train_30_patch_0002.npy,C:\Users\gadda\Documents\FeatureFusionMoNuSAC\SDENet-Fusion\Datasets\Glas\precomputed\train_256_stride_128\masks\train_30_patch_0002.npy,0,256,256,256,522,775,522,775,5039,0.0768890380859375
train_30_patch_0003,train_30.bmp,C:\Users\gadda\Documents\FeatureFusionMoNuSAC\SDENet-Fusion\Datasets\Glas\precomputed\train_256_stride_128\images\train_30_patch_0003.npy,C:\Users\gadda\Documents\FeatureFusionMoNuSAC\SDENet-Fusion\Datasets\Glas\precomputed\train_256_stride_128\masks\train_30_patch_0003.npy,0,384,256,256,522,775,522,775,22,0.000335693359375
train_30_patch_0004,train_30.bmp,C:\Users\gadda\Documents\FeatureFusionMoNuSAC\SDENet-Fusion\Datasets\Glas\precomputed\train_256_stride_128\images\train_30_patch_0004.npy,C:\Users\gadda\Documents\FeatureFusionMoNuSAC\SDENet-Fusion\Datasets\Glas\precomputed\train_256_stride_128\masks\train_30_patch_0004.npy,0,512,256,256,522,775,522,775,0,0.0
train_30_patch_0005,train_30.bmp,C:\Users\gadda\Documents\FeatureFusionMoNuSAC\SDENet-Fusion\Datasets\Glas\precomputed\train_256_stride_128\images\train_30_patch_0005.npy,C:\Users\gadda\Documents\FeatureFusionMoNuSAC\SDENet-Fusion\Datasets\Glas\precomputed\train_256_stride_128\masks\train_30_patch_0005.npy,0,519,256,256,522,775,522,775,0,0.0
train_30_patch_0006,train_30.bmp,C:\Users\gadda\Documents\FeatureFusionMoNuSAC\SDENet-Fusion\Datasets\Glas\precomputed\train_256_stride_128\images\train_30_patch_0006.npy,C:\Users\gadda\Documents\FeatureFusionMoNuSAC\SDENet-Fusion\Datasets\Glas\precomputed\train_256_stride_128\masks\train_30_patch_0006.npy,128,0,256,256,522,775,522,775,45981,0.7016143798828125
train_30_patch_0007,train_30.bmp,C:\Users\gadda\Documents\FeatureFusionMoNuSAC\SDENet-Fusion\Datasets\Glas\precomputed\train_256_stride_128\images\train_30_patch_0007.npy,C:\Users\gadda\Documents\FeatureFusionMoNuSAC\SDENet-Fusion\Datasets\Glas\precomputed\train_256_stride_128\masks\train_30_patch_0007.npy,128,128,256,256,522,775,522,775,43418,0.662506103515625
train_30_patch_0008,train_30.bmp,C:\Users\gadda\Documents\FeatureFusionMoNuSAC\SDENet-Fusion\Datasets\Glas\precomputed\train_256_stride_128\images\train_30_patch_0008.npy,C:\Users\gadda\Documents\FeatureFusionMoNuSAC\SDENet-Fusion\Datasets\Glas\precomputed\train_256_stride_128\masks\train_30_patch_0008.npy,128,256,256,256,522,775,522,775,19463,0.2969818115234375
train_30_patch_0009,train_30.bmp,C:\Users\gadda\Documents\FeatureFusionMoNuSAC\SDENet-Fusion\Datasets\Glas\precomputed\train_256_stride_128\images\train_30_patch_0009.npy,C:\Users\gadda\Documents\FeatureFusionMoNuSAC\SDENet-Fusion\Datasets\Glas\precomputed\train_256_stride_128\masks\train_30_patch_0009.npy,128,384,256,256,522,775,522,775,178,0.002716064453125
train_30_patch_0010,train_30.bmp,C:\Users\gadda\Documents\FeatureFusionMoNuSAC\SDENet-Fusion\Datasets\Glas\precomputed\train_256_stride_128\images\train_30_patch_0010.npy,C:\Users\gadda\Documents\FeatureFusionMoNuSAC\SDENet-Fusion\Datasets\Glas\precomputed\train_256_stride_128\masks\train_30_patch_0010.npy,128,512,256,256,522,775,522,775,0,0.0
train_30_patch_0011,train_30.bmp,C:\Users\gadda\Documents\FeatureFusionMoNuSAC\SDENet-Fusion\Datasets\Glas\precomputed\train_256_stride_128\images\train_30_patch_0011.npy,C:\Users\gadda\Documents\FeatureFusionMoNuSAC\SDENet-Fusion\Datasets\Glas\precomputed\train_256_stride_128\masks\train_30_patch_0011.npy,128,519,256,256,522,775,522,775,0,0.0
train_30_patch_0012,train_30.bmp,C:\Users\gadda\Documents\FeatureFusionMoNuSAC\SDENet-Fusion\Datasets\Glas\precomputed\train_256_stride_128\images\train_30_patch_0012.npy,C:\Users\gadda\Documents\FeatureFusionMoNuSAC\SDENet-Fusion\Datasets\Glas\precomputed\train_256_stride_128\masks\train_30_patch_0012.npy,256,0,256,256,522,775,522,775,41648,0.635498046875
train_30_patch_0013,train_30.bmp,C:\Users\gadda\Documents\FeatureFusionMoNuSAC\SDENet-Fusion\Datasets\Glas\precomputed\train_256_stride_128\images\train_30_patch_0013.npy,C:\Users\gadda\Documents\FeatureFusionMoNuSAC\SDENet-Fusion\Datasets\Glas\precomputed\train_256_stride_128\masks\train_30_patch_0013.npy,256,128,256,256,522,775,522,775,43303,0.6607513427734375
train_30_patch_0014,train_30.bmp,C:\Users\gadda\Documents\FeatureFusionMoNuSAC\SDENet-Fusion\Datasets\Glas\precomputed\train_256_stride_128\images\train_30_patch_0014.npy,C:\Users\gadda\Documents\FeatureFusionMoNuSAC\SDENet-Fusion\Datasets\Glas\precomputed\train_256_stride_128\masks\train_30_patch_0014.npy,256,256,256,256,522,775,522,775,28842,0.440093994140625
train_30_patch_0015,train_30.bmp,C:\Users\gadda\Documents\FeatureFusionMoNuSAC\SDENet-Fusion\Datasets\Glas\precomputed\train_256_stride_128\images\train_30_patch_0015.npy,C:\Users\gadda\Documents\FeatureFusionMoNuSAC\SDENet-Fusion\Datasets\Glas\precomputed\train_256_stride_128\masks\train_30_patch_0015.npy,256,384,256,256,522,775,522,775,4732,0.07220458984375
train_30_patch_0016,train_30.bmp,C:\Users\gadda\Documents\FeatureFusionMoNuSAC\SDENet-Fusion\Datasets\Glas\precomputed\train_256_stride_128\images\train_30_patch_0016.npy,C:\Users\gadda\Documents\FeatureFusionMoNuSAC\SDENet-Fusion\Datasets\Glas\precomputed\train_256_stride_128\masks\train_30_patch_0016.npy,256,512,256,256,522,775,522,775,0,0.0
train_30_patch_0017,train_30.bmp,C:\Users\gadda\Documents\FeatureFusionMoNuSAC\SDENet-Fusion\Datasets\Glas\precomputed\train_256_stride_128\images\train_30_patch_0017.npy,C:\Users\gadda\Documents\FeatureFusionMoNuSAC\SDENet-Fusion\Datasets\Glas\precomputed\train_256_stride_128\masks\train_30_patch_0017.npy,256,519,256,256,522,775,522,775,0,0.0
train_30_patch_0018,train_30.bmp,C:\Users\gadda\Documents\FeatureFusionMoNuSAC\SDENet-Fusion\Datasets\Glas\precomputed\train_256_stride_128\images\train_30_patch_0018.npy,C:\Users\gadda\Documents\FeatureFusionMoNuSAC\SDENet-Fusion\Datasets\Glas\precomputed\train_256_stride_128\masks\train_30_patch_0018.npy,266,0,256,256,522,775,522,775,40463,0.6174163818359375
train_30_patch_0019,train_30.bmp,C:\Users\gadda\Documents\FeatureFusionMoNuSAC\SDENet-Fusion\Datasets\Glas\precomputed\train_256_stride_128\images\train_30_patch_0019.npy,C:\Users\gadda\Documents\FeatureFusionMoNuSAC\SDENet-Fusion\Datasets\Glas\precomputed\train_256_stride_128\masks\train_30_patch_0019.npy,266,128,256,256,522,775,522,775,42674,0.651153564453125
train_30_patch_0020,train_30.bmp,C:\Users\gadda\Documents\FeatureFusionMoNuSAC\SDENet-Fusion\Datasets\Glas\precomputed\train_256_stride_128\images\train_30_patch_0020.npy,C:\Users\gadda\Documents\FeatureFusionMoNuSAC\SDENet-Fusion\Datasets\Glas\precomputed\train_256_stride_128\masks\train_30_patch_0020.npy,266,256,256,256,522,775,522,775,28782,0.439178466796875
train_30_patch_0021,train_30.bmp,C:\Users\gadda\Documents\FeatureFusionMoNuSAC\SDENet-Fusion\Datasets\Glas\precomputed\train_256_stride_128\images\train_30_patch_0021.npy,C:\Users\gadda\Documents\FeatureFusionMoNuSAC\SDENet-Fusion\Datasets\Glas\precomputed\train_256_stride_128\masks\train_30_patch_0021.npy,266,384,256,256,522,775,522,775,5209,0.0794830322265625
train_30_patch_0022,train_30.bmp,C:\Users\gadda\Documents\FeatureFusionMoNuSAC\SDENet-Fusion\Datasets\Glas\precomputed\train_256_stride_128\images\train_30_patch_0022.npy,C:\Users\gadda\Documents\FeatureFusionMoNuSAC\SDENet-Fusion\Datasets\Glas\precomputed\train_256_stride_128\masks\train_30_patch_0022.npy,266,512,256,256,522,775,522,775,0,0.0
train_30_patch_0023,train_30.bmp,C:\Users\gadda\Documents\FeatureFusionMoNuSAC\SDENet-Fusion\Datasets\Glas\precomputed\train_256_stride_128\images\train_30_patch_0023.npy,C:\Users\gadda\Documents\FeatureFusionMoNuSAC\SDENet-Fusion\Datasets\Glas\precomputed\train_256_stride_128\masks\train_30_patch_0023.npy,266,519,256,256,522,775,522,775,0,0.0
train_31_patch_0000,train_31.bmp,C:\Users\gadda\Documents\FeatureFusionMoNuSAC\SDENet-Fusion\Datasets\Glas\precomputed\train_256_stride_128\images\train_31_patch_0000.npy,C:\Users\gadda\Documents\FeatureFusionMoNuSAC\SDENet-Fusion\Datasets\Glas\precomputed\train_256_stride_128\masks\train_31_patch_0000.npy,0,0,256,256,522,775,522,775,38909,0.5937042236328125
train_31_patch_0001,train_31.bmp,C:\Users\gadda\Documents\FeatureFusionMoNuSAC\SDENet-Fusion\Datasets\Glas\precomputed\train_256_stride_128\images\train_31_patch_0001.npy,C:\Users\gadda\Documents\FeatureFusionMoNuSAC\SDENet-Fusion\Datasets\Glas\precomputed\train_256_stride_128\masks\train_31_patch_0001.npy,0,128,256,256,522,775,522,775,19848,0.3028564453125
train_31_patch_0002,train_31.bmp,C:\Users\gadda\Documents\FeatureFusionMoNuSAC\SDENet-Fusion\Datasets\Glas\precomputed\train_256_stride_128\images\train_31_patch_0002.npy,C:\Users\gadda\Documents\FeatureFusionMoNuSAC\SDENet-Fusion\Datasets\Glas\precomputed\train_256_stride_128\masks\train_31_patch_0002.npy,0,256,256,256,522,775,522,775,16517,0.2520294189453125
train_31_patch_0003,train_31.bmp,C:\Users\gadda\Documents\FeatureFusionMoNuSAC\SDENet-Fusion\Datasets\Glas\precomputed\train_256_stride_128\images\train_31_patch_0003.npy,C:\Users\gadda\Documents\FeatureFusionMoNuSAC\SDENet-Fusion\Datasets\Glas\precomputed\train_256_stride_128\masks\train_31_patch_0003.npy,0,384,256,256,522,775,522,775,34610,0.528106689453125
train_31_patch_0004,train_31.bmp,C:\Users\gadda\Documents\FeatureFusionMoNuSAC\SDENet-Fusion\Datasets\Glas\precomputed\train_256_stride_128\images\train_31_patch_0004.npy,C:\Users\gadda\Documents\FeatureFusionMoNuSAC\SDENet-Fusion\Datasets\Glas\precomputed\train_256_stride_128\masks\train_31_patch_0004.npy,0,512,256,256,522,775,522,775,39822,0.607635498046875
train_31_patch_0005,train_31.bmp,C:\Users\gadda\Documents\FeatureFusionMoNuSAC\SDENet-Fusion\Datasets\Glas\precomputed\train_256_stride_128\images\train_31_patch_0005.npy,C:\Users\gadda\Documents\FeatureFusionMoNuSAC\SDENet-Fusion\Datasets\Glas\precomputed\train_256_stride_128\masks\train_31_patch_0005.npy,0,519,256,256,522,775,522,775,39727,0.6061859130859375
train_31_patch_0006,train_31.bmp,C:\Users\gadda\Documents\FeatureFusionMoNuSAC\SDENet-Fusion\Datasets\Glas\precomputed\train_256_stride_128\images\train_31_patch_0006.npy,C:\Users\gadda\Documents\FeatureFusionMoNuSAC\SDENet-Fusion\Datasets\Glas\precomputed\train_256_stride_128\masks\train_31_patch_0006.npy,128,0,256,256,522,775,522,775,31565,0.4816436767578125
train_31_patch_0007,train_31.bmp,C:\Users\gadda\Documents\FeatureFusionMoNuSAC\SDENet-Fusion\Datasets\Glas\precomputed\train_256_stride_128\images\train_31_patch_0007.npy,C:\Users\gadda\Documents\FeatureFusionMoNuSAC\SDENet-Fusion\Datasets\Glas\precomputed\train_256_stride_128\masks\train_31_patch_0007.npy,128,128,256,256,522,775,522,775,14536,0.2218017578125
train_31_patch_0008,train_31.bmp,C:\Users\gadda\Documents\FeatureFusionMoNuSAC\SDENet-Fusion\Datasets\Glas\precomputed\train_256_stride_128\images\train_31_patch_0008.npy,C:\Users\gadda\Documents\FeatureFusionMoNuSAC\SDENet-Fusion\Datasets\Glas\precomputed\train_256_stride_128\masks\train_31_patch_0008.npy,128,256,256,256,522,775,522,775,19439,0.2966156005859375
train_31_patch_0009,train_31.bmp,C:\Users\gadda\Documents\FeatureFusionMoNuSAC\SDENet-Fusion\Datasets\Glas\precomputed\train_256_stride_128\images\train_31_patch_0009.npy,C:\Users\gadda\Documents\FeatureFusionMoNuSAC\SDENet-Fusion\Datasets\Glas\precomputed\train_256_stride_128\masks\train_31_patch_0009.npy,128,384,256,256,522,775,522,775,31169,0.4756011962890625
train_31_patch_0010,train_31.bmp,C:\Users\gadda\Documents\FeatureFusionMoNuSAC\SDENet-Fusion\Datasets\Glas\precomputed\train_256_stride_128\images\train_31_patch_0010.npy,C:\Users\gadda\Documents\FeatureFusionMoNuSAC\SDENet-Fusion\Datasets\Glas\precomputed\train_256_stride_128\masks\train_31_patch_0010.npy,128,512,256,256,522,775,522,775,37461,0.5716094970703125
train_31_patch_0011,train_31.bmp,C:\Users\gadda\Documents\FeatureFusionMoNuSAC\SDENet-Fusion\Datasets\Glas\precomputed\train_256_stride_128\images\train_31_patch_0011.npy,C:\Users\gadda\Documents\FeatureFusionMoNuSAC\SDENet-Fusion\Datasets\Glas\precomputed\train_256_stride_128\masks\train_31_patch_0011.npy,128,519,256,256,522,775,522,775,37731,0.5757293701171875
train_31_patch_0012,train_31.bmp,C:\Users\gadda\Documents\FeatureFusionMoNuSAC\SDENet-Fusion\Datasets\Glas\precomputed\train_256_stride_128\images\train_31_patch_0012.npy,C:\Users\gadda\Documents\FeatureFusionMoNuSAC\SDENet-Fusion\Datasets\Glas\precomputed\train_256_stride_128\masks\train_31_patch_0012.npy,256,0,256,256,522,775,522,775,34436,0.52545166015625
train_31_patch_0013,train_31.bmp,C:\Users\gadda\Documents\FeatureFusionMoNuSAC\SDENet-Fusion\Datasets\Glas\precomputed\train_256_stride_128\images\train_31_patch_0013.npy,C:\Users\gadda\Documents\FeatureFusionMoNuSAC\SDENet-Fusion\Datasets\Glas\precomputed\train_256_stride_128\masks\train_31_patch_0013.npy,256,128,256,256,522,775,522,775,20193,0.3081207275390625
train_31_patch_0014,train_31.bmp,C:\Users\gadda\Documents\FeatureFusionMoNuSAC\SDENet-Fusion\Datasets\Glas\precomputed\train_256_stride_128\images\train_31_patch_0014.npy,C:\Users\gadda\Documents\FeatureFusionMoNuSAC\SDENet-Fusion\Datasets\Glas\precomputed\train_256_stride_128\masks\train_31_patch_0014.npy,256,256,256,256,522,775,522,775,19359,0.2953948974609375
train_31_patch_0015,train_31.bmp,C:\Users\gadda\Documents\FeatureFusionMoNuSAC\SDENet-Fusion\Datasets\Glas\precomputed\train_256_stride_128\images\train_31_patch_0015.npy,C:\Users\gadda\Documents\FeatureFusionMoNuSAC\SDENet-Fusion\Datasets\Glas\precomputed\train_256_stride_128\masks\train_31_patch_0015.npy,256,384,256,256,522,775,522,775,23860,0.36407470703125
train_31_patch_0016,train_31.bmp,C:\Users\gadda\Documents\FeatureFusionMoNuSAC\SDENet-Fusion\Datasets\Glas\precomputed\train_256_stride_128\images\train_31_patch_0016.npy,C:\Users\gadda\Documents\FeatureFusionMoNuSAC\SDENet-Fusion\Datasets\Glas\precomputed\train_256_stride_128\masks\train_31_patch_0016.npy,256,512,256,256,522,775,522,775,23569,0.3596343994140625
train_31_patch_0017,train_31.bmp,C:\Users\gadda\Documents\FeatureFusionMoNuSAC\SDENet-Fusion\Datasets\Glas\precomputed\train_256_stride_128\images\train_31_patch_0017.npy,C:\Users\gadda\Documents\FeatureFusionMoNuSAC\SDENet-Fusion\Datasets\Glas\precomputed\train_256_stride_128\masks\train_31_patch_0017.npy,256,519,256,256,522,775,522,775,24074,0.367340087890625
train_31_patch_0018,train_31.bmp,C:\Users\gadda\Documents\FeatureFusionMoNuSAC\SDENet-Fusion\Datasets\Glas\precomputed\train_256_stride_128\images\train_31_patch_0018.npy,C:\Users\gadda\Documents\FeatureFusionMoNuSAC\SDENet-Fusion\Datasets\Glas\precomputed\train_256_stride_128\masks\train_31_patch_0018.npy,266,0,256,256,522,775,522,775,33850,0.516510009765625
train_31_patch_0019,train_31.bmp,C:\Users\gadda\Documents\FeatureFusionMoNuSAC\SDENet-Fusion\Datasets\Glas\precomputed\train_256_stride_128\images\train_31_patch_0019.npy,C:\Users\gadda\Documents\FeatureFusionMoNuSAC\SDENet-Fusion\Datasets\Glas\precomputed\train_256_stride_128\masks\train_31_patch_0019.npy,266,128,256,256,522,775,522,775,21008,0.320556640625
train_31_patch_0020,train_31.bmp,C:\Users\gadda\Documents\FeatureFusionMoNuSAC\SDENet-Fusion\Datasets\Glas\precomputed\train_256_stride_128\images\train_31_patch_0020.npy,C:\Users\gadda\Documents\FeatureFusionMoNuSAC\SDENet-Fusion\Datasets\Glas\precomputed\train_256_stride_128\masks\train_31_patch_0020.npy,266,256,256,256,522,775,522,775,19287,0.2942962646484375
train_31_patch_0021,train_31.bmp,C:\Users\gadda\Documents\FeatureFusionMoNuSAC\SDENet-Fusion\Datasets\Glas\precomputed\train_256_stride_128\images\train_31_patch_0021.npy,C:\Users\gadda\Documents\FeatureFusionMoNuSAC\SDENet-Fusion\Datasets\Glas\precomputed\train_256_stride_128\masks\train_31_patch_0021.npy,266,384,256,256,522,775,522,775,24200,0.3692626953125
train_31_patch_0022,train_31.bmp,C:\Users\gadda\Documents\FeatureFusionMoNuSAC\SDENet-Fusion\Datasets\Glas\precomputed\train_256_stride_128\images\train_31_patch_0022.npy,C:\Users\gadda\Documents\FeatureFusionMoNuSAC\SDENet-Fusion\Datasets\Glas\precomputed\train_256_stride_128\masks\train_31_patch_0022.npy,266,512,256,256,522,775,522,775,23439,0.3576507568359375
train_31_patch_0023,train_31.bmp,C:\Users\gadda\Documents\FeatureFusionMoNuSAC\SDENet-Fusion\Datasets\Glas\precomputed\train_256_stride_128\images\train_31_patch_0023.npy,C:\Users\gadda\Documents\FeatureFusionMoNuSAC\SDENet-Fusion\Datasets\Glas\precomputed\train_256_stride_128\masks\train_31_patch_0023.npy,266,519,256,256,522,775,522,775,23804,0.36322021484375
train_32_patch_0000,train_32.bmp,C:\Users\gadda\Documents\FeatureFusionMoNuSAC\SDENet-Fusion\Datasets\Glas\precomputed\train_256_stride_128\images\train_32_patch_0000.npy,C:\Users\gadda\Documents\FeatureFusionMoNuSAC\SDENet-Fusion\Datasets\Glas\precomputed\train_256_stride_128\masks\train_32_patch_0000.npy,0,0,256,256,522,775,522,775,8516,0.12994384765625
train_32_patch_0001,train_32.bmp,C:\Users\gadda\Documents\FeatureFusionMoNuSAC\SDENet-Fusion\Datasets\Glas\precomputed\train_256_stride_128\images\train_32_patch_0001.npy,C:\Users\gadda\Documents\FeatureFusionMoNuSAC\SDENet-Fusion\Datasets\Glas\precomputed\train_256_stride_128\masks\train_32_patch_0001.npy,0,128,256,256,522,775,522,775,23335,0.3560638427734375
train_32_patch_0002,train_32.bmp,C:\Users\gadda\Documents\FeatureFusionMoNuSAC\SDENet-Fusion\Datasets\Glas\precomputed\train_256_stride_128\images\train_32_patch_0002.npy,C:\Users\gadda\Documents\FeatureFusionMoNuSAC\SDENet-Fusion\Datasets\Glas\precomputed\train_256_stride_128\masks\train_32_patch_0002.npy,0,256,256,256,522,775,522,775,32073,0.4893951416015625
train_32_patch_0003,train_32.bmp,C:\Users\gadda\Documents\FeatureFusionMoNuSAC\SDENet-Fusion\Datasets\Glas\precomputed\train_256_stride_128\images\train_32_patch_0003.npy,C:\Users\gadda\Documents\FeatureFusionMoNuSAC\SDENet-Fusion\Datasets\Glas\precomputed\train_256_stride_128\masks\train_32_patch_0003.npy,0,384,256,256,522,775,522,775,17393,0.2653961181640625
train_32_patch_0004,train_32.bmp,C:\Users\gadda\Documents\FeatureFusionMoNuSAC\SDENet-Fusion\Datasets\Glas\precomputed\train_256_stride_128\images\train_32_patch_0004.npy,C:\Users\gadda\Documents\FeatureFusionMoNuSAC\SDENet-Fusion\Datasets\Glas\precomputed\train_256_stride_128\masks\train_32_patch_0004.npy,0,512,256,256,522,775,522,775,14871,0.2269134521484375
train_32_patch_0005,train_32.bmp,C:\Users\gadda\Documents\FeatureFusionMoNuSAC\SDENet-Fusion\Datasets\Glas\precomputed\train_256_stride_128\images\train_32_patch_0005.npy,C:\Users\gadda\Documents\FeatureFusionMoNuSAC\SDENet-Fusion\Datasets\Glas\precomputed\train_256_stride_128\masks\train_32_patch_0005.npy,0,519,256,256,522,775,522,775,15511,0.2366790771484375
train_32_patch_0006,train_32.bmp,C:\Users\gadda\Documents\FeatureFusionMoNuSAC\SDENet-Fusion\Datasets\Glas\precomputed\train_256_stride_128\images\train_32_patch_0006.npy,C:\Users\gadda\Documents\FeatureFusionMoNuSAC\SDENet-Fusion\Datasets\Glas\precomputed\train_256_stride_128\masks\train_32_patch_0006.npy,128,0,256,256,522,775,522,775,28372,0.43292236328125
train_32_patch_0007,train_32.bmp,C:\Users\gadda\Documents\FeatureFusionMoNuSAC\SDENet-Fusion\Datasets\Glas\precomputed\train_256_stride_128\images\train_32_patch_0007.npy,C:\Users\gadda\Documents\FeatureFusionMoNuSAC\SDENet-Fusion\Datasets\Glas\precomputed\train_256_stride_128\masks\train_32_patch_0007.npy,128,128,256,256,522,775,522,775,45553,0.6950836181640625
train_32_patch_0008,train_32.bmp,C:\Users\gadda\Documents\FeatureFusionMoNuSAC\SDENet-Fusion\Datasets\Glas\precomputed\train_256_stride_128\images\train_32_patch_0008.npy,C:\Users\gadda\Documents\FeatureFusionMoNuSAC\SDENet-Fusion\Datasets\Glas\precomputed\train_256_stride_128\masks\train_32_patch_0008.npy,128,256,256,256,522,775,522,775,43640,0.6658935546875
train_32_patch_0009,train_32.bmp,C:\Users\gadda\Documents\FeatureFusionMoNuSAC\SDENet-Fusion\Datasets\Glas\precomputed\train_256_stride_128\images\train_32_patch_0009.npy,C:\Users\gadda\Documents\FeatureFusionMoNuSAC\SDENet-Fusion\Datasets\Glas\precomputed\train_256_stride_128\masks\train_32_patch_0009.npy,128,384,256,256,522,775,522,775,14730,0.224761962890625
train_32_patch_0010,train_32.bmp,C:\Users\gadda\Documents\FeatureFusionMoNuSAC\SDENet-Fusion\Datasets\Glas\precomputed\train_256_stride_128\images\train_32_patch_0010.npy,C:\Users\gadda\Documents\FeatureFusionMoNuSAC\SDENet-Fusion\Datasets\Glas\precomputed\train_256_stride_128\masks\train_32_patch_0010.npy,128,512,256,256,522,775,522,775,17876,0.27276611328125
train_32_patch_0011,train_32.bmp,C:\Users\gadda\Documents\FeatureFusionMoNuSAC\SDENet-Fusion\Datasets\Glas\precomputed\train_256_stride_128\images\train_32_patch_0011.npy,C:\Users\gadda\Documents\FeatureFusionMoNuSAC\SDENet-Fusion\Datasets\Glas\precomputed\train_256_stride_128\masks\train_32_patch_0011.npy,128,519,256,256,522,775,522,775,19412,0.29620361328125
train_32_patch_0012,train_32.bmp,C:\Users\gadda\Documents\FeatureFusionMoNuSAC\SDENet-Fusion\Datasets\Glas\precomputed\train_256_stride_128\images\train_32_patch_0012.npy,C:\Users\gadda\Documents\FeatureFusionMoNuSAC\SDENet-Fusion\Datasets\Glas\precomputed\train_256_stride_128\masks\train_32_patch_0012.npy,256,0,256,256,522,775,522,775,34421,0.5252227783203125
train_32_patch_0013,train_32.bmp,C:\Users\gadda\Documents\FeatureFusionMoNuSAC\SDENet-Fusion\Datasets\Glas\precomputed\train_256_stride_128\images\train_32_patch_0013.npy,C:\Users\gadda\Documents\FeatureFusionMoNuSAC\SDENet-Fusion\Datasets\Glas\precomputed\train_256_stride_128\masks\train_32_patch_0013.npy,256,128,256,256,522,775,522,775,40450,0.617218017578125
train_32_patch_0014,train_32.bmp,C:\Users\gadda\Documents\FeatureFusionMoNuSAC\SDENet-Fusion\Datasets\Glas\precomputed\train_256_stride_128\images\train_32_patch_0014.npy,C:\Users\gadda\Documents\FeatureFusionMoNuSAC\SDENet-Fusion\Datasets\Glas\precomputed\train_256_stride_128\masks\train_32_patch_0014.npy,256,256,256,256,522,775,522,775,29938,0.456817626953125
train_32_patch_0015,train_32.bmp,C:\Users\gadda\Documents\FeatureFusionMoNuSAC\SDENet-Fusion\Datasets\Glas\precomputed\train_256_stride_128\images\train_32_patch_0015.npy,C:\Users\gadda\Documents\FeatureFusionMoNuSAC\SDENet-Fusion\Datasets\Glas\precomputed\train_256_stride_128\masks\train_32_patch_0015.npy,256,384,256,256,522,775,522,775,16399,0.2502288818359375
train_32_patch_0016,train_32.bmp,C:\Users\gadda\Documents\FeatureFusionMoNuSAC\SDENet-Fusion\Datasets\Glas\precomputed\train_256_stride_128\images\train_32_patch_0016.npy,C:\Users\gadda\Documents\FeatureFusionMoNuSAC\SDENet-Fusion\Datasets\Glas\precomputed\train_256_stride_128\masks\train_32_patch_0016.npy,256,512,256,256,522,775,522,775,34506,0.526519775390625
train_32_patch_0017,train_32.bmp,C:\Users\gadda\Documents\FeatureFusionMoNuSAC\SDENet-Fusion\Datasets\Glas\precomputed\train_256_stride_128\images\train_32_patch_0017.npy,C:\Users\gadda\Documents\FeatureFusionMoNuSAC\SDENet-Fusion\Datasets\Glas\precomputed\train_256_stride_128\masks\train_32_patch_0017.npy,256,519,256,256,522,775,522,775,35637,0.5437774658203125
train_32_patch_0018,train_32.bmp,C:\Users\gadda\Documents\FeatureFusionMoNuSAC\SDENet-Fusion\Datasets\Glas\precomputed\train_256_stride_128\images\train_32_patch_0018.npy,C:\Users\gadda\Documents\FeatureFusionMoNuSAC\SDENet-Fusion\Datasets\Glas\precomputed\train_256_stride_128\masks\train_32_patch_0018.npy,266,0,256,256,522,775,522,775,32975,0.5031585693359375
train_32_patch_0019,train_32.bmp,C:\Users\gadda\Documents\FeatureFusionMoNuSAC\SDENet-Fusion\Datasets\Glas\precomputed\train_256_stride_128\images\train_32_patch_0019.npy,C:\Users\gadda\Documents\FeatureFusionMoNuSAC\SDENet-Fusion\Datasets\Glas\precomputed\train_256_stride_128\masks\train_32_patch_0019.npy,266,128,256,256,522,775,522,775,38566,0.588470458984375
train_32_patch_0020,train_32.bmp,C:\Users\gadda\Documents\FeatureFusionMoNuSAC\SDENet-Fusion\Datasets\Glas\precomputed\train_256_stride_128\images\train_32_patch_0020.npy,C:\Users\gadda\Documents\FeatureFusionMoNuSAC\SDENet-Fusion\Datasets\Glas\precomputed\train_256_stride_128\masks\train_32_patch_0020.npy,266,256,256,256,522,775,522,775,28845,0.4401397705078125
train_32_patch_0021,train_32.bmp,C:\Users\gadda\Documents\FeatureFusionMoNuSAC\SDENet-Fusion\Datasets\Glas\precomputed\train_256_stride_128\images\train_32_patch_0021.npy,C:\Users\gadda\Documents\FeatureFusionMoNuSAC\SDENet-Fusion\Datasets\Glas\precomputed\train_256_stride_128\masks\train_32_patch_0021.npy,266,384,256,256,522,775,522,775,17866,0.272613525390625
train_32_patch_0022,train_32.bmp,C:\Users\gadda\Documents\FeatureFusionMoNuSAC\SDENet-Fusion\Datasets\Glas\precomputed\train_256_stride_128\images\train_32_patch_0022.npy,C:\Users\gadda\Documents\FeatureFusionMoNuSAC\SDENet-Fusion\Datasets\Glas\precomputed\train_256_stride_128\masks\train_32_patch_0022.npy,266,512,256,256,522,775,522,775,36432,0.555908203125
train_32_patch_0023,train_32.bmp,C:\Users\gadda\Documents\FeatureFusionMoNuSAC\SDENet-Fusion\Datasets\Glas\precomputed\train_256_stride_128\images\train_32_patch_0023.npy,C:\Users\gadda\Documents\FeatureFusionMoNuSAC\SDENet-Fusion\Datasets\Glas\precomputed\train_256_stride_128\masks\train_32_patch_0023.npy,266,519,256,256,522,775,522,775,37493,0.5720977783203125
train_33_patch_0000,train_33.bmp,C:\Users\gadda\Documents\FeatureFusionMoNuSAC\SDENet-Fusion\Datasets\Glas\precomputed\train_256_stride_128\images\train_33_patch_0000.npy,C:\Users\gadda\Documents\FeatureFusionMoNuSAC\SDENet-Fusion\Datasets\Glas\precomputed\train_256_stride_128\masks\train_33_patch_0000.npy,0,0,256,256,522,775,522,775,37754,0.576080322265625
train_33_patch_0001,train_33.bmp,C:\Users\gadda\Documents\FeatureFusionMoNuSAC\SDENet-Fusion\Datasets\Glas\precomputed\train_256_stride_128\images\train_33_patch_0001.npy,C:\Users\gadda\Documents\FeatureFusionMoNuSAC\SDENet-Fusion\Datasets\Glas\precomputed\train_256_stride_128\masks\train_33_patch_0001.npy,0,128,256,256,522,775,522,775,40481,0.6176910400390625
train_33_patch_0002,train_33.bmp,C:\Users\gadda\Documents\FeatureFusionMoNuSAC\SDENet-Fusion\Datasets\Glas\precomputed\train_256_stride_128\images\train_33_patch_0002.npy,C:\Users\gadda\Documents\FeatureFusionMoNuSAC\SDENet-Fusion\Datasets\Glas\precomputed\train_256_stride_128\masks\train_33_patch_0002.npy,0,256,256,256,522,775,522,775,31790,0.485076904296875
train_33_patch_0003,train_33.bmp,C:\Users\gadda\Documents\FeatureFusionMoNuSAC\SDENet-Fusion\Datasets\Glas\precomputed\train_256_stride_128\images\train_33_patch_0003.npy,C:\Users\gadda\Documents\FeatureFusionMoNuSAC\SDENet-Fusion\Datasets\Glas\precomputed\train_256_stride_128\masks\train_33_patch_0003.npy,0,384,256,256,522,775,522,775,35987,0.5491180419921875
train_33_patch_0004,train_33.bmp,C:\Users\gadda\Documents\FeatureFusionMoNuSAC\SDENet-Fusion\Datasets\Glas\precomputed\train_256_stride_128\images\train_33_patch_0004.npy,C:\Users\gadda\Documents\FeatureFusionMoNuSAC\SDENet-Fusion\Datasets\Glas\precomputed\train_256_stride_128\masks\train_33_patch_0004.npy,0,512,256,256,522,775,522,775,38339,0.5850067138671875
train_33_patch_0005,train_33.bmp,C:\Users\gadda\Documents\FeatureFusionMoNuSAC\SDENet-Fusion\Datasets\Glas\precomputed\train_256_stride_128\images\train_33_patch_0005.npy,C:\Users\gadda\Documents\FeatureFusionMoNuSAC\SDENet-Fusion\Datasets\Glas\precomputed\train_256_stride_128\masks\train_33_patch_0005.npy,0,519,256,256,522,775,522,775,38458,0.586822509765625
train_33_patch_0006,train_33.bmp,C:\Users\gadda\Documents\FeatureFusionMoNuSAC\SDENet-Fusion\Datasets\Glas\precomputed\train_256_stride_128\images\train_33_patch_0006.npy,C:\Users\gadda\Documents\FeatureFusionMoNuSAC\SDENet-Fusion\Datasets\Glas\precomputed\train_256_stride_128\masks\train_33_patch_0006.npy,128,0,256,256,522,775,522,775,40395,0.6163787841796875
train_33_patch_0007,train_33.bmp,C:\Users\gadda\Documents\FeatureFusionMoNuSAC\SDENet-Fusion\Datasets\Glas\precomputed\train_256_stride_128\images\train_33_patch_0007.npy,C:\Users\gadda\Documents\FeatureFusionMoNuSAC\SDENet-Fusion\Datasets\Glas\precomputed\train_256_stride_128\masks\train_33_patch_0007.npy,128,128,256,256,522,775,522,775,35835,0.5467987060546875
train_33_patch_0008,train_33.bmp,C:\Users\gadda\Documents\FeatureFusionMoNuSAC\SDENet-Fusion\Datasets\Glas\precomputed\train_256_stride_128\images\train_33_patch_0008.npy,C:\Users\gadda\Documents\FeatureFusionMoNuSAC\SDENet-Fusion\Datasets\Glas\precomputed\train_256_stride_128\masks\train_33_patch_0008.npy,128,256,256,256,522,775,522,775,38100,0.58135986328125
train_33_patch_0009,train_33.bmp,C:\Users\gadda\Documents\FeatureFusionMoNuSAC\SDENet-Fusion\Datasets\Glas\precomputed\train_256_stride_128\images\train_33_patch_0009.npy,C:\Users\gadda\Documents\FeatureFusionMoNuSAC\SDENet-Fusion\Datasets\Glas\precomputed\train_256_stride_128\masks\train_33_patch_0009.npy,128,384,256,256,522,775,522,775,42476,0.64813232421875
train_33_patch_0010,train_33.bmp,C:\Users\gadda\Documents\FeatureFusionMoNuSAC\SDENet-Fusion\Datasets\Glas\precomputed\train_256_stride_128\images\train_33_patch_0010.npy,C:\Users\gadda\Documents\FeatureFusionMoNuSAC\SDENet-Fusion\Datasets\Glas\precomputed\train_256_stride_128\masks\train_33_patch_0010.npy,128,512,256,256,522,775,522,775,39958,0.609710693359375
train_33_patch_0011,train_33.bmp,C:\Users\gadda\Documents\FeatureFusionMoNuSAC\SDENet-Fusion\Datasets\Glas\precomputed\train_256_stride_128\images\train_33_patch_0011.npy,C:\Users\gadda\Documents\FeatureFusionMoNuSAC\SDENet-Fusion\Datasets\Glas\precomputed\train_256_stride_128\masks\train_33_patch_0011.npy,128,519,256,256,522,775,522,775,39697,0.6057281494140625
train_33_patch_0012,train_33.bmp,C:\Users\gadda\Documents\FeatureFusionMoNuSAC\SDENet-Fusion\Datasets\Glas\precomputed\train_256_stride_128\images\train_33_patch_0012.npy,C:\Users\gadda\Documents\FeatureFusionMoNuSAC\SDENet-Fusion\Datasets\Glas\precomputed\train_256_stride_128\masks\train_33_patch_0012.npy,256,0,256,256,522,775,522,775,40351,0.6157073974609375
train_33_patch_0013,train_33.bmp,C:\Users\gadda\Documents\FeatureFusionMoNuSAC\SDENet-Fusion\Datasets\Glas\precomputed\train_256_stride_128\images\train_33_patch_0013.npy,C:\Users\gadda\Documents\FeatureFusionMoNuSAC\SDENet-Fusion\Datasets\Glas\precomputed\train_256_stride_128\masks\train_33_patch_0013.npy,256,128,256,256,522,775,522,775,38143,0.5820159912109375
train_33_patch_0014,train_33.bmp,C:\Users\gadda\Documents\FeatureFusionMoNuSAC\SDENet-Fusion\Datasets\Glas\precomputed\train_256_stride_128\images\train_33_patch_0014.npy,C:\Users\gadda\Documents\FeatureFusionMoNuSAC\SDENet-Fusion\Datasets\Glas\precomputed\train_256_stride_128\masks\train_33_patch_0014.npy,256,256,256,256,522,775,522,775,40237,0.6139678955078125
train_33_patch_0015,train_33.bmp,C:\Users\gadda\Documents\FeatureFusionMoNuSAC\SDENet-Fusion\Datasets\Glas\precomputed\train_256_stride_128\images\train_33_patch_0015.npy,C:\Users\gadda\Documents\FeatureFusionMoNuSAC\SDENet-Fusion\Datasets\Glas\precomputed\train_256_stride_128\masks\train_33_patch_0015.npy,256,384,256,256,522,775,522,775,42225,0.6443023681640625
train_33_patch_0016,train_33.bmp,C:\Users\gadda\Documents\FeatureFusionMoNuSAC\SDENet-Fusion\Datasets\Glas\precomputed\train_256_stride_128\images\train_33_patch_0016.npy,C:\Users\gadda\Documents\FeatureFusionMoNuSAC\SDENet-Fusion\Datasets\Glas\precomputed\train_256_stride_128\masks\train_33_patch_0016.npy,256,512,256,256,522,775,522,775,41896,0.6392822265625
train_33_patch_0017,train_33.bmp,C:\Users\gadda\Documents\FeatureFusionMoNuSAC\SDENet-Fusion\Datasets\Glas\precomputed\train_256_stride_128\images\train_33_patch_0017.npy,C:\Users\gadda\Documents\FeatureFusionMoNuSAC\SDENet-Fusion\Datasets\Glas\precomputed\train_256_stride_128\masks\train_33_patch_0017.npy,256,519,256,256,522,775,522,775,41410,0.631866455078125
train_33_patch_0018,train_33.bmp,C:\Users\gadda\Documents\FeatureFusionMoNuSAC\SDENet-Fusion\Datasets\Glas\precomputed\train_256_stride_128\images\train_33_patch_0018.npy,C:\Users\gadda\Documents\FeatureFusionMoNuSAC\SDENet-Fusion\Datasets\Glas\precomputed\train_256_stride_128\masks\train_33_patch_0018.npy,266,0,256,256,522,775,522,775,41097,0.6270904541015625
train_33_patch_0019,train_33.bmp,C:\Users\gadda\Documents\FeatureFusionMoNuSAC\SDENet-Fusion\Datasets\Glas\precomputed\train_256_stride_128\images\train_33_patch_0019.npy,C:\Users\gadda\Documents\FeatureFusionMoNuSAC\SDENet-Fusion\Datasets\Glas\precomputed\train_256_stride_128\masks\train_33_patch_0019.npy,266,128,256,256,522,775,522,775,37624,0.5740966796875
train_33_patch_0020,train_33.bmp,C:\Users\gadda\Documents\FeatureFusionMoNuSAC\SDENet-Fusion\Datasets\Glas\precomputed\train_256_stride_128\images\train_33_patch_0020.npy,C:\Users\gadda\Documents\FeatureFusionMoNuSAC\SDENet-Fusion\Datasets\Glas\precomputed\train_256_stride_128\masks\train_33_patch_0020.npy,266,256,256,256,522,775,522,775,39439,0.6017913818359375
train_33_patch_0021,train_33.bmp,C:\Users\gadda\Documents\FeatureFusionMoNuSAC\SDENet-Fusion\Datasets\Glas\precomputed\train_256_stride_128\images\train_33_patch_0021.npy,C:\Users\gadda\Documents\FeatureFusionMoNuSAC\SDENet-Fusion\Datasets\Glas\precomputed\train_256_stride_128\masks\train_33_patch_0021.npy,266,384,256,256,522,775,522,775,41747,0.6370086669921875
train_33_patch_0022,train_33.bmp,C:\Users\gadda\Documents\FeatureFusionMoNuSAC\SDENet-Fusion\Datasets\Glas\precomputed\train_256_stride_128\images\train_33_patch_0022.npy,C:\Users\gadda\Documents\FeatureFusionMoNuSAC\SDENet-Fusion\Datasets\Glas\precomputed\train_256_stride_128\masks\train_33_patch_0022.npy,266,512,256,256,522,775,522,775,41580,0.63446044921875
train_33_patch_0023,train_33.bmp,C:\Users\gadda\Documents\FeatureFusionMoNuSAC\SDENet-Fusion\Datasets\Glas\precomputed\train_256_stride_128\images\train_33_patch_0023.npy,C:\Users\gadda\Documents\FeatureFusionMoNuSAC\SDENet-Fusion\Datasets\Glas\precomputed\train_256_stride_128\masks\train_33_patch_0023.npy,266,519,256,256,522,775,522,775,41028,0.62603759765625
train_34_patch_0000,train_34.bmp,C:\Users\gadda\Documents\FeatureFusionMoNuSAC\SDENet-Fusion\Datasets\Glas\precomputed\train_256_stride_128\images\train_34_patch_0000.npy,C:\Users\gadda\Documents\FeatureFusionMoNuSAC\SDENet-Fusion\Datasets\Glas\precomputed\train_256_stride_128\masks\train_34_patch_0000.npy,0,0,256,256,522,775,522,775,0,0.0
train_34_patch_0001,train_34.bmp,C:\Users\gadda\Documents\FeatureFusionMoNuSAC\SDENet-Fusion\Datasets\Glas\precomputed\train_256_stride_128\images\train_34_patch_0001.npy,C:\Users\gadda\Documents\FeatureFusionMoNuSAC\SDENet-Fusion\Datasets\Glas\precomputed\train_256_stride_128\masks\train_34_patch_0001.npy,0,128,256,256,522,775,522,775,1922,0.029327392578125
train_34_patch_0002,train_34.bmp,C:\Users\gadda\Documents\FeatureFusionMoNuSAC\SDENet-Fusion\Datasets\Glas\precomputed\train_256_stride_128\images\train_34_patch_0002.npy,C:\Users\gadda\Documents\FeatureFusionMoNuSAC\SDENet-Fusion\Datasets\Glas\precomputed\train_256_stride_128\masks\train_34_patch_0002.npy,0,256,256,256,522,775,522,775,12635,0.1927947998046875
train_34_patch_0003,train_34.bmp,C:\Users\gadda\Documents\FeatureFusionMoNuSAC\SDENet-Fusion\Datasets\Glas\precomputed\train_256_stride_128\images\train_34_patch_0003.npy,C:\Users\gadda\Documents\FeatureFusionMoNuSAC\SDENet-Fusion\Datasets\Glas\precomputed\train_256_stride_128\masks\train_34_patch_0003.npy,0,384,256,256,522,775,522,775,37404,0.57073974609375
train_34_patch_0004,train_34.bmp,C:\Users\gadda\Documents\FeatureFusionMoNuSAC\SDENet-Fusion\Datasets\Glas\precomputed\train_256_stride_128\images\train_34_patch_0004.npy,C:\Users\gadda\Documents\FeatureFusionMoNuSAC\SDENet-Fusion\Datasets\Glas\precomputed\train_256_stride_128\masks\train_34_patch_0004.npy,0,512,256,256,522,775,522,775,58300,0.88958740234375
train_34_patch_0005,train_34.bmp,C:\Users\gadda\Documents\FeatureFusionMoNuSAC\SDENet-Fusion\Datasets\Glas\precomputed\train_256_stride_128\images\train_34_patch_0005.npy,C:\Users\gadda\Documents\FeatureFusionMoNuSAC\SDENet-Fusion\Datasets\Glas\precomputed\train_256_stride_128\masks\train_34_patch_0005.npy,0,519,256,256,522,775,522,775,58364,0.89056396484375
train_34_patch_0006,train_34.bmp,C:\Users\gadda\Documents\FeatureFusionMoNuSAC\SDENet-Fusion\Datasets\Glas\precomputed\train_256_stride_128\images\train_34_patch_0006.npy,C:\Users\gadda\Documents\FeatureFusionMoNuSAC\SDENet-Fusion\Datasets\Glas\precomputed\train_256_stride_128\masks\train_34_patch_0006.npy,128,0,256,256,522,775,522,775,3129,0.0477447509765625
train_34_patch_0007,train_34.bmp,C:\Users\gadda\Documents\FeatureFusionMoNuSAC\SDENet-Fusion\Datasets\Glas\precomputed\train_256_stride_128\images\train_34_patch_0007.npy,C:\Users\gadda\Documents\FeatureFusionMoNuSAC\SDENet-Fusion\Datasets\Glas\precomputed\train_256_stride_128\masks\train_34_patch_0007.npy,128,128,256,256,522,775,522,775,3146,0.048004150390625
train_34_patch_0008,train_34.bmp,C:\Users\gadda\Documents\FeatureFusionMoNuSAC\SDENet-Fusion\Datasets\Glas\precomputed\train_256_stride_128\images\train_34_patch_0008.npy,C:\Users\gadda\Documents\FeatureFusionMoNuSAC\SDENet-Fusion\Datasets\Glas\precomputed\train_256_stride_128\masks\train_34_patch_0008.npy,128,256,256,256,522,775,522,775,21031,0.3209075927734375
train_34_patch_0009,train_34.bmp,C:\Users\gadda\Documents\FeatureFusionMoNuSAC\SDENet-Fusion\Datasets\Glas\precomputed\train_256_stride_128\images\train_34_patch_0009.npy,C:\Users\gadda\Documents\FeatureFusionMoNuSAC\SDENet-Fusion\Datasets\Glas\precomputed\train_256_stride_128\masks\train_34_patch_0009.npy,128,384,256,256,522,775,522,775,39787,0.6071014404296875
train_34_patch_0010,train_34.bmp,C:\Users\gadda\Documents\FeatureFusionMoNuSAC\SDENet-Fusion\Datasets\Glas\precomputed\train_256_stride_128\images\train_34_patch_0010.npy,C:\Users\gadda\Documents\FeatureFusionMoNuSAC\SDENet-Fusion\Datasets\Glas\precomputed\train_256_stride_128\masks\train_34_patch_0010.npy,128,512,256,256,522,775,522,775,43432,0.6627197265625
train_34_patch_0011,train_34.bmp,C:\Users\gadda\Documents\FeatureFusionMoNuSAC\SDENet-Fusion\Datasets\Glas\precomputed\train_256_stride_128\images\train_34_patch_0011.npy,C:\Users\gadda\Documents\FeatureFusionMoNuSAC\SDENet-Fusion\Datasets\Glas\precomputed\train_256_stride_128\masks\train_34_patch_0011.npy,128,519,256,256,522,775,522,775,43443,0.6628875732421875
train_34_patch_0012,train_34.bmp,C:\Users\gadda\Documents\FeatureFusionMoNuSAC\SDENet-Fusion\Datasets\Glas\precomputed\train_256_stride_128\images\train_34_patch_0012.npy,C:\Users\gadda\Documents\FeatureFusionMoNuSAC\SDENet-Fusion\Datasets\Glas\precomputed\train_256_stride_128\masks\train_34_patch_0012.npy,256,0,256,256,522,775,522,775,31830,0.485687255859375
train_34_patch_0013,train_34.bmp,C:\Users\gadda\Documents\FeatureFusionMoNuSAC\SDENet-Fusion\Datasets\Glas\precomputed\train_256_stride_128\images\train_34_patch_0013.npy,C:\Users\gadda\Documents\FeatureFusionMoNuSAC\SDENet-Fusion\Datasets\Glas\precomputed\train_256_stride_128\masks\train_34_patch_0013.npy,256,128,256,256,522,775,522,775,18831,0.2873382568359375
train_34_patch_0014,train_34.bmp,C:\Users\gadda\Documents\FeatureFusionMoNuSAC\SDENet-Fusion\Datasets\Glas\precomputed\train_256_stride_128\images\train_34_patch_0014.npy,C:\Users\gadda\Documents\FeatureFusionMoNuSAC\SDENet-Fusion\Datasets\Glas\precomputed\train_256_stride_128\masks\train_34_patch_0014.npy,256,256,256,256,522,775,522,775,24411,0.3724822998046875
train_34_patch_0015,train_34.bmp,C:\Users\gadda\Documents\FeatureFusionMoNuSAC\SDENet-Fusion\Datasets\Glas\precomputed\train_256_stride_128\images\train_34_patch_0015.npy,C:\Users\gadda\Documents\FeatureFusionMoNuSAC\SDENet-Fusion\Datasets\Glas\precomputed\train_256_stride_128\masks\train_34_patch_0015.npy,256,384,256,256,522,775,522,775,39288,0.5994873046875
train_34_patch_0016,train_34.bmp,C:\Users\gadda\Documents\FeatureFusionMoNuSAC\SDENet-Fusion\Datasets\Glas\precomputed\train_256_stride_128\images\train_34_patch_0016.npy,C:\Users\gadda\Documents\FeatureFusionMoNuSAC\SDENet-Fusion\Datasets\Glas\precomputed\train_256_stride_128\masks\train_34_patch_0016.npy,256,512,256,256,522,775,522,775,39085,0.5963897705078125
train_34_patch_0017,train_34.bmp,C:\Users\gadda\Documents\FeatureFusionMoNuSAC\SDENet-Fusion\Datasets\Glas\precomputed\train_256_stride_128\images\train_34_patch_0017.npy,C:\Users\gadda\Documents\FeatureFusionMoNuSAC\SDENet-Fusion\Datasets\Glas\precomputed\train_256_stride_128\masks\train_34_patch_0017.npy,256,519,256,256,522,775,522,775,39310,0.599822998046875
train_34_patch_0018,train_34.bmp,C:\Users\gadda\Documents\FeatureFusionMoNuSAC\SDENet-Fusion\Datasets\Glas\precomputed\train_256_stride_128\images\train_34_patch_0018.npy,C:\Users\gadda\Documents\FeatureFusionMoNuSAC\SDENet-Fusion\Datasets\Glas\precomputed\train_256_stride_128\masks\train_34_patch_0018.npy,266,0,256,256,522,775,522,775,34390,0.524749755859375
train_34_patch_0019,train_34.bmp,C:\Users\gadda\Documents\FeatureFusionMoNuSAC\SDENet-Fusion\Datasets\Glas\precomputed\train_256_stride_128\images\train_34_patch_0019.npy,C:\Users\gadda\Documents\FeatureFusionMoNuSAC\SDENet-Fusion\Datasets\Glas\precomputed\train_256_stride_128\masks\train_34_patch_0019.npy,266,128,256,256,522,775,522,775,20496,0.312744140625
train_34_patch_0020,train_34.bmp,C:\Users\gadda\Documents\FeatureFusionMoNuSAC\SDENet-Fusion\Datasets\Glas\precomputed\train_256_stride_128\images\train_34_patch_0020.npy,C:\Users\gadda\Documents\FeatureFusionMoNuSAC\SDENet-Fusion\Datasets\Glas\precomputed\train_256_stride_128\masks\train_34_patch_0020.npy,266,256,256,256,522,775,522,775,24915,0.3801727294921875
train_34_patch_0021,train_34.bmp,C:\Users\gadda\Documents\FeatureFusionMoNuSAC\SDENet-Fusion\Datasets\Glas\precomputed\train_256_stride_128\images\train_34_patch_0021.npy,C:\Users\gadda\Documents\FeatureFusionMoNuSAC\SDENet-Fusion\Datasets\Glas\precomputed\train_256_stride_128\masks\train_34_patch_0021.npy,266,384,256,256,522,775,522,775,39639,0.6048431396484375
train_34_patch_0022,train_34.bmp,C:\Users\gadda\Documents\FeatureFusionMoNuSAC\SDENet-Fusion\Datasets\Glas\precomputed\train_256_stride_128\images\train_34_patch_0022.npy,C:\Users\gadda\Documents\FeatureFusionMoNuSAC\SDENet-Fusion\Datasets\Glas\precomputed\train_256_stride_128\masks\train_34_patch_0022.npy,266,512,256,256,522,775,522,775,39496,0.6026611328125
train_34_patch_0023,train_34.bmp,C:\Users\gadda\Documents\FeatureFusionMoNuSAC\SDENet-Fusion\Datasets\Glas\precomputed\train_256_stride_128\images\train_34_patch_0023.npy,C:\Users\gadda\Documents\FeatureFusionMoNuSAC\SDENet-Fusion\Datasets\Glas\precomputed\train_256_stride_128\masks\train_34_patch_0023.npy,266,519,256,256,522,775,522,775,39721,0.6060943603515625
train_35_patch_0000,train_35.bmp,C:\Users\gadda\Documents\FeatureFusionMoNuSAC\SDENet-Fusion\Datasets\Glas\precomputed\train_256_stride_128\images\train_35_patch_0000.npy,C:\Users\gadda\Documents\FeatureFusionMoNuSAC\SDENet-Fusion\Datasets\Glas\precomputed\train_256_stride_128\masks\train_35_patch_0000.npy,0,0,256,256,522,775,522,775,33862,0.516693115234375
train_35_patch_0001,train_35.bmp,C:\Users\gadda\Documents\FeatureFusionMoNuSAC\SDENet-Fusion\Datasets\Glas\precomputed\train_256_stride_128\images\train_35_patch_0001.npy,C:\Users\gadda\Documents\FeatureFusionMoNuSAC\SDENet-Fusion\Datasets\Glas\precomputed\train_256_stride_128\masks\train_35_patch_0001.npy,0,128,256,256,522,775,522,775,62225,0.9494781494140625
train_35_patch_0002,train_35.bmp,C:\Users\gadda\Documents\FeatureFusionMoNuSAC\SDENet-Fusion\Datasets\Glas\precomputed\train_256_stride_128\images\train_35_patch_0002.npy,C:\Users\gadda\Documents\FeatureFusionMoNuSAC\SDENet-Fusion\Datasets\Glas\precomputed\train_256_stride_128\masks\train_35_patch_0002.npy,0,256,256,256,522,775,522,775,55396,0.84527587890625
train_35_patch_0003,train_35.bmp,C:\Users\gadda\Documents\FeatureFusionMoNuSAC\SDENet-Fusion\Datasets\Glas\precomputed\train_256_stride_128\images\train_35_patch_0003.npy,C:\Users\gadda\Documents\FeatureFusionMoNuSAC\SDENet-Fusion\Datasets\Glas\precomputed\train_256_stride_128\masks\train_35_patch_0003.npy,0,384,256,256,522,775,522,775,47160,0.7196044921875
train_35_patch_0004,train_35.bmp,C:\Users\gadda\Documents\FeatureFusionMoNuSAC\SDENet-Fusion\Datasets\Glas\precomputed\train_256_stride_128\images\train_35_patch_0004.npy,C:\Users\gadda\Documents\FeatureFusionMoNuSAC\SDENet-Fusion\Datasets\Glas\precomputed\train_256_stride_128\masks\train_35_patch_0004.npy,0,512,256,256,522,775,522,775,53202,0.811798095703125
train_35_patch_0005,train_35.bmp,C:\Users\gadda\Documents\FeatureFusionMoNuSAC\SDENet-Fusion\Datasets\Glas\precomputed\train_256_stride_128\images\train_35_patch_0005.npy,C:\Users\gadda\Documents\FeatureFusionMoNuSAC\SDENet-Fusion\Datasets\Glas\precomputed\train_256_stride_128\masks\train_35_patch_0005.npy,0,519,256,256,522,775,522,775,53550,0.817108154296875
train_35_patch_0006,train_35.bmp,C:\Users\gadda\Documents\FeatureFusionMoNuSAC\SDENet-Fusion\Datasets\Glas\precomputed\train_256_stride_128\images\train_35_patch_0006.npy,C:\Users\gadda\Documents\FeatureFusionMoNuSAC\SDENet-Fusion\Datasets\Glas\precomputed\train_256_stride_128\masks\train_35_patch_0006.npy,128,0,256,256,522,775,522,775,22920,0.3497314453125
train_35_patch_0007,train_35.bmp,C:\Users\gadda\Documents\FeatureFusionMoNuSAC\SDENet-Fusion\Datasets\Glas\precomputed\train_256_stride_128\images\train_35_patch_0007.npy,C:\Users\gadda\Documents\FeatureFusionMoNuSAC\SDENet-Fusion\Datasets\Glas\precomputed\train_256_stride_128\masks\train_35_patch_0007.npy,128,128,256,256,522,775,522,775,47504,0.724853515625
train_35_patch_0008,train_35.bmp,C:\Users\gadda\Documents\FeatureFusionMoNuSAC\SDENet-Fusion\Datasets\Glas\precomputed\train_256_stride_128\images\train_35_patch_0008.npy,C:\Users\gadda\Documents\FeatureFusionMoNuSAC\SDENet-Fusion\Datasets\Glas\precomputed\train_256_stride_128\masks\train_35_patch_0008.npy,128,256,256,256,522,775,522,775,47467,0.7242889404296875
train_35_patch_0009,train_35.bmp,C:\Users\gadda\Documents\FeatureFusionMoNuSAC\SDENet-Fusion\Datasets\Glas\precomputed\train_256_stride_128\images\train_35_patch_0009.npy,C:\Users\gadda\Documents\FeatureFusionMoNuSAC\SDENet-Fusion\Datasets\Glas\precomputed\train_256_stride_128\masks\train_35_patch_0009.npy,128,384,256,256,522,775,522,775,52073,0.7945709228515625
train_35_patch_0010,train_35.bmp,C:\Users\gadda\Documents\FeatureFusionMoNuSAC\SDENet-Fusion\Datasets\Glas\precomputed\train_256_stride_128\images\train_35_patch_0010.npy,C:\Users\gadda\Documents\FeatureFusionMoNuSAC\SDENet-Fusion\Datasets\Glas\precomputed\train_256_stride_128\masks\train_35_patch_0010.npy,128,512,256,256,522,775,522,775,58637,0.8947296142578125
train_35_patch_0011,train_35.bmp,C:\Users\gadda\Documents\FeatureFusionMoNuSAC\SDENet-Fusion\Datasets\Glas\precomputed\train_256_stride_128\images\train_35_patch_0011.npy,C:\Users\gadda\Documents\FeatureFusionMoNuSAC\SDENet-Fusion\Datasets\Glas\precomputed\train_256_stride_128\masks\train_35_patch_0011.npy,128,519,256,256,522,775,522,775,58574,0.893768310546875
train_35_patch_0012,train_35.bmp,C:\Users\gadda\Documents\FeatureFusionMoNuSAC\SDENet-Fusion\Datasets\Glas\precomputed\train_256_stride_128\images\train_35_patch_0012.npy,C:\Users\gadda\Documents\FeatureFusionMoNuSAC\SDENet-Fusion\Datasets\Glas\precomputed\train_256_stride_128\masks\train_35_patch_0012.npy,256,0,256,256,522,775,522,775,16341,0.2493438720703125
train_35_patch_0013,train_35.bmp,C:\Users\gadda\Documents\FeatureFusionMoNuSAC\SDENet-Fusion\Datasets\Glas\precomputed\train_256_stride_128\images\train_35_patch_0013.npy,C:\Users\gadda\Documents\FeatureFusionMoNuSAC\SDENet-Fusion\Datasets\Glas\precomputed\train_256_stride_128\masks\train_35_patch_0013.npy,256,128,256,256,522,775,522,775,43312,0.660888671875
train_35_patch_0014,train_35.bmp,C:\Users\gadda\Documents\FeatureFusionMoNuSAC\SDENet-Fusion\Datasets\Glas\precomputed\train_256_stride_128\images\train_35_patch_0014.npy,C:\Users\gadda\Documents\FeatureFusionMoNuSAC\SDENet-Fusion\Datasets\Glas\precomputed\train_256_stride_128\masks\train_35_patch_0014.npy,256,256,256,256,522,775,522,775,57583,0.8786468505859375
train_35_patch_0015,train_35.bmp,C:\Users\gadda\Documents\FeatureFusionMoNuSAC\SDENet-Fusion\Datasets\Glas\precomputed\train_256_stride_128\images\train_35_patch_0015.npy,C:\Users\gadda\Documents\FeatureFusionMoNuSAC\SDENet-Fusion\Datasets\Glas\precomputed\train_256_stride_128\masks\train_35_patch_0015.npy,256,384,256,256,522,775,522,775,60523,0.9235076904296875
train_35_patch_0016,train_35.bmp,C:\Users\gadda\Documents\FeatureFusionMoNuSAC\SDENet-Fusion\Datasets\Glas\precomputed\train_256_stride_128\images\train_35_patch_0016.npy,C:\Users\gadda\Documents\FeatureFusionMoNuSAC\SDENet-Fusion\Datasets\Glas\precomputed\train_256_stride_128\masks\train_35_patch_0016.npy,256,512,256,256,522,775,522,775,57664,0.8798828125
train_35_patch_0017,train_35.bmp,C:\Users\gadda\Documents\FeatureFusionMoNuSAC\SDENet-Fusion\Datasets\Glas\precomputed\train_256_stride_128\images\train_35_patch_0017.npy,C:\Users\gadda\Documents\FeatureFusionMoNuSAC\SDENet-Fusion\Datasets\Glas\precomputed\train_256_stride_128\masks\train_35_patch_0017.npy,256,519,256,256,522,775,522,775,57222,0.873138427734375
train_35_patch_0018,train_35.bmp,C:\Users\gadda\Documents\FeatureFusionMoNuSAC\SDENet-Fusion\Datasets\Glas\precomputed\train_256_stride_128\images\train_35_patch_0018.npy,C:\Users\gadda\Documents\FeatureFusionMoNuSAC\SDENet-Fusion\Datasets\Glas\precomputed\train_256_stride_128\masks\train_35_patch_0018.npy,266,0,256,256,522,775,522,775,16007,0.2442474365234375
train_35_patch_0019,train_35.bmp,C:\Users\gadda\Documents\FeatureFusionMoNuSAC\SDENet-Fusion\Datasets\Glas\precomputed\train_256_stride_128\images\train_35_patch_0019.npy,C:\Users\gadda\Documents\FeatureFusionMoNuSAC\SDENet-Fusion\Datasets\Glas\precomputed\train_256_stride_128\masks\train_35_patch_0019.npy,266,128,256,256,522,775,522,775,43861,0.6692657470703125
train_35_patch_0020,train_35.bmp,C:\Users\gadda\Documents\FeatureFusionMoNuSAC\SDENet-Fusion\Datasets\Glas\precomputed\train_256_stride_128\images\train_35_patch_0020.npy,C:\Users\gadda\Documents\FeatureFusionMoNuSAC\SDENet-Fusion\Datasets\Glas\precomputed\train_256_stride_128\masks\train_35_patch_0020.npy,266,256,256,256,522,775,522,775,59594,0.909332275390625
train_35_patch_0021,train_35.bmp,C:\Users\gadda\Documents\FeatureFusionMoNuSAC\SDENet-Fusion\Datasets\Glas\precomputed\train_256_stride_128\images\train_35_patch_0021.npy,C:\Users\gadda\Documents\FeatureFusionMoNuSAC\SDENet-Fusion\Datasets\Glas\precomputed\train_256_stride_128\masks\train_35_patch_0021.npy,266,384,256,256,522,775,522,775,61451,0.9376678466796875
train_35_patch_0022,train_35.bmp,C:\Users\gadda\Documents\FeatureFusionMoNuSAC\SDENet-Fusion\Datasets\Glas\precomputed\train_256_stride_128\images\train_35_patch_0022.npy,C:\Users\gadda\Documents\FeatureFusionMoNuSAC\SDENet-Fusion\Datasets\Glas\precomputed\train_256_stride_128\masks\train_35_patch_0022.npy,266,512,256,256,522,775,522,775,57317,0.8745880126953125
train_35_patch_0023,train_35.bmp,C:\Users\gadda\Documents\FeatureFusionMoNuSAC\SDENet-Fusion\Datasets\Glas\precomputed\train_256_stride_128\images\train_35_patch_0023.npy,C:\Users\gadda\Documents\FeatureFusionMoNuSAC\SDENet-Fusion\Datasets\Glas\precomputed\train_256_stride_128\masks\train_35_patch_0023.npy,266,519,256,256,522,775,522,775,56900,0.86822509765625
train_36_patch_0000,train_36.bmp,C:\Users\gadda\Documents\FeatureFusionMoNuSAC\SDENet-Fusion\Datasets\Glas\precomputed\train_256_stride_128\images\train_36_patch_0000.npy,C:\Users\gadda\Documents\FeatureFusionMoNuSAC\SDENet-Fusion\Datasets\Glas\precomputed\train_256_stride_128\masks\train_36_patch_0000.npy,0,0,256,256,453,589,453,589,30496,0.46533203125
train_36_patch_0001,train_36.bmp,C:\Users\gadda\Documents\FeatureFusionMoNuSAC\SDENet-Fusion\Datasets\Glas\precomputed\train_256_stride_128\images\train_36_patch_0001.npy,C:\Users\gadda\Documents\FeatureFusionMoNuSAC\SDENet-Fusion\Datasets\Glas\precomputed\train_256_stride_128\masks\train_36_patch_0001.npy,0,128,256,256,453,589,453,589,57703,0.8804779052734375
train_36_patch_0002,train_36.bmp,C:\Users\gadda\Documents\FeatureFusionMoNuSAC\SDENet-Fusion\Datasets\Glas\precomputed\train_256_stride_128\images\train_36_patch_0002.npy,C:\Users\gadda\Documents\FeatureFusionMoNuSAC\SDENet-Fusion\Datasets\Glas\precomputed\train_256_stride_128\masks\train_36_patch_0002.npy,0,256,256,256,453,589,453,589,49934,0.761932373046875
train_36_patch_0003,train_36.bmp,C:\Users\gadda\Documents\FeatureFusionMoNuSAC\SDENet-Fusion\Datasets\Glas\precomputed\train_256_stride_128\images\train_36_patch_0003.npy,C:\Users\gadda\Documents\FeatureFusionMoNuSAC\SDENet-Fusion\Datasets\Glas\precomputed\train_256_stride_128\masks\train_36_patch_0003.npy,0,333,256,256,453,589,453,589,40011,0.6105194091796875
train_36_patch_0004,train_36.bmp,C:\Users\gadda\Documents\FeatureFusionMoNuSAC\SDENet-Fusion\Datasets\Glas\precomputed\train_256_stride_128\images\train_36_patch_0004.npy,C:\Users\gadda\Documents\FeatureFusionMoNuSAC\SDENet-Fusion\Datasets\Glas\precomputed\train_256_stride_128\masks\train_36_patch_0004.npy,128,0,256,256,453,589,453,589,30606,0.467010498046875
train_36_patch_0005,train_36.bmp,C:\Users\gadda\Documents\FeatureFusionMoNuSAC\SDENet-Fusion\Datasets\Glas\precomputed\train_256_stride_128\images\train_36_patch_0005.npy,C:\Users\gadda\Documents\FeatureFusionMoNuSAC\SDENet-Fusion\Datasets\Glas\precomputed\train_256_stride_128\masks\train_36_patch_0005.npy,128,128,256,256,453,589,453,589,50416,0.769287109375
train_36_patch_0006,train_36.bmp,C:\Users\gadda\Documents\FeatureFusionMoNuSAC\SDENet-Fusion\Datasets\Glas\precomputed\train_256_stride_128\images\train_36_patch_0006.npy,C:\Users\gadda\Documents\FeatureFusionMoNuSAC\SDENet-Fusion\Datasets\Glas\precomputed\train_256_stride_128\masks\train_36_patch_0006.npy,128,256,256,256,453,589,453,589,41205,0.6287384033203125
train_36_patch_0007,train_36.bmp,C:\Users\gadda\Documents\FeatureFusionMoNuSAC\SDENet-Fusion\Datasets\Glas\precomputed\train_256_stride_128\images\train_36_patch_0007.npy,C:\Users\gadda\Documents\FeatureFusionMoNuSAC\SDENet-Fusion\Datasets\Glas\precomputed\train_256_stride_128\masks\train_36_patch_0007.npy,128,333,256,256,453,589,453,589,37642,0.574371337890625
train_36_patch_0008,train_36.bmp,C:\Users\gadda\Documents\FeatureFusionMoNuSAC\SDENet-Fusion\Datasets\Glas\precomputed\train_256_stride_128\images\train_36_patch_0008.npy,C:\Users\gadda\Documents\FeatureFusionMoNuSAC\SDENet-Fusion\Datasets\Glas\precomputed\train_256_stride_128\masks\train_36_patch_0008.npy,197,0,256,256,453,589,453,589,23956,0.36553955078125
train_36_patch_0009,train_36.bmp,C:\Users\gadda\Documents\FeatureFusionMoNuSAC\SDENet-Fusion\Datasets\Glas\precomputed\train_256_stride_128\images\train_36_patch_0009.npy,C:\Users\gadda\Documents\FeatureFusionMoNuSAC\SDENet-Fusion\Datasets\Glas\precomputed\train_256_stride_128\masks\train_36_patch_0009.npy,197,128,256,256,453,589,453,589,42666,0.651031494140625
train_36_patch_0010,train_36.bmp,C:\Users\gadda\Documents\FeatureFusionMoNuSAC\SDENet-Fusion\Datasets\Glas\precomputed\train_256_stride_128\images\train_36_patch_0010.npy,C:\Users\gadda\Documents\FeatureFusionMoNuSAC\SDENet-Fusion\Datasets\Glas\precomputed\train_256_stride_128\masks\train_36_patch_0010.npy,197,256,256,256,453,589,453,589,43865,0.6693267822265625
train_36_patch_0011,train_36.bmp,C:\Users\gadda\Documents\FeatureFusionMoNuSAC\SDENet-Fusion\Datasets\Glas\precomputed\train_256_stride_128\images\train_36_patch_0011.npy,C:\Users\gadda\Documents\FeatureFusionMoNuSAC\SDENet-Fusion\Datasets\Glas\precomputed\train_256_stride_128\masks\train_36_patch_0011.npy,197,333,256,256,453,589,453,589,47737,0.7284088134765625
train_37_patch_0000,train_37.bmp,C:\Users\gadda\Documents\FeatureFusionMoNuSAC\SDENet-Fusion\Datasets\Glas\precomputed\train_256_stride_128\images\train_37_patch_0000.npy,C:\Users\gadda\Documents\FeatureFusionMoNuSAC\SDENet-Fusion\Datasets\Glas\precomputed\train_256_stride_128\masks\train_37_patch_0000.npy,0,0,256,256,522,775,522,775,25707,0.3922576904296875
train_37_patch_0001,train_37.bmp,C:\Users\gadda\Documents\FeatureFusionMoNuSAC\SDENet-Fusion\Datasets\Glas\precomputed\train_256_stride_128\images\train_37_patch_0001.npy,C:\Users\gadda\Documents\FeatureFusionMoNuSAC\SDENet-Fusion\Datasets\Glas\precomputed\train_256_stride_128\masks\train_37_patch_0001.npy,0,128,256,256,522,775,522,775,23534,0.359100341796875
train_37_patch_0002,train_37.bmp,C:\Users\gadda\Documents\FeatureFusionMoNuSAC\SDENet-Fusion\Datasets\Glas\precomputed\train_256_stride_128\images\train_37_patch_0002.npy,C:\Users\gadda\Documents\FeatureFusionMoNuSAC\SDENet-Fusion\Datasets\Glas\precomputed\train_256_stride_128\masks\train_37_patch_0002.npy,0,256,256,256,522,775,522,775,38702,0.590545654296875
train_37_patch_0003,train_37.bmp,C:\Users\gadda\Documents\FeatureFusionMoNuSAC\SDENet-Fusion\Datasets\Glas\precomputed\train_256_stride_128\images\train_37_patch_0003.npy,C:\Users\gadda\Documents\FeatureFusionMoNuSAC\SDENet-Fusion\Datasets\Glas\precomputed\train_256_stride_128\masks\train_37_patch_0003.npy,0,384,256,256,522,775,522,775,37668,0.57476806640625
train_37_patch_0004,train_37.bmp,C:\Users\gadda\Documents\FeatureFusionMoNuSAC\SDENet-Fusion\Datasets\Glas\precomputed\train_256_stride_128\images\train_37_patch_0004.npy,C:\Users\gadda\Documents\FeatureFusionMoNuSAC\SDENet-Fusion\Datasets\Glas\precomputed\train_256_stride_128\masks\train_37_patch_0004.npy,0,512,256,256,522,775,522,775,40315,0.6151580810546875
train_37_patch_0005,train_37.bmp,C:\Users\gadda\Documents\FeatureFusionMoNuSAC\SDENet-Fusion\Datasets\Glas\precomputed\train_256_stride_128\images\train_37_patch_0005.npy,C:\Users\gadda\Documents\FeatureFusionMoNuSAC\SDENet-Fusion\Datasets\Glas\precomputed\train_256_stride_128\masks\train_37_patch_0005.npy,0,519,256,256,522,775,522,775,41083,0.6268768310546875
train_37_patch_0006,train_37.bmp,C:\Users\gadda\Documents\FeatureFusionMoNuSAC\SDENet-Fusion\Datasets\Glas\precomputed\train_256_stride_128\images\train_37_patch_0006.npy,C:\Users\gadda\Documents\FeatureFusionMoNuSAC\SDENet-Fusion\Datasets\Glas\precomputed\train_256_stride_128\masks\train_37_patch_0006.npy,128,0,256,256,522,775,522,775,27224,0.4154052734375
train_37_patch_0007,train_37.bmp,C:\Users\gadda\Documents\FeatureFusionMoNuSAC\SDENet-Fusion\Datasets\Glas\precomputed\train_256_stride_128\images\train_37_patch_0007.npy,C:\Users\gadda\Documents\FeatureFusionMoNuSAC\SDENet-Fusion\Datasets\Glas\precomputed\train_256_stride_128\masks\train_37_patch_0007.npy,128,128,256,256,522,775,522,775,17973,0.2742462158203125
train_37_patch_0008,train_37.bmp,C:\Users\gadda\Documents\FeatureFusionMoNuSAC\SDENet-Fusion\Datasets\Glas\precomputed\train_256_stride_128\images\train_37_patch_0008.npy,C:\Users\gadda\Documents\FeatureFusionMoNuSAC\SDENet-Fusion\Datasets\Glas\precomputed\train_256_stride_128\masks\train_37_patch_0008.npy,128,256,256,256,522,775,522,775,23176,0.3536376953125
train_37_patch_0009,train_37.bmp,C:\Users\gadda\Documents\FeatureFusionMoNuSAC\SDENet-Fusion\Datasets\Glas\precomputed\train_256_stride_128\images\train_37_patch_0009.npy,C:\Users\gadda\Documents\FeatureFusionMoNuSAC\SDENet-Fusion\Datasets\Glas\precomputed\train_256_stride_128\masks\train_37_patch_0009.npy,128,384,256,256,522,775,522,775,26644,0.40655517578125
train_37_patch_0010,train_37.bmp,C:\Users\gadda\Documents\FeatureFusionMoNuSAC\SDENet-Fusion\Datasets\Glas\precomputed\train_256_stride_128\images\train_37_patch_0010.npy,C:\Users\gadda\Documents\FeatureFusionMoNuSAC\SDENet-Fusion\Datasets\Glas\precomputed\train_256_stride_128\masks\train_37_patch_0010.npy,128,512,256,256,522,775,522,775,41926,0.639739990234375
train_37_patch_0011,train_37.bmp,C:\Users\gadda\Documents\FeatureFusionMoNuSAC\SDENet-Fusion\Datasets\Glas\precomputed\train_256_stride_128\images\train_37_patch_0011.npy,C:\Users\gadda\Documents\FeatureFusionMoNuSAC\SDENet-Fusion\Datasets\Glas\precomputed\train_256_stride_128\masks\train_37_patch_0011.npy,128,519,256,256,522,775,522,775,43325,0.6610870361328125
train_37_patch_0012,train_37.bmp,C:\Users\gadda\Documents\FeatureFusionMoNuSAC\SDENet-Fusion\Datasets\Glas\precomputed\train_256_stride_128\images\train_37_patch_0012.npy,C:\Users\gadda\Documents\FeatureFusionMoNuSAC\SDENet-Fusion\Datasets\Glas\precomputed\train_256_stride_128\masks\train_37_patch_0012.npy,256,0,256,256,522,775,522,775,27916,0.42596435546875
train_37_patch_0013,train_37.bmp,C:\Users\gadda\Documents\FeatureFusionMoNuSAC\SDENet-Fusion\Datasets\Glas\precomputed\train_256_stride_128\images\train_37_patch_0013.npy,C:\Users\gadda\Documents\FeatureFusionMoNuSAC\SDENet-Fusion\Datasets\Glas\precomputed\train_256_stride_128\masks\train_37_patch_0013.npy,256,128,256,256,522,775,522,775,8390,0.128021240234375
train_37_patch_0014,train_37.bmp,C:\Users\gadda\Documents\FeatureFusionMoNuSAC\SDENet-Fusion\Datasets\Glas\precomputed\train_256_stride_128\images\train_37_patch_0014.npy,C:\Users\gadda\Documents\FeatureFusionMoNuSAC\SDENet-Fusion\Datasets\Glas\precomputed\train_256_stride_128\masks\train_37_patch_0014.npy,256,256,256,256,522,775,522,775,5946,0.090728759765625
train_37_patch_0015,train_37.bmp,C:\Users\gadda\Documents\FeatureFusionMoNuSAC\SDENet-Fusion\Datasets\Glas\precomputed\train_256_stride_128\images\train_37_patch_0015.npy,C:\Users\gadda\Documents\FeatureFusionMoNuSAC\SDENet-Fusion\Datasets\Glas\precomputed\train_256_stride_128\masks\train_37_patch_0015.npy,256,384,256,256,522,775,522,775,27430,0.418548583984375
train_37_patch_0016,train_37.bmp,C:\Users\gadda\Documents\FeatureFusionMoNuSAC\SDENet-Fusion\Datasets\Glas\precomputed\train_256_stride_128\images\train_37_patch_0016.npy,C:\Users\gadda\Documents\FeatureFusionMoNuSAC\SDENet-Fusion\Datasets\Glas\precomputed\train_256_stride_128\masks\train_37_patch_0016.npy,256,512,256,256,522,775,522,775,53252,0.81256103515625
train_37_patch_0017,train_37.bmp,C:\Users\gadda\Documents\FeatureFusionMoNuSAC\SDENet-Fusion\Datasets\Glas\precomputed\train_256_stride_128\images\train_37_patch_0017.npy,C:\Users\gadda\Documents\FeatureFusionMoNuSAC\SDENet-Fusion\Datasets\Glas\precomputed\train_256_stride_128\masks\train_37_patch_0017.npy,256,519,256,256,522,775,522,775,53684,0.81915283203125
train_37_patch_0018,train_37.bmp,C:\Users\gadda\Documents\FeatureFusionMoNuSAC\SDENet-Fusion\Datasets\Glas\precomputed\train_256_stride_128\images\train_37_patch_0018.npy,C:\Users\gadda\Documents\FeatureFusionMoNuSAC\SDENet-Fusion\Datasets\Glas\precomputed\train_256_stride_128\masks\train_37_patch_0018.npy,266,0,256,256,522,775,522,775,28651,0.4371795654296875
train_37_patch_0019,train_37.bmp,C:\Users\gadda\Documents\FeatureFusionMoNuSAC\SDENet-Fusion\Datasets\Glas\precomputed\train_256_stride_128\images\train_37_patch_0019.npy,C:\Users\gadda\Documents\FeatureFusionMoNuSAC\SDENet-Fusion\Datasets\Glas\precomputed\train_256_stride_128\masks\train_37_patch_0019.npy,266,128,256,256,522,775,522,775,8902,0.135833740234375
train_37_patch_0020,train_37.bmp,C:\Users\gadda\Documents\FeatureFusionMoNuSAC\SDENet-Fusion\Datasets\Glas\precomputed\train_256_stride_128\images\train_37_patch_0020.npy,C:\Users\gadda\Documents\FeatureFusionMoNuSAC\SDENet-Fusion\Datasets\Glas\precomputed\train_256_stride_128\masks\train_37_patch_0020.npy,266,256,256,256,522,775,522,775,5229,0.0797882080078125
train_37_patch_0021,train_37.bmp,C:\Users\gadda\Documents\FeatureFusionMoNuSAC\SDENet-Fusion\Datasets\Glas\precomputed\train_256_stride_128\images\train_37_patch_0021.npy,C:\Users\gadda\Documents\FeatureFusionMoNuSAC\SDENet-Fusion\Datasets\Glas\precomputed\train_256_stride_128\masks\train_37_patch_0021.npy,266,384,256,256,522,775,522,775,27701,0.4226837158203125
train_37_patch_0022,train_37.bmp,C:\Users\gadda\Documents\FeatureFusionMoNuSAC\SDENet-Fusion\Datasets\Glas\precomputed\train_256_stride_128\images\train_37_patch_0022.npy,C:\Users\gadda\Documents\FeatureFusionMoNuSAC\SDENet-Fusion\Datasets\Glas\precomputed\train_256_stride_128\masks\train_37_patch_0022.npy,266,512,256,256,522,775,522,775,53951,0.8232269287109375
train_37_patch_0023,train_37.bmp,C:\Users\gadda\Documents\FeatureFusionMoNuSAC\SDENet-Fusion\Datasets\Glas\precomputed\train_256_stride_128\images\train_37_patch_0023.npy,C:\Users\gadda\Documents\FeatureFusionMoNuSAC\SDENet-Fusion\Datasets\Glas\precomputed\train_256_stride_128\masks\train_37_patch_0023.npy,266,519,256,256,522,775,522,775,54243,0.8276824951171875
train_38_patch_0000,train_38.bmp,C:\Users\gadda\Documents\FeatureFusionMoNuSAC\SDENet-Fusion\Datasets\Glas\precomputed\train_256_stride_128\images\train_38_patch_0000.npy,C:\Users\gadda\Documents\FeatureFusionMoNuSAC\SDENet-Fusion\Datasets\Glas\precomputed\train_256_stride_128\masks\train_38_patch_0000.npy,0,0,256,256,522,775,522,775,20807,0.3174896240234375
train_38_patch_0001,train_38.bmp,C:\Users\gadda\Documents\FeatureFusionMoNuSAC\SDENet-Fusion\Datasets\Glas\precomputed\train_256_stride_128\images\train_38_patch_0001.npy,C:\Users\gadda\Documents\FeatureFusionMoNuSAC\SDENet-Fusion\Datasets\Glas\precomputed\train_256_stride_128\masks\train_38_patch_0001.npy,0,128,256,256,522,775,522,775,31050,0.473785400390625
train_38_patch_0002,train_38.bmp,C:\Users\gadda\Documents\FeatureFusionMoNuSAC\SDENet-Fusion\Datasets\Glas\precomputed\train_256_stride_128\images\train_38_patch_0002.npy,C:\Users\gadda\Documents\FeatureFusionMoNuSAC\SDENet-Fusion\Datasets\Glas\precomputed\train_256_stride_128\masks\train_38_patch_0002.npy,0,256,256,256,522,775,522,775,41678,0.635955810546875
train_38_patch_0003,train_38.bmp,C:\Users\gadda\Documents\FeatureFusionMoNuSAC\SDENet-Fusion\Datasets\Glas\precomputed\train_256_stride_128\images\train_38_patch_0003.npy,C:\Users\gadda\Documents\FeatureFusionMoNuSAC\SDENet-Fusion\Datasets\Glas\precomputed\train_256_stride_128\masks\train_38_patch_0003.npy,0,384,256,256,522,775,522,775,34742,0.530120849609375
train_38_patch_0004,train_38.bmp,C:\Users\gadda\Documents\FeatureFusionMoNuSAC\SDENet-Fusion\Datasets\Glas\precomputed\train_256_stride_128\images\train_38_patch_0004.npy,C:\Users\gadda\Documents\FeatureFusionMoNuSAC\SDENet-Fusion\Datasets\Glas\precomputed\train_256_stride_128\masks\train_38_patch_0004.npy,0,512,256,256,522,775,522,775,11991,0.1829681396484375
train_38_patch_0005,train_38.bmp,C:\Users\gadda\Documents\FeatureFusionMoNuSAC\SDENet-Fusion\Datasets\Glas\precomputed\train_256_stride_128\images\train_38_patch_0005.npy,C:\Users\gadda\Documents\FeatureFusionMoNuSAC\SDENet-Fusion\Datasets\Glas\precomputed\train_256_stride_128\masks\train_38_patch_0005.npy,0,519,256,256,522,775,522,775,10647,0.1624603271484375
train_38_patch_0006,train_38.bmp,C:\Users\gadda\Documents\FeatureFusionMoNuSAC\SDENet-Fusion\Datasets\Glas\precomputed\train_256_stride_128\images\train_38_patch_0006.npy,C:\Users\gadda\Documents\FeatureFusionMoNuSAC\SDENet-Fusion\Datasets\Glas\precomputed\train_256_stride_128\masks\train_38_patch_0006.npy,128,0,256,256,522,775,522,775,17219,0.2627410888671875
train_38_patch_0007,train_38.bmp,C:\Users\gadda\Documents\FeatureFusionMoNuSAC\SDENet-Fusion\Datasets\Glas\precomputed\train_256_stride_128\images\train_38_patch_0007.npy,C:\Users\gadda\Documents\FeatureFusionMoNuSAC\SDENet-Fusion\Datasets\Glas\precomputed\train_256_stride_128\masks\train_38_patch_0007.npy,128,128,256,256,522,775,522,775,35066,0.535064697265625
train_38_patch_0008,train_38.bmp,C:\Users\gadda\Documents\FeatureFusionMoNuSAC\SDENet-Fusion\Datasets\Glas\precomputed\train_256_stride_128\images\train_38_patch_0008.npy,C:\Users\gadda\Documents\FeatureFusionMoNuSAC\SDENet-Fusion\Datasets\Glas\precomputed\train_256_stride_128\masks\train_38_patch_0008.npy,128,256,256,256,522,775,522,775,42867,0.6540985107421875
train_38_patch_0009,train_38.bmp,C:\Users\gadda\Documents\FeatureFusionMoNuSAC\SDENet-Fusion\Datasets\Glas\precomputed\train_256_stride_128\images\train_38_patch_0009.npy,C:\Users\gadda\Documents\FeatureFusionMoNuSAC\SDENet-Fusion\Datasets\Glas\precomputed\train_256_stride_128\masks\train_38_patch_0009.npy,128,384,256,256,522,775,522,775,34529,0.5268707275390625
train_38_patch_0010,train_38.bmp,C:\Users\gadda\Documents\FeatureFusionMoNuSAC\SDENet-Fusion\Datasets\Glas\precomputed\train_256_stride_128\images\train_38_patch_0010.npy,C:\Users\gadda\Documents\FeatureFusionMoNuSAC\SDENet-Fusion\Datasets\Glas\precomputed\train_256_stride_128\masks\train_38_patch_0010.npy,128,512,256,256,522,775,522,775,11438,0.174530029296875
train_38_patch_0011,train_38.bmp,C:\Users\gadda\Documents\FeatureFusionMoNuSAC\SDENet-Fusion\Datasets\Glas\precomputed\train_256_stride_128\images\train_38_patch_0011.npy,C:\Users\gadda\Documents\FeatureFusionMoNuSAC\SDENet-Fusion\Datasets\Glas\precomputed\train_256_stride_128\masks\train_38_patch_0011.npy,128,519,256,256,522,775,522,775,9980,0.15228271484375
train_38_patch_0012,train_38.bmp,C:\Users\gadda\Documents\FeatureFusionMoNuSAC\SDENet-Fusion\Datasets\Glas\precomputed\train_256_stride_128\images\train_38_patch_0012.npy,C:\Users\gadda\Documents\FeatureFusionMoNuSAC\SDENet-Fusion\Datasets\Glas\precomputed\train_256_stride_128\masks\train_38_patch_0012.npy,256,0,256,256,522,775,522,775,28274,0.431427001953125
train_38_patch_0013,train_38.bmp,C:\Users\gadda\Documents\FeatureFusionMoNuSAC\SDENet-Fusion\Datasets\Glas\precomputed\train_256_stride_128\images\train_38_patch_0013.npy,C:\Users\gadda\Documents\FeatureFusionMoNuSAC\SDENet-Fusion\Datasets\Glas\precomputed\train_256_stride_128\masks\train_38_patch_0013.npy,256,128,256,256,522,775,522,775,39757,0.6066436767578125
train_38_patch_0014,train_38.bmp,C:\Users\gadda\Documents\FeatureFusionMoNuSAC\SDENet-Fusion\Datasets\Glas\precomputed\train_256_stride_128\images\train_38_patch_0014.npy,C:\Users\gadda\Documents\FeatureFusionMoNuSAC\SDENet-Fusion\Datasets\Glas\precomputed\train_256_stride_128\masks\train_38_patch_0014.npy,256,256,256,256,522,775,522,775,36994,0.564483642578125
train_38_patch_0015,train_38.bmp,C:\Users\gadda\Documents\FeatureFusionMoNuSAC\SDENet-Fusion\Datasets\Glas\precomputed\train_256_stride_128\images\train_38_patch_0015.npy,C:\Users\gadda\Documents\FeatureFusionMoNuSAC\SDENet-Fusion\Datasets\Glas\precomputed\train_256_stride_128\masks\train_38_patch_0015.npy,256,384,256,256,522,775,522,775,18249,0.2784576416015625
train_38_patch_0016,train_38.bmp,C:\Users\gadda\Documents\FeatureFusionMoNuSAC\SDENet-Fusion\Datasets\Glas\precomputed\train_256_stride_128\images\train_38_patch_0016.npy,C:\Users\gadda\Documents\FeatureFusionMoNuSAC\SDENet-Fusion\Datasets\Glas\precomputed\train_256_stride_128\masks\train_38_patch_0016.npy,256,512,256,256,522,775,522,775,3232,0.04931640625
train_38_patch_0017,train_38.bmp,C:\Users\gadda\Documents\FeatureFusionMoNuSAC\SDENet-Fusion\Datasets\Glas\precomputed\train_256_stride_128\images\train_38_patch_0017.npy,C:\Users\gadda\Documents\FeatureFusionMoNuSAC\SDENet-Fusion\Datasets\Glas\precomputed\train_256_stride_128\masks\train_38_patch_0017.npy,256,519,256,256,522,775,522,775,2670,0.040740966796875
train_38_patch_0018,train_38.bmp,C:\Users\gadda\Documents\FeatureFusionMoNuSAC\SDENet-Fusion\Datasets\Glas\precomputed\train_256_stride_128\images\train_38_patch_0018.npy,C:\Users\gadda\Documents\FeatureFusionMoNuSAC\SDENet-Fusion\Datasets\Glas\precomputed\train_256_stride_128\masks\train_38_patch_0018.npy,266,0,256,256,522,775,522,775,28404,0.43341064453125
train_38_patch_0019,train_38.bmp,C:\Users\gadda\Documents\FeatureFusionMoNuSAC\SDENet-Fusion\Datasets\Glas\precomputed\train_256_stride_128\images\train_38_patch_0019.npy,C:\Users\gadda\Documents\FeatureFusionMoNuSAC\SDENet-Fusion\Datasets\Glas\precomputed\train_256_stride_128\masks\train_38_patch_0019.npy,266,128,256,256,522,775,522,775,39783,0.6070404052734375
train_38_patch_0020,train_38.bmp,C:\Users\gadda\Documents\FeatureFusionMoNuSAC\SDENet-Fusion\Datasets\Glas\precomputed\train_256_stride_128\images\train_38_patch_0020.npy,C:\Users\gadda\Documents\FeatureFusionMoNuSAC\SDENet-Fusion\Datasets\Glas\precomputed\train_256_stride_128\masks\train_38_patch_0020.npy,266,256,256,256,522,775,522,775,36072,0.5504150390625
train_38_patch_0021,train_38.bmp,C:\Users\gadda\Documents\FeatureFusionMoNuSAC\SDENet-Fusion\Datasets\Glas\precomputed\train_256_stride_128\images\train_38_patch_0021.npy,C:\Users\gadda\Documents\FeatureFusionMoNuSAC\SDENet-Fusion\Datasets\Glas\precomputed\train_256_stride_128\masks\train_38_patch_0021.npy,266,384,256,256,522,775,522,775,16556,0.25262451171875
train_38_patch_0022,train_38.bmp,C:\Users\gadda\Documents\FeatureFusionMoNuSAC\SDENet-Fusion\Datasets\Glas\precomputed\train_256_stride_128\images\train_38_patch_0022.npy,C:\Users\gadda\Documents\FeatureFusionMoNuSAC\SDENet-Fusion\Datasets\Glas\precomputed\train_256_stride_128\masks\train_38_patch_0022.npy,266,512,256,256,522,775,522,775,2782,0.042449951171875
train_38_patch_0023,train_38.bmp,C:\Users\gadda\Documents\FeatureFusionMoNuSAC\SDENet-Fusion\Datasets\Glas\precomputed\train_256_stride_128\images\train_38_patch_0023.npy,C:\Users\gadda\Documents\FeatureFusionMoNuSAC\SDENet-Fusion\Datasets\Glas\precomputed\train_256_stride_128\masks\train_38_patch_0023.npy,266,519,256,256,522,775,522,775,2290,0.034942626953125
train_39_patch_0000,train_39.bmp,C:\Users\gadda\Documents\FeatureFusionMoNuSAC\SDENet-Fusion\Datasets\Glas\precomputed\train_256_stride_128\images\train_39_patch_0000.npy,C:\Users\gadda\Documents\FeatureFusionMoNuSAC\SDENet-Fusion\Datasets\Glas\precomputed\train_256_stride_128\masks\train_39_patch_0000.npy,0,0,256,256,522,775,522,775,50667,0.7731170654296875
train_39_patch_0001,train_39.bmp,C:\Users\gadda\Documents\FeatureFusionMoNuSAC\SDENet-Fusion\Datasets\Glas\precomputed\train_256_stride_128\images\train_39_patch_0001.npy,C:\Users\gadda\Documents\FeatureFusionMoNuSAC\SDENet-Fusion\Datasets\Glas\precomputed\train_256_stride_128\masks\train_39_patch_0001.npy,0,128,256,256,522,775,522,775,48848,0.745361328125
train_39_patch_0002,train_39.bmp,C:\Users\gadda\Documents\FeatureFusionMoNuSAC\SDENet-Fusion\Datasets\Glas\precomputed\train_256_stride_128\images\train_39_patch_0002.npy,C:\Users\gadda\Documents\FeatureFusionMoNuSAC\SDENet-Fusion\Datasets\Glas\precomputed\train_256_stride_128\masks\train_39_patch_0002.npy,0,256,256,256,522,775,522,775,35919,0.5480804443359375
train_39_patch_0003,train_39.bmp,C:\Users\gadda\Documents\FeatureFusionMoNuSAC\SDENet-Fusion\Datasets\Glas\precomputed\train_256_stride_128\images\train_39_patch_0003.npy,C:\Users\gadda\Documents\FeatureFusionMoNuSAC\SDENet-Fusion\Datasets\Glas\precomputed\train_256_stride_128\masks\train_39_patch_0003.npy,0,384,256,256,522,775,522,775,41920,0.6396484375
train_39_patch_0004,train_39.bmp,C:\Users\gadda\Documents\FeatureFusionMoNuSAC\SDENet-Fusion\Datasets\Glas\precomputed\train_256_stride_128\images\train_39_patch_0004.npy,C:\Users\gadda\Documents\FeatureFusionMoNuSAC\SDENet-Fusion\Datasets\Glas\precomputed\train_256_stride_128\masks\train_39_patch_0004.npy,0,512,256,256,522,775,522,775,50803,0.7751922607421875
train_39_patch_0005,train_39.bmp,C:\Users\gadda\Documents\FeatureFusionMoNuSAC\SDENet-Fusion\Datasets\Glas\precomputed\train_256_stride_128\images\train_39_patch_0005.npy,C:\Users\gadda\Documents\FeatureFusionMoNuSAC\SDENet-Fusion\Datasets\Glas\precomputed\train_256_stride_128\masks\train_39_patch_0005.npy,0,519,256,256,522,775,522,775,50795,0.7750701904296875
train_39_patch_0006,train_39.bmp,C:\Users\gadda\Documents\FeatureFusionMoNuSAC\SDENet-Fusion\Datasets\Glas\precomputed\train_256_stride_128\images\train_39_patch_0006.npy,C:\Users\gadda\Documents\FeatureFusionMoNuSAC\SDENet-Fusion\Datasets\Glas\precomputed\train_256_stride_128\masks\train_39_patch_0006.npy,128,0,256,256,522,775,522,775,38794,0.591949462890625
train_39_patch_0007,train_39.bmp,C:\Users\gadda\Documents\FeatureFusionMoNuSAC\SDENet-Fusion\Datasets\Glas\precomputed\train_256_stride_128\images\train_39_patch_0007.npy,C:\Users\gadda\Documents\FeatureFusionMoNuSAC\SDENet-Fusion\Datasets\Glas\precomputed\train_256_stride_128\masks\train_39_patch_0007.npy,128,128,256,256,522,775,522,775,46058,0.702789306640625
train_39_patch_0008,train_39.bmp,C:\Users\gadda\Documents\FeatureFusionMoNuSAC\SDENet-Fusion\Datasets\Glas\precomputed\train_256_stride_128\images\train_39_patch_0008.npy,C:\Users\gadda\Documents\FeatureFusionMoNuSAC\SDENet-Fusion\Datasets\Glas\precomputed\train_256_stride_128\masks\train_39_patch_0008.npy,128,256,256,256,522,775,522,775,45843,0.6995086669921875
train_39_patch_0009,train_39.bmp,C:\Users\gadda\Documents\FeatureFusionMoNuSAC\SDENet-Fusion\Datasets\Glas\precomputed\train_256_stride_128\images\train_39_patch_0009.npy,C:\Users\gadda\Documents\FeatureFusionMoNuSAC\SDENet-Fusion\Datasets\Glas\precomputed\train_256_stride_128\masks\train_39_patch_0009.npy,128,384,256,256,522,775,522,775,52935,0.8077239990234375
train_39_patch_0010,train_39.bmp,C:\Users\gadda\Documents\FeatureFusionMoNuSAC\SDENet-Fusion\Datasets\Glas\precomputed\train_256_stride_128\images\train_39_patch_0010.npy,C:\Users\gadda\Documents\FeatureFusionMoNuSAC\SDENet-Fusion\Datasets\Glas\precomputed\train_256_stride_128\masks\train_39_patch_0010.npy,128,512,256,256,522,775,522,775,52966,0.808197021484375
train_39_patch_0011,train_39.bmp,C:\Users\gadda\Documents\FeatureFusionMoNuSAC\SDENet-Fusion\Datasets\Glas\precomputed\train_256_stride_128\images\train_39_patch_0011.npy,C:\Users\gadda\Documents\FeatureFusionMoNuSAC\SDENet-Fusion\Datasets\Glas\precomputed\train_256_stride_128\masks\train_39_patch_0011.npy,128,519,256,256,522,775,522,775,52790,0.805511474609375
train_39_patch_0012,train_39.bmp,C:\Users\gadda\Documents\FeatureFusionMoNuSAC\SDENet-Fusion\Datasets\Glas\precomputed\train_256_stride_128\images\train_39_patch_0012.npy,C:\Users\gadda\Documents\FeatureFusionMoNuSAC\SDENet-Fusion\Datasets\Glas\precomputed\train_256_stride_128\masks\train_39_patch_0012.npy,256,0,256,256,522,775,522,775,22742,0.347015380859375
train_39_patch_0013,train_39.bmp,C:\Users\gadda\Documents\FeatureFusionMoNuSAC\SDENet-Fusion\Datasets\Glas\precomputed\train_256_stride_128\images\train_39_patch_0013.npy,C:\Users\gadda\Documents\FeatureFusionMoNuSAC\SDENet-Fusion\Datasets\Glas\precomputed\train_256_stride_128\masks\train_39_patch_0013.npy,256,128,256,256,522,775,522,775,31539,0.4812469482421875
train_39_patch_0014,train_39.bmp,C:\Users\gadda\Documents\FeatureFusionMoNuSAC\SDENet-Fusion\Datasets\Glas\precomputed\train_256_stride_128\images\train_39_patch_0014.npy,C:\Users\gadda\Documents\FeatureFusionMoNuSAC\SDENet-Fusion\Datasets\Glas\precomputed\train_256_stride_128\masks\train_39_patch_0014.npy,256,256,256,256,522,775,522,775,49228,0.75115966796875
train_39_patch_0015,train_39.bmp,C:\Users\gadda\Documents\FeatureFusionMoNuSAC\SDENet-Fusion\Datasets\Glas\precomputed\train_256_stride_128\images\train_39_patch_0015.npy,C:\Users\gadda\Documents\FeatureFusionMoNuSAC\SDENet-Fusion\Datasets\Glas\precomputed\train_256_stride_128\masks\train_39_patch_0015.npy,256,384,256,256,522,775,522,775,55381,0.8450469970703125
train_39_patch_0016,train_39.bmp,C:\Users\gadda\Documents\FeatureFusionMoNuSAC\SDENet-Fusion\Datasets\Glas\precomputed\train_256_stride_128\images\train_39_patch_0016.npy,C:\Users\gadda\Documents\FeatureFusionMoNuSAC\SDENet-Fusion\Datasets\Glas\precomputed\train_256_stride_128\masks\train_39_patch_0016.npy,256,512,256,256,522,775,522,775,53538,0.816925048828125
train_39_patch_0017,train_39.bmp,C:\Users\gadda\Documents\FeatureFusionMoNuSAC\SDENet-Fusion\Datasets\Glas\precomputed\train_256_stride_128\images\train_39_patch_0017.npy,C:\Users\gadda\Documents\FeatureFusionMoNuSAC\SDENet-Fusion\Datasets\Glas\precomputed\train_256_stride_128\masks\train_39_patch_0017.npy,256,519,256,256,522,775,522,775,53621,0.8181915283203125
train_39_patch_0018,train_39.bmp,C:\Users\gadda\Documents\FeatureFusionMoNuSAC\SDENet-Fusion\Datasets\Glas\precomputed\train_256_stride_128\images\train_39_patch_0018.npy,C:\Users\gadda\Documents\FeatureFusionMoNuSAC\SDENet-Fusion\Datasets\Glas\precomputed\train_256_stride_128\masks\train_39_patch_0018.npy,266,0,256,256,522,775,522,775,20854,0.318206787109375
train_39_patch_0019,train_39.bmp,C:\Users\gadda\Documents\FeatureFusionMoNuSAC\SDENet-Fusion\Datasets\Glas\precomputed\train_256_stride_128\images\train_39_patch_0019.npy,C:\Users\gadda\Documents\FeatureFusionMoNuSAC\SDENet-Fusion\Datasets\Glas\precomputed\train_256_stride_128\masks\train_39_patch_0019.npy,266,128,256,256,522,775,522,775,31479,0.4803314208984375
train_39_patch_0020,train_39.bmp,C:\Users\gadda\Documents\FeatureFusionMoNuSAC\SDENet-Fusion\Datasets\Glas\precomputed\train_256_stride_128\images\train_39_patch_0020.npy,C:\Users\gadda\Documents\FeatureFusionMoNuSAC\SDENet-Fusion\Datasets\Glas\precomputed\train_256_stride_128\masks\train_39_patch_0020.npy,266,256,256,256,522,775,522,775,49156,0.75006103515625
train_39_patch_0021,train_39.bmp,C:\Users\gadda\Documents\FeatureFusionMoNuSAC\SDENet-Fusion\Datasets\Glas\precomputed\train_256_stride_128\images\train_39_patch_0021.npy,C:\Users\gadda\Documents\FeatureFusionMoNuSAC\SDENet-Fusion\Datasets\Glas\precomputed\train_256_stride_128\masks\train_39_patch_0021.npy,266,384,256,256,522,775,522,775,53973,0.8235626220703125
train_39_patch_0022,train_39.bmp,C:\Users\gadda\Documents\FeatureFusionMoNuSAC\SDENet-Fusion\Datasets\Glas\precomputed\train_256_stride_128\images\train_39_patch_0022.npy,C:\Users\gadda\Documents\FeatureFusionMoNuSAC\SDENet-Fusion\Datasets\Glas\precomputed\train_256_stride_128\masks\train_39_patch_0022.npy,266,512,256,256,522,775,522,775,53049,0.8094635009765625
train_39_patch_0023,train_39.bmp,C:\Users\gadda\Documents\FeatureFusionMoNuSAC\SDENet-Fusion\Datasets\Glas\precomputed\train_256_stride_128\images\train_39_patch_0023.npy,C:\Users\gadda\Documents\FeatureFusionMoNuSAC\SDENet-Fusion\Datasets\Glas\precomputed\train_256_stride_128\masks\train_39_patch_0023.npy,266,519,256,256,522,775,522,775,53202,0.811798095703125
train_4_patch_0000,train_4.bmp,C:\Users\gadda\Documents\FeatureFusionMoNuSAC\SDENet-Fusion\Datasets\Glas\precomputed\train_256_stride_128\images\train_4_patch_0000.npy,C:\Users\gadda\Documents\FeatureFusionMoNuSAC\SDENet-Fusion\Datasets\Glas\precomputed\train_256_stride_128\masks\train_4_patch_0000.npy,0,0,256,256,522,775,522,775,0,0.0
train_4_patch_0001,train_4.bmp,C:\Users\gadda\Documents\FeatureFusionMoNuSAC\SDENet-Fusion\Datasets\Glas\precomputed\train_256_stride_128\images\train_4_patch_0001.npy,C:\Users\gadda\Documents\FeatureFusionMoNuSAC\SDENet-Fusion\Datasets\Glas\precomputed\train_256_stride_128\masks\train_4_patch_0001.npy,0,128,256,256,522,775,522,775,95,0.0014495849609375
train_4_patch_0002,train_4.bmp,C:\Users\gadda\Documents\FeatureFusionMoNuSAC\SDENet-Fusion\Datasets\Glas\precomputed\train_256_stride_128\images\train_4_patch_0002.npy,C:\Users\gadda\Documents\FeatureFusionMoNuSAC\SDENet-Fusion\Datasets\Glas\precomputed\train_256_stride_128\masks\train_4_patch_0002.npy,0,256,256,256,522,775,522,775,8862,0.135223388671875
train_4_patch_0003,train_4.bmp,C:\Users\gadda\Documents\FeatureFusionMoNuSAC\SDENet-Fusion\Datasets\Glas\precomputed\train_256_stride_128\images\train_4_patch_0003.npy,C:\Users\gadda\Documents\FeatureFusionMoNuSAC\SDENet-Fusion\Datasets\Glas\precomputed\train_256_stride_128\masks\train_4_patch_0003.npy,0,384,256,256,522,775,522,775,32267,0.4923553466796875
train_4_patch_0004,train_4.bmp,C:\Users\gadda\Documents\FeatureFusionMoNuSAC\SDENet-Fusion\Datasets\Glas\precomputed\train_256_stride_128\images\train_4_patch_0004.npy,C:\Users\gadda\Documents\FeatureFusionMoNuSAC\SDENet-Fusion\Datasets\Glas\precomputed\train_256_stride_128\masks\train_4_patch_0004.npy,0,512,256,256,522,775,522,775,42079,0.6420745849609375
train_4_patch_0005,train_4.bmp,C:\Users\gadda\Documents\FeatureFusionMoNuSAC\SDENet-Fusion\Datasets\Glas\precomputed\train_256_stride_128\images\train_4_patch_0005.npy,C:\Users\gadda\Documents\FeatureFusionMoNuSAC\SDENet-Fusion\Datasets\Glas\precomputed\train_256_stride_128\masks\train_4_patch_0005.npy,0,519,256,256,522,775,522,775,41655,0.6356048583984375
train_4_patch_0006,train_4.bmp,C:\Users\gadda\Documents\FeatureFusionMoNuSAC\SDENet-Fusion\Datasets\Glas\precomputed\train_256_stride_128\images\train_4_patch_0006.npy,C:\Users\gadda\Documents\FeatureFusionMoNuSAC\SDENet-Fusion\Datasets\Glas\precomputed\train_256_stride_128\masks\train_4_patch_0006.npy,128,0,256,256,522,775,522,775,0,0.0
train_4_patch_0007,train_4.bmp,C:\Users\gadda\Documents\FeatureFusionMoNuSAC\SDENet-Fusion\Datasets\Glas\precomputed\train_256_stride_128\images\train_4_patch_0007.npy,C:\Users\gadda\Documents\FeatureFusionMoNuSAC\SDENet-Fusion\Datasets\Glas\precomputed\train_256_stride_128\masks\train_4_patch_0007.npy,128,128,256,256,522,775,522,775,4128,0.06298828125
train_4_patch_0008,train_4.bmp,C:\Users\gadda\Documents\FeatureFusionMoNuSAC\SDENet-Fusion\Datasets\Glas\precomputed\train_256_stride_128\images\train_4_patch_0008.npy,C:\Users\gadda\Documents\FeatureFusionMoNuSAC\SDENet-Fusion\Datasets\Glas\precomputed\train_256_stride_128\masks\train_4_patch_0008.npy,128,256,256,256,522,775,522,775,16900,0.25787353515625
train_4_patch_0009,train_4.bmp,C:\Users\gadda\Documents\FeatureFusionMoNuSAC\SDENet-Fusion\Datasets\Glas\precomputed\train_256_stride_128\images\train_4_patch_0009.npy,C:\Users\gadda\Documents\FeatureFusionMoNuSAC\SDENet-Fusion\Datasets\Glas\precomputed\train_256_stride_128\masks\train_4_patch_0009.npy,128,384,256,256,522,775,522,775,27906,0.425811767578125
train_4_patch_0010,train_4.bmp,C:\Users\gadda\Documents\FeatureFusionMoNuSAC\SDENet-Fusion\Datasets\Glas\precomputed\train_256_stride_128\images\train_4_patch_0010.npy,C:\Users\gadda\Documents\FeatureFusionMoNuSAC\SDENet-Fusion\Datasets\Glas\precomputed\train_256_stride_128\masks\train_4_patch_0010.npy,128,512,256,256,522,775,522,775,34932,0.53302001953125
train_4_patch_0011,train_4.bmp,C:\Users\gadda\Documents\FeatureFusionMoNuSAC\SDENet-Fusion\Datasets\Glas\precomputed\train_256_stride_128\images\train_4_patch_0011.npy,C:\Users\gadda\Documents\FeatureFusionMoNuSAC\SDENet-Fusion\Datasets\Glas\precomputed\train_256_stride_128\masks\train_4_patch_0011.npy,128,519,256,256,522,775,522,775,34533,0.5269317626953125
train_4_patch_0012,train_4.bmp,C:\Users\gadda\Documents\FeatureFusionMoNuSAC\SDENet-Fusion\Datasets\Glas\precomputed\train_256_stride_128\images\train_4_patch_0012.npy,C:\Users\gadda\Documents\FeatureFusionMoNuSAC\SDENet-Fusion\Datasets\Glas\precomputed\train_256_stride_128\masks\train_4_patch_0012.npy,256,0,256,256,522,775,522,775,0,0.0
train_4_patch_0013,train_4.bmp,C:\Users\gadda\Documents\FeatureFusionMoNuSAC\SDENet-Fusion\Datasets\Glas\precomputed\train_256_stride_128\images\train_4_patch_0013.npy,C:\Users\gadda\Documents\FeatureFusionMoNuSAC\SDENet-Fusion\Datasets\Glas\precomputed\train_256_stride_128\masks\train_4_patch_0013.npy,256,128,256,256,522,775,522,775,13737,0.2096099853515625
train_4_patch_0014,train_4.bmp,C:\Users\gadda\Documents\FeatureFusionMoNuSAC\SDENet-Fusion\Datasets\Glas\precomputed\train_256_stride_128\images\train_4_patch_0014.npy,C:\Users\gadda\Documents\FeatureFusionMoNuSAC\SDENet-Fusion\Datasets\Glas\precomputed\train_256_stride_128\masks\train_4_patch_0014.npy,256,256,256,256,522,775,522,775,37685,0.5750274658203125
train_4_patch_0015,train_4.bmp,C:\Users\gadda\Documents\FeatureFusionMoNuSAC\SDENet-Fusion\Datasets\Glas\precomputed\train_256_stride_128\images\train_4_patch_0015.npy,C:\Users\gadda\Documents\FeatureFusionMoNuSAC\SDENet-Fusion\Datasets\Glas\precomputed\train_256_stride_128\masks\train_4_patch_0015.npy,256,384,256,256,522,775,522,775,42301,0.6454620361328125
train_4_patch_0016,train_4.bmp,C:\Users\gadda\Documents\FeatureFusionMoNuSAC\SDENet-Fusion\Datasets\Glas\precomputed\train_256_stride_128\images\train_4_patch_0016.npy,C:\Users\gadda\Documents\FeatureFusionMoNuSAC\SDENet-Fusion\Datasets\Glas\precomputed\train_256_stride_128\masks\train_4_patch_0016.npy,256,512,256,256,522,775,522,775,36827,0.5619354248046875
train_4_patch_0017,train_4.bmp,C:\Users\gadda\Documents\FeatureFusionMoNuSAC\SDENet-Fusion\Datasets\Glas\precomputed\train_256_stride_128\images\train_4_patch_0017.npy,C:\Users\gadda\Documents\FeatureFusionMoNuSAC\SDENet-Fusion\Datasets\Glas\precomputed\train_256_stride_128\masks\train_4_patch_0017.npy,256,519,256,256,522,775,522,775,36290,0.553741455078125
train_4_patch_0018,train_4.bmp,C:\Users\gadda\Documents\FeatureFusionMoNuSAC\SDENet-Fusion\Datasets\Glas\precomputed\train_256_stride_128\images\train_4_patch_0018.npy,C:\Users\gadda\Documents\FeatureFusionMoNuSAC\SDENet-Fusion\Datasets\Glas\precomputed\train_256_stride_128\masks\train_4_patch_0018.npy,266,0,256,256,522,775,522,775,0,0.0
train_4_patch_0019,train_4.bmp,C:\Users\gadda\Documents\FeatureFusionMoNuSAC\SDENet-Fusion\Datasets\Glas\precomputed\train_256_stride_128\images\train_4_patch_0019.npy,C:\Users\gadda\Documents\FeatureFusionMoNuSAC\SDENet-Fusion\Datasets\Glas\precomputed\train_256_stride_128\masks\train_4_patch_0019.npy,266,128,256,256,522,775,522,775,13737,0.2096099853515625
train_4_patch_0020,train_4.bmp,C:\Users\gadda\Documents\FeatureFusionMoNuSAC\SDENet-Fusion\Datasets\Glas\precomputed\train_256_stride_128\images\train_4_patch_0020.npy,C:\Users\gadda\Documents\FeatureFusionMoNuSAC\SDENet-Fusion\Datasets\Glas\precomputed\train_256_stride_128\masks\train_4_patch_0020.npy,266,256,256,256,522,775,522,775,38803,0.5920867919921875
train_4_patch_0021,train_4.bmp,C:\Users\gadda\Documents\FeatureFusionMoNuSAC\SDENet-Fusion\Datasets\Glas\precomputed\train_256_stride_128\images\train_4_patch_0021.npy,C:\Users\gadda\Documents\FeatureFusionMoNuSAC\SDENet-Fusion\Datasets\Glas\precomputed\train_256_stride_128\masks\train_4_patch_0021.npy,266,384,256,256,522,775,522,775,44285,0.6757354736328125
train_4_patch_0022,train_4.bmp,C:\Users\gadda\Documents\FeatureFusionMoNuSAC\SDENet-Fusion\Datasets\Glas\precomputed\train_256_stride_128\images\train_4_patch_0022.npy,C:\Users\gadda\Documents\FeatureFusionMoNuSAC\SDENet-Fusion\Datasets\Glas\precomputed\train_256_stride_128\masks\train_4_patch_0022.npy,266,512,256,256,522,775,522,775,36619,0.5587615966796875
train_4_patch_0023,train_4.bmp,C:\Users\gadda\Documents\FeatureFusionMoNuSAC\SDENet-Fusion\Datasets\Glas\precomputed\train_256_stride_128\images\train_4_patch_0023.npy,C:\Users\gadda\Documents\FeatureFusionMoNuSAC\SDENet-Fusion\Datasets\Glas\precomputed\train_256_stride_128\masks\train_4_patch_0023.npy,266,519,256,256,522,775,522,775,35959,0.5486907958984375
train_40_patch_0000,train_40.bmp,C:\Users\gadda\Documents\FeatureFusionMoNuSAC\SDENet-Fusion\Datasets\Glas\precomputed\train_256_stride_128\images\train_40_patch_0000.npy,C:\Users\gadda\Documents\FeatureFusionMoNuSAC\SDENet-Fusion\Datasets\Glas\precomputed\train_256_stride_128\masks\train_40_patch_0000.npy,0,0,256,256,522,775,522,775,21801,0.3326568603515625
train_40_patch_0001,train_40.bmp,C:\Users\gadda\Documents\FeatureFusionMoNuSAC\SDENet-Fusion\Datasets\Glas\precomputed\train_256_stride_128\images\train_40_patch_0001.npy,C:\Users\gadda\Documents\FeatureFusionMoNuSAC\SDENet-Fusion\Datasets\Glas\precomputed\train_256_stride_128\masks\train_40_patch_0001.npy,0,128,256,256,522,775,522,775,35192,0.5369873046875
train_40_patch_0002,train_40.bmp,C:\Users\gadda\Documents\FeatureFusionMoNuSAC\SDENet-Fusion\Datasets\Glas\precomputed\train_256_stride_128\images\train_40_patch_0002.npy,C:\Users\gadda\Documents\FeatureFusionMoNuSAC\SDENet-Fusion\Datasets\Glas\precomputed\train_256_stride_128\masks\train_40_patch_0002.npy,0,256,256,256,522,775,522,775,24097,0.3676910400390625
train_40_patch_0003,train_40.bmp,C:\Users\gadda\Documents\FeatureFusionMoNuSAC\SDENet-Fusion\Datasets\Glas\precomputed\train_256_stride_128\images\train_40_patch_0003.npy,C:\Users\gadda\Documents\FeatureFusionMoNuSAC\SDENet-Fusion\Datasets\Glas\precomputed\train_256_stride_128\masks\train_40_patch_0003.npy,0,384,256,256,522,775,522,775,19443,0.2966766357421875
train_40_patch_0004,train_40.bmp,C:\Users\gadda\Documents\FeatureFusionMoNuSAC\SDENet-Fusion\Datasets\Glas\precomputed\train_256_stride_128\images\train_40_patch_0004.npy,C:\Users\gadda\Documents\FeatureFusionMoNuSAC\SDENet-Fusion\Datasets\Glas\precomputed\train_256_stride_128\masks\train_40_patch_0004.npy,0,512,256,256,522,775,522,775,10940,0.16693115234375
train_40_patch_0005,train_40.bmp,C:\Users\gadda\Documents\FeatureFusionMoNuSAC\SDENet-Fusion\Datasets\Glas\precomputed\train_256_stride_128\images\train_40_patch_0005.npy,C:\Users\gadda\Documents\FeatureFusionMoNuSAC\SDENet-Fusion\Datasets\Glas\precomputed\train_256_stride_128\masks\train_40_patch_0005.npy,0,519,256,256,522,775,522,775,10280,0.1568603515625
train_40_patch_0006,train_40.bmp,C:\Users\gadda\Documents\FeatureFusionMoNuSAC\SDENet-Fusion\Datasets\Glas\precomputed\train_256_stride_128\images\train_40_patch_0006.npy,C:\Users\gadda\Documents\FeatureFusionMoNuSAC\SDENet-Fusion\Datasets\Glas\precomputed\train_256_stride_128\masks\train_40_patch_0006.npy,128,0,256,256,522,775,522,775,30264,0.4617919921875
train_40_patch_0007,train_40.bmp,C:\Users\gadda\Documents\FeatureFusionMoNuSAC\SDENet-Fusion\Datasets\Glas\precomputed\train_256_stride_128\images\train_40_patch_0007.npy,C:\Users\gadda\Documents\FeatureFusionMoNuSAC\SDENet-Fusion\Datasets\Glas\precomputed\train_256_stride_128\masks\train_40_patch_0007.npy,128,128,256,256,522,775,522,775,36632,0.5589599609375
train_40_patch_0008,train_40.bmp,C:\Users\gadda\Documents\FeatureFusionMoNuSAC\SDENet-Fusion\Datasets\Glas\precomputed\train_256_stride_128\images\train_40_patch_0008.npy,C:\Users\gadda\Documents\FeatureFusionMoNuSAC\SDENet-Fusion\Datasets\Glas\precomputed\train_256_stride_128\masks\train_40_patch_0008.npy,128,256,256,256,522,775,522,775,44829,0.6840362548828125
train_40_patch_0009,train_40.bmp,C:\Users\gadda\Documents\FeatureFusionMoNuSAC\SDENet-Fusion\Datasets\Glas\precomputed\train_256_stride_128\images\train_40_patch_0009.npy,C:\Users\gadda\Documents\FeatureFusionMoNuSAC\SDENet-Fusion\Datasets\Glas\precomputed\train_256_stride_128\masks\train_40_patch_0009.npy,128,384,256,256,522,775,522,775,52200,0.7965087890625
train_40_patch_0010,train_40.bmp,C:\Users\gadda\Documents\FeatureFusionMoNuSAC\SDENet-Fusion\Datasets\Glas\precomputed\train_256_stride_128\images\train_40_patch_0010.npy,C:\Users\gadda\Documents\FeatureFusionMoNuSAC\SDENet-Fusion\Datasets\Glas\precomputed\train_256_stride_128\masks\train_40_patch_0010.npy,128,512,256,256,522,775,522,775,30921,0.4718170166015625
train_40_patch_0011,train_40.bmp,C:\Users\gadda\Documents\FeatureFusionMoNuSAC\SDENet-Fusion\Datasets\Glas\precomputed\train_256_stride_128\images\train_40_patch_0011.npy,C:\Users\gadda\Documents\FeatureFusionMoNuSAC\SDENet-Fusion\Datasets\Glas\precomputed\train_256_stride_128\masks\train_40_patch_0011.npy,128,519,256,256,522,775,522,775,29365,0.4480743408203125
train_40_patch_0012,train_40.bmp,C:\Users\gadda\Documents\FeatureFusionMoNuSAC\SDENet-Fusion\Datasets\Glas\precomputed\train_256_stride_128\images\train_40_patch_0012.npy,C:\Users\gadda\Documents\FeatureFusionMoNuSAC\SDENet-Fusion\Datasets\Glas\precomputed\train_256_stride_128\masks\train_40_patch_0012.npy,256,0,256,256,522,775,522,775,58011,0.8851776123046875
train_40_patch_0013,train_40.bmp,C:\Users\gadda\Documents\FeatureFusionMoNuSAC\SDENet-Fusion\Datasets\Glas\precomputed\train_256_stride_128\images\train_40_patch_0013.npy,C:\Users\gadda\Documents\FeatureFusionMoNuSAC\SDENet-Fusion\Datasets\Glas\precomputed\train_256_stride_128\masks\train_40_patch_0013.npy,256,128,256,256,522,775,522,775,61134,0.932830810546875
train_40_patch_0014,train_40.bmp,C:\Users\gadda\Documents\FeatureFusionMoNuSAC\SDENet-Fusion\Datasets\Glas\precomputed\train_256_stride_128\images\train_40_patch_0014.npy,C:\Users\gadda\Documents\FeatureFusionMoNuSAC\SDENet-Fusion\Datasets\Glas\precomputed\train_256_stride_128\masks\train_40_patch_0014.npy,256,256,256,256,522,775,522,775,64910,0.990447998046875
train_40_patch_0015,train_40.bmp,C:\Users\gadda\Documents\FeatureFusionMoNuSAC\SDENet-Fusion\Datasets\Glas\precomputed\train_256_stride_128\images\train_40_patch_0015.npy,C:\Users\gadda\Documents\FeatureFusionMoNuSAC\SDENet-Fusion\Datasets\Glas\precomputed\train_256_stride_128\masks\train_40_patch_0015.npy,256,384,256,256,522,775,522,775,65525,0.9998321533203125
train_40_patch_0016,train_40.bmp,C:\Users\gadda\Documents\FeatureFusionMoNuSAC\SDENet-Fusion\Datasets\Glas\precomputed\train_256_stride_128\images\train_40_patch_0016.npy,C:\Users\gadda\Documents\FeatureFusionMoNuSAC\SDENet-Fusion\Datasets\Glas\precomputed\train_256_stride_128\masks\train_40_patch_0016.npy,256,512,256,256,522,775,522,775,40636,0.62005615234375
train_40_patch_0017,train_40.bmp,C:\Users\gadda\Documents\FeatureFusionMoNuSAC\SDENet-Fusion\Datasets\Glas\precomputed\train_256_stride_128\images\train_40_patch_0017.npy,C:\Users\gadda\Documents\FeatureFusionMoNuSAC\SDENet-Fusion\Datasets\Glas\precomputed\train_256_stride_128\masks\train_40_patch_0017.npy,256,519,256,256,522,775,522,775,38844,0.59271240234375
train_40_patch_0018,train_40.bmp,C:\Users\gadda\Documents\FeatureFusionMoNuSAC\SDENet-Fusion\Datasets\Glas\precomputed\train_256_stride_128\images\train_40_patch_0018.npy,C:\Users\gadda\Documents\FeatureFusionMoNuSAC\SDENet-Fusion\Datasets\Glas\precomputed\train_256_stride_128\masks\train_40_patch_0018.npy,266,0,256,256,522,775,522,775,59948,0.91473388671875
train_40_patch_0019,train_40.bmp,C:\Users\gadda\Documents\FeatureFusionMoNuSAC\SDENet-Fusion\Datasets\Glas\precomputed\train_256_stride_128\images\train_40_patch_0019.npy,C:\Users\gadda\Documents\FeatureFusionMoNuSAC\SDENet-Fusion\Datasets\Glas\precomputed\train_256_stride_128\masks\train_40_patch_0019.npy,266,128,256,256,522,775,522,775,62866,0.959259033203125
train_40_patch_0020,train_40.bmp,C:\Users\gadda\Documents\FeatureFusionMoNuSAC\SDENet-Fusion\Datasets\Glas\precomputed\train_256_stride_128\images\train_40_patch_0020.npy,C:\Users\gadda\Documents\FeatureFusionMoNuSAC\SDENet-Fusion\Datasets\Glas\precomputed\train_256_stride_128\masks\train_40_patch_0020.npy,266,256,256,256,522,775,522,775,65362,0.997344970703125
train_40_patch_0021,train_40.bmp,C:\Users\gadda\Documents\FeatureFusionMoNuSAC\SDENet-Fusion\Datasets\Glas\precomputed\train_256_stride_128\images\train_40_patch_0021.npy,C:\Users\gadda\Documents\FeatureFusionMoNuSAC\SDENet-Fusion\Datasets\Glas\precomputed\train_256_stride_128\masks\train_40_patch_0021.npy,266,384,256,256,522,775,522,775,65536,1.0
train_40_patch_0022,train_40.bmp,C:\Users\gadda\Documents\FeatureFusionMoNuSAC\SDENet-Fusion\Datasets\Glas\precomputed\train_256_stride_128\images\train_40_patch_0022.npy,C:\Users\gadda\Documents\FeatureFusionMoNuSAC\SDENet-Fusion\Datasets\Glas\precomputed\train_256_stride_128\masks\train_40_patch_0022.npy,266,512,256,256,522,775,522,775,40776,0.6221923828125
train_40_patch_0023,train_40.bmp,C:\Users\gadda\Documents\FeatureFusionMoNuSAC\SDENet-Fusion\Datasets\Glas\precomputed\train_256_stride_128\images\train_40_patch_0023.npy,C:\Users\gadda\Documents\FeatureFusionMoNuSAC\SDENet-Fusion\Datasets\Glas\precomputed\train_256_stride_128\masks\train_40_patch_0023.npy,266,519,256,256,522,775,522,775,38984,0.5948486328125
train_41_patch_0000,train_41.bmp,C:\Users\gadda\Documents\FeatureFusionMoNuSAC\SDENet-Fusion\Datasets\Glas\precomputed\train_256_stride_128\images\train_41_patch_0000.npy,C:\Users\gadda\Documents\FeatureFusionMoNuSAC\SDENet-Fusion\Datasets\Glas\precomputed\train_256_stride_128\masks\train_41_patch_0000.npy,0,0,256,256,430,567,430,567,44149,0.6736602783203125
train_41_patch_0001,train_41.bmp,C:\Users\gadda\Documents\FeatureFusionMoNuSAC\SDENet-Fusion\Datasets\Glas\precomputed\train_256_stride_128\images\train_41_patch_0001.npy,C:\Users\gadda\Documents\FeatureFusionMoNuSAC\SDENet-Fusion\Datasets\Glas\precomputed\train_256_stride_128\masks\train_41_patch_0001.npy,0,128,256,256,430,567,430,567,47310,0.721893310546875
train_41_patch_0002,train_41.bmp,C:\Users\gadda\Documents\FeatureFusionMoNuSAC\SDENet-Fusion\Datasets\Glas\precomputed\train_256_stride_128\images\train_41_patch_0002.npy,C:\Users\gadda\Documents\FeatureFusionMoNuSAC\SDENet-Fusion\Datasets\Glas\precomputed\train_256_stride_128\masks\train_41_patch_0002.npy,0,256,256,256,430,567,430,567,37725,0.5756378173828125
train_41_patch_0003,train_41.bmp,C:\Users\gadda\Documents\FeatureFusionMoNuSAC\SDENet-Fusion\Datasets\Glas\precomputed\train_256_stride_128\images\train_41_patch_0003.npy,C:\Users\gadda\Documents\FeatureFusionMoNuSAC\SDENet-Fusion\Datasets\Glas\precomputed\train_256_stride_128\masks\train_41_patch_0003.npy,0,311,256,256,430,567,430,567,38673,0.5901031494140625
train_41_patch_0004,train_41.bmp,C:\Users\gadda\Documents\FeatureFusionMoNuSAC\SDENet-Fusion\Datasets\Glas\precomputed\train_256_stride_128\images\train_41_patch_0004.npy,C:\Users\gadda\Documents\FeatureFusionMoNuSAC\SDENet-Fusion\Datasets\Glas\precomputed\train_256_stride_128\masks\train_41_patch_0004.npy,128,0,256,256,430,567,430,567,48812,0.74481201171875
train_41_patch_0005,train_41.bmp,C:\Users\gadda\Documents\FeatureFusionMoNuSAC\SDENet-Fusion\Datasets\Glas\precomputed\train_256_stride_128\images\train_41_patch_0005.npy,C:\Users\gadda\Documents\FeatureFusionMoNuSAC\SDENet-Fusion\Datasets\Glas\precomputed\train_256_stride_128\masks\train_41_patch_0005.npy,128,128,256,256,430,567,430,567,41978,0.640533447265625
train_41_patch_0006,train_41.bmp,C:\Users\gadda\Documents\FeatureFusionMoNuSAC\SDENet-Fusion\Datasets\Glas\precomputed\train_256_stride_128\images\train_41_patch_0006.npy,C:\Users\gadda\Documents\FeatureFusionMoNuSAC\SDENet-Fusion\Datasets\Glas\precomputed\train_256_stride_128\masks\train_41_patch_0006.npy,128,256,256,256,430,567,430,567,34663,0.5289154052734375
train_41_patch_0007,train_41.bmp,C:\Users\gadda\Documents\FeatureFusionMoNuSAC\SDENet-Fusion\Datasets\Glas\precomputed\train_256_stride_128\images\train_41_patch_0007.npy,C:\Users\gadda\Documents\FeatureFusionMoNuSAC\SDENet-Fusion\Datasets\Glas\precomputed\train_256_stride_128\masks\train_41_patch_0007.npy,128,311,256,256,430,567,430,567,39497,0.6026763916015625
train_41_patch_0008,train_41.bmp,C:\Users\gadda\Documents\FeatureFusionMoNuSAC\SDENet-Fusion\Datasets\Glas\precomputed\train_256_stride_128\images\train_41_patch_0008.npy,C:\Users\gadda\Documents\FeatureFusionMoNuSAC\SDENet-Fusion\Datasets\Glas\precomputed\train_256_stride_128\masks\train_41_patch_0008.npy,174,0,256,256,430,567,430,567,38914,0.593780517578125
train_41_patch_0009,train_41.bmp,C:\Users\gadda\Documents\FeatureFusionMoNuSAC\SDENet-Fusion\Datasets\Glas\precomputed\train_256_stride_128\images\train_41_patch_0009.npy,C:\Users\gadda\Documents\FeatureFusionMoNuSAC\SDENet-Fusion\Datasets\Glas\precomputed\train_256_stride_128\masks\train_41_patch_0009.npy,174,128,256,256,430,567,430,567,34049,0.5195465087890625
train_41_patch_0010,train_41.bmp,C:\Users\gadda\Documents\FeatureFusionMoNuSAC\SDENet-Fusion\Datasets\Glas\precomputed\train_256_stride_128\images\train_41_patch_0010.npy,C:\Users\gadda\Documents\FeatureFusionMoNuSAC\SDENet-Fusion\Datasets\Glas\precomputed\train_256_stride_128\masks\train_41_patch_0010.npy,174,256,256,256,430,567,430,567,31908,0.48687744140625
train_41_patch_0011,train_41.bmp,C:\Users\gadda\Documents\FeatureFusionMoNuSAC\SDENet-Fusion\Datasets\Glas\precomputed\train_256_stride_128\images\train_41_patch_0011.npy,C:\Users\gadda\Documents\FeatureFusionMoNuSAC\SDENet-Fusion\Datasets\Glas\precomputed\train_256_stride_128\masks\train_41_patch_0011.npy,174,311,256,256,430,567,430,567,39234,0.598663330078125
train_42_patch_0000,train_42.bmp,C:\Users\gadda\Documents\FeatureFusionMoNuSAC\SDENet-Fusion\Datasets\Glas\precomputed\train_256_stride_128\images\train_42_patch_0000.npy,C:\Users\gadda\Documents\FeatureFusionMoNuSAC\SDENet-Fusion\Datasets\Glas\precomputed\train_256_stride_128\masks\train_42_patch_0000.npy,0,0,256,256,522,775,522,775,48298,0.736968994140625
train_42_patch_0001,train_42.bmp,C:\Users\gadda\Documents\FeatureFusionMoNuSAC\SDENet-Fusion\Datasets\Glas\precomputed\train_256_stride_128\images\train_42_patch_0001.npy,C:\Users\gadda\Documents\FeatureFusionMoNuSAC\SDENet-Fusion\Datasets\Glas\precomputed\train_256_stride_128\masks\train_42_patch_0001.npy,0,128,256,256,522,775,522,775,27352,0.4173583984375
train_42_patch_0002,train_42.bmp,C:\Users\gadda\Documents\FeatureFusionMoNuSAC\SDENet-Fusion\Datasets\Glas\precomputed\train_256_stride_128\images\train_42_patch_0002.npy,C:\Users\gadda\Documents\FeatureFusionMoNuSAC\SDENet-Fusion\Datasets\Glas\precomputed\train_256_stride_128\masks\train_42_patch_0002.npy,0,256,256,256,522,775,522,775,6372,0.09722900390625
train_42_patch_0003,train_42.bmp,C:\Users\gadda\Documents\FeatureFusionMoNuSAC\SDENet-Fusion\Datasets\Glas\precomputed\train_256_stride_128\images\train_42_patch_0003.npy,C:\Users\gadda\Documents\FeatureFusionMoNuSAC\SDENet-Fusion\Datasets\Glas\precomputed\train_256_stride_128\masks\train_42_patch_0003.npy,0,384,256,256,522,775,522,775,5428,0.08282470703125
train_42_patch_0004,train_42.bmp,C:\Users\gadda\Documents\FeatureFusionMoNuSAC\SDENet-Fusion\Datasets\Glas\precomputed\train_256_stride_128\images\train_42_patch_0004.npy,C:\Users\gadda\Documents\FeatureFusionMoNuSAC\SDENet-Fusion\Datasets\Glas\precomputed\train_256_stride_128\masks\train_42_patch_0004.npy,0,512,256,256,522,775,522,775,19540,0.29815673828125
train_42_patch_0005,train_42.bmp,C:\Users\gadda\Documents\FeatureFusionMoNuSAC\SDENet-Fusion\Datasets\Glas\precomputed\train_256_stride_128\images\train_42_patch_0005.npy,C:\Users\gadda\Documents\FeatureFusionMoNuSAC\SDENet-Fusion\Datasets\Glas\precomputed\train_256_stride_128\masks\train_42_patch_0005.npy,0,519,256,256,522,775,522,775,20857,0.3182525634765625
train_42_patch_0006,train_42.bmp,C:\Users\gadda\Documents\FeatureFusionMoNuSAC\SDENet-Fusion\Datasets\Glas\precomputed\train_256_stride_128\images\train_42_patch_0006.npy,C:\Users\gadda\Documents\FeatureFusionMoNuSAC\SDENet-Fusion\Datasets\Glas\precomputed\train_256_stride_128\masks\train_42_patch_0006.npy,128,0,256,256,522,775,522,775,16409,0.2503814697265625
train_42_patch_0007,train_42.bmp,C:\Users\gadda\Documents\FeatureFusionMoNuSAC\SDENet-Fusion\Datasets\Glas\precomputed\train_256_stride_128\images\train_42_patch_0007.npy,C:\Users\gadda\Documents\FeatureFusionMoNuSAC\SDENet-Fusion\Datasets\Glas\precomputed\train_256_stride_128\masks\train_42_patch_0007.npy,128,128,256,256,522,775,522,775,13485,0.2057647705078125
train_42_patch_0008,train_42.bmp,C:\Users\gadda\Documents\FeatureFusionMoNuSAC\SDENet-Fusion\Datasets\Glas\precomputed\train_256_stride_128\images\train_42_patch_0008.npy,C:\Users\gadda\Documents\FeatureFusionMoNuSAC\SDENet-Fusion\Datasets\Glas\precomputed\train_256_stride_128\masks\train_42_patch_0008.npy,128,256,256,256,522,775,522,775,15280,0.233154296875
train_42_patch_0009,train_42.bmp,C:\Users\gadda\Documents\FeatureFusionMoNuSAC\SDENet-Fusion\Datasets\Glas\precomputed\train_256_stride_128\images\train_42_patch_0009.npy,C:\Users\gadda\Documents\FeatureFusionMoNuSAC\SDENet-Fusion\Datasets\Glas\precomputed\train_256_stride_128\masks\train_42_patch_0009.npy,128,384,256,256,522,775,522,775,26939,0.4110565185546875
train_42_patch_0010,train_42.bmp,C:\Users\gadda\Documents\FeatureFusionMoNuSAC\SDENet-Fusion\Datasets\Glas\precomputed\train_256_stride_128\images\train_42_patch_0010.npy,C:\Users\gadda\Documents\FeatureFusionMoNuSAC\SDENet-Fusion\Datasets\Glas\precomputed\train_256_stride_128\masks\train_42_patch_0010.npy,128,512,256,256,522,775,522,775,44942,0.685760498046875
train_42_patch_0011,train_42.bmp,C:\Users\gadda\Documents\FeatureFusionMoNuSAC\SDENet-Fusion\Datasets\Glas\precomputed\train_256_stride_128\images\train_42_patch_0011.npy,C:\Users\gadda\Documents\FeatureFusionMoNuSAC\SDENet-Fusion\Datasets\Glas\precomputed\train_256_stride_128\masks\train_42_patch_0011.npy,128,519,256,256,522,775,522,775,46030,0.702362060546875
train_42_patch_0012,train_42.bmp,C:\Users\gadda\Documents\FeatureFusionMoNuSAC\SDENet-Fusion\Datasets\Glas\precomputed\train_256_stride_128\images\train_42_patch_0012.npy,C:\Users\gadda\Documents\FeatureFusionMoNuSAC\SDENet-Fusion\Datasets\Glas\precomputed\train_256_stride_128\masks\train_42_patch_0012.npy,256,0,256,256,522,775,522,775,23905,0.3647613525390625
train_42_patch_0013,train_42.bmp,C:\Users\gadda\Documents\FeatureFusionMoNuSAC\SDENet-Fusion\Datasets\Glas\precomputed\train_256_stride_128\images\train_42_patch_0013.npy,C:\Users\gadda\Documents\FeatureFusionMoNuSAC\SDENet-Fusion\Datasets\Glas\precomputed\train_256_stride_128\masks\train_42_patch_0013.npy,256,128,256,256,522,775,522,775,35348,0.53936767578125
train_42_patch_0014,train_42.bmp,C:\Users\gadda\Documents\FeatureFusionMoNuSAC\SDENet-Fusion\Datasets\Glas\precomputed\train_256_stride_128\images\train_42_patch_0014.npy,C:\Users\gadda\Documents\FeatureFusionMoNuSAC\SDENet-Fusion\Datasets\Glas\precomputed\train_256_stride_128\masks\train_42_patch_0014.npy,256,256,256,256,522,775,522,775,44764,0.68304443359375
train_42_patch_0015,train_42.bmp,C:\Users\gadda\Documents\FeatureFusionMoNuSAC\SDENet-Fusion\Datasets\Glas\precomputed\train_256_stride_128\images\train_42_patch_0015.npy,C:\Users\gadda\Documents\FeatureFusionMoNuSAC\SDENet-Fusion\Datasets\Glas\precomputed\train_256_stride_128\masks\train_42_patch_0015.npy,256,384,256,256,522,775,522,775,43224,0.6595458984375
train_42_patch_0016,train_42.bmp,C:\Users\gadda\Documents\FeatureFusionMoNuSAC\SDENet-Fusion\Datasets\Glas\precomputed\train_256_stride_128\images\train_42_patch_0016.npy,C:\Users\gadda\Documents\FeatureFusionMoNuSAC\SDENet-Fusion\Datasets\Glas\precomputed\train_256_stride_128\masks\train_42_patch_0016.npy,256,512,256,256,522,775,522,775,39217,0.5984039306640625
train_42_patch_0017,train_42.bmp,C:\Users\gadda\Documents\FeatureFusionMoNuSAC\SDENet-Fusion\Datasets\Glas\precomputed\train_256_stride_128\images\train_42_patch_0017.npy,C:\Users\gadda\Documents\FeatureFusionMoNuSAC\SDENet-Fusion\Datasets\Glas\precomputed\train_256_stride_128\masks\train_42_patch_0017.npy,256,519,256,256,522,775,522,775,39096,0.5965576171875
train_42_patch_0018,train_42.bmp,C:\Users\gadda\Documents\FeatureFusionMoNuSAC\SDENet-Fusion\Datasets\Glas\precomputed\train_256_stride_128\images\train_42_patch_0018.npy,C:\Users\gadda\Documents\FeatureFusionMoNuSAC\SDENet-Fusion\Datasets\Glas\precomputed\train_256_stride_128\masks\train_42_patch_0018.npy,266,0,256,256,522,775,522,775,26221,0.4001007080078125
train_42_patch_0019,train_42.bmp,C:\Users\gadda\Documents\FeatureFusionMoNuSAC\SDENet-Fusion\Datasets\Glas\precomputed\train_256_stride_128\images\train_42_patch_0019.npy,C:\Users\gadda\Documents\FeatureFusionMoNuSAC\SDENet-Fusion\Datasets\Glas\precomputed\train_256_stride_128\masks\train_42_patch_0019.npy,266,128,256,256,522,775,522,775,37908,0.57843017578125
train_42_patch_0020,train_42.bmp,C:\Users\gadda\Documents\FeatureFusionMoNuSAC\SDENet-Fusion\Datasets\Glas\precomputed\train_256_stride_128\images\train_42_patch_0020.npy,C:\Users\gadda\Documents\FeatureFusionMoNuSAC\SDENet-Fusion\Datasets\Glas\precomputed\train_256_stride_128\masks\train_42_patch_0020.npy,266,256,256,256,522,775,522,775,46890,0.715484619140625
train_42_patch_0021,train_42.bmp,C:\Users\gadda\Documents\FeatureFusionMoNuSAC\SDENet-Fusion\Datasets\Glas\precomputed\train_256_stride_128\images\train_42_patch_0021.npy,C:\Users\gadda\Documents\FeatureFusionMoNuSAC\SDENet-Fusion\Datasets\Glas\precomputed\train_256_stride_128\masks\train_42_patch_0021.npy,266,384,256,256,522,775,522,775,42985,0.6558990478515625
train_42_patch_0022,train_42.bmp,C:\Users\gadda\Documents\FeatureFusionMoNuSAC\SDENet-Fusion\Datasets\Glas\precomputed\train_256_stride_128\images\train_42_patch_0022.npy,C:\Users\gadda\Documents\FeatureFusionMoNuSAC\SDENet-Fusion\Datasets\Glas\precomputed\train_256_stride_128\masks\train_42_patch_0022.npy,266,512,256,256,522,775,522,775,37677,0.5749053955078125
train_42_patch_0023,train_42.bmp,C:\Users\gadda\Documents\FeatureFusionMoNuSAC\SDENet-Fusion\Datasets\Glas\precomputed\train_256_stride_128\images\train_42_patch_0023.npy,C:\Users\gadda\Documents\FeatureFusionMoNuSAC\SDENet-Fusion\Datasets\Glas\precomputed\train_256_stride_128\masks\train_42_patch_0023.npy,266,519,256,256,522,775,522,775,37486,0.571990966796875
train_43_patch_0000,train_43.bmp,C:\Users\gadda\Documents\FeatureFusionMoNuSAC\SDENet-Fusion\Datasets\Glas\precomputed\train_256_stride_128\images\train_43_patch_0000.npy,C:\Users\gadda\Documents\FeatureFusionMoNuSAC\SDENet-Fusion\Datasets\Glas\precomputed\train_256_stride_128\masks\train_43_patch_0000.npy,0,0,256,256,522,775,522,775,19850,0.302886962890625
train_43_patch_0001,train_43.bmp,C:\Users\gadda\Documents\FeatureFusionMoNuSAC\SDENet-Fusion\Datasets\Glas\precomputed\train_256_stride_128\images\train_43_patch_0001.npy,C:\Users\gadda\Documents\FeatureFusionMoNuSAC\SDENet-Fusion\Datasets\Glas\precomputed\train_256_stride_128\masks\train_43_patch_0001.npy,0,128,256,256,522,775,522,775,41174,0.628265380859375
train_43_patch_0002,train_43.bmp,C:\Users\gadda\Documents\FeatureFusionMoNuSAC\SDENet-Fusion\Datasets\Glas\precomputed\train_256_stride_128\images\train_43_patch_0002.npy,C:\Users\gadda\Documents\FeatureFusionMoNuSAC\SDENet-Fusion\Datasets\Glas\precomputed\train_256_stride_128\masks\train_43_patch_0002.npy,0,256,256,256,522,775,522,775,50537,0.7711334228515625
train_43_patch_0003,train_43.bmp,C:\Users\gadda\Documents\FeatureFusionMoNuSAC\SDENet-Fusion\Datasets\Glas\precomputed\train_256_stride_128\images\train_43_patch_0003.npy,C:\Users\gadda\Documents\FeatureFusionMoNuSAC\SDENet-Fusion\Datasets\Glas\precomputed\train_256_stride_128\masks\train_43_patch_0003.npy,0,384,256,256,522,775,522,775,44105,0.6729888916015625
train_43_patch_0004,train_43.bmp,C:\Users\gadda\Documents\FeatureFusionMoNuSAC\SDENet-Fusion\Datasets\Glas\precomputed\train_256_stride_128\images\train_43_patch_0004.npy,C:\Users\gadda\Documents\FeatureFusionMoNuSAC\SDENet-Fusion\Datasets\Glas\precomputed\train_256_stride_128\masks\train_43_patch_0004.npy,0,512,256,256,522,775,522,775,45311,0.6913909912109375
train_43_patch_0005,train_43.bmp,C:\Users\gadda\Documents\FeatureFusionMoNuSAC\SDENet-Fusion\Datasets\Glas\precomputed\train_256_stride_128\images\train_43_patch_0005.npy,C:\Users\gadda\Documents\FeatureFusionMoNuSAC\SDENet-Fusion\Datasets\Glas\precomputed\train_256_stride_128\masks\train_43_patch_0005.npy,0,519,256,256,522,775,522,775,45788,0.69866943359375
train_43_patch_0006,train_43.bmp,C:\Users\gadda\Documents\FeatureFusionMoNuSAC\SDENet-Fusion\Datasets\Glas\precomputed\train_256_stride_128\images\train_43_patch_0006.npy,C:\Users\gadda\Documents\FeatureFusionMoNuSAC\SDENet-Fusion\Datasets\Glas\precomputed\train_256_stride_128\masks\train_43_patch_0006.npy,128,0,256,256,522,775,522,775,42771,0.6526336669921875
train_43_patch_0007,train_43.bmp,C:\Users\gadda\Documents\FeatureFusionMoNuSAC\SDENet-Fusion\Datasets\Glas\precomputed\train_256_stride_128\images\train_43_patch_0007.npy,C:\Users\gadda\Documents\FeatureFusionMoNuSAC\SDENet-Fusion\Datasets\Glas\precomputed\train_256_stride_128\masks\train_43_patch_0007.npy,128,128,256,256,522,775,522,775,54012,0.82415771484375
train_43_patch_0008,train_43.bmp,C:\Users\gadda\Documents\FeatureFusionMoNuSAC\SDENet-Fusion\Datasets\Glas\precomputed\train_256_stride_128\images\train_43_patch_0008.npy,C:\Users\gadda\Documents\FeatureFusionMoNuSAC\SDENet-Fusion\Datasets\Glas\precomputed\train_256_stride_128\masks\train_43_patch_0008.npy,128,256,256,256,522,775,522,775,45907,0.7004852294921875
train_43_patch_0009,train_43.bmp,C:\Users\gadda\Documents\FeatureFusionMoNuSAC\SDENet-Fusion\Datasets\Glas\precomputed\train_256_stride_128\images\train_43_patch_0009.npy,C:\Users\gadda\Documents\FeatureFusionMoNuSAC\SDENet-Fusion\Datasets\Glas\precomputed\train_256_stride_128\masks\train_43_patch_0009.npy,128,384,256,256,522,775,522,775,38577,0.5886383056640625
train_43_patch_0010,train_43.bmp,C:\Users\gadda\Documents\FeatureFusionMoNuSAC\SDENet-Fusion\Datasets\Glas\precomputed\train_256_stride_128\images\train_43_patch_0010.npy,C:\Users\gadda\Documents\FeatureFusionMoNuSAC\SDENet-Fusion\Datasets\Glas\precomputed\train_256_stride_128\masks\train_43_patch_0010.npy,128,512,256,256,522,775,522,775,37658,0.574615478515625
train_43_patch_0011,train_43.bmp,C:\Users\gadda\Documents\FeatureFusionMoNuSAC\SDENet-Fusion\Datasets\Glas\precomputed\train_256_stride_128\images\train_43_patch_0011.npy,C:\Users\gadda\Documents\FeatureFusionMoNuSAC\SDENet-Fusion\Datasets\Glas\precomputed\train_256_stride_128\masks\train_43_patch_0011.npy,128,519,256,256,522,775,522,775,37797,0.5767364501953125
train_43_patch_0012,train_43.bmp,C:\Users\gadda\Documents\FeatureFusionMoNuSAC\SDENet-Fusion\Datasets\Glas\precomputed\train_256_stride_128\images\train_43_patch_0012.npy,C:\Users\gadda\Documents\FeatureFusionMoNuSAC\SDENet-Fusion\Datasets\Glas\precomputed\train_256_stride_128\masks\train_43_patch_0012.npy,256,0,256,256,522,775,522,775,41377,0.6313629150390625
train_43_patch_0013,train_43.bmp,C:\Users\gadda\Documents\FeatureFusionMoNuSAC\SDENet-Fusion\Datasets\Glas\precomputed\train_256_stride_128\images\train_43_patch_0013.npy,C:\Users\gadda\Documents\FeatureFusionMoNuSAC\SDENet-Fusion\Datasets\Glas\precomputed\train_256_stride_128\masks\train_43_patch_0013.npy,256,128,256,256,522,775,522,775,41313,0.6303863525390625
train_43_patch_0014,train_43.bmp,C:\Users\gadda\Documents\FeatureFusionMoNuSAC\SDENet-Fusion\Datasets\Glas\precomputed\train_256_stride_128\images\train_43_patch_0014.npy,C:\Users\gadda\Documents\FeatureFusionMoNuSAC\SDENet-Fusion\Datasets\Glas\precomputed\train_256_stride_128\masks\train_43_patch_0014.npy,256,256,256,256,522,775,522,775,38001,0.5798492431640625
train_43_patch_0015,train_43.bmp,C:\Users\gadda\Documents\FeatureFusionMoNuSAC\SDENet-Fusion\Datasets\Glas\precomputed\train_256_stride_128\images\train_43_patch_0015.npy,C:\Users\gadda\Documents\FeatureFusionMoNuSAC\SDENet-Fusion\Datasets\Glas\precomputed\train_256_stride_128\masks\train_43_patch_0015.npy,256,384,256,256,522,775,522,775,42202,0.643951416015625
train_43_patch_0016,train_43.bmp,C:\Users\gadda\Documents\FeatureFusionMoNuSAC\SDENet-Fusion\Datasets\Glas\precomputed\train_256_stride_128\images\train_43_patch_0016.npy,C:\Users\gadda\Documents\FeatureFusionMoNuSAC\SDENet-Fusion\Datasets\Glas\precomputed\train_256_stride_128\masks\train_43_patch_0016.npy,256,512,256,256,522,775,522,775,37103,0.5661468505859375
train_43_patch_0017,train_43.bmp,C:\Users\gadda\Documents\FeatureFusionMoNuSAC\SDENet-Fusion\Datasets\Glas\precomputed\train_256_stride_128\images\train_43_patch_0017.npy,C:\Users\gadda\Documents\FeatureFusionMoNuSAC\SDENet-Fusion\Datasets\Glas\precomputed\train_256_stride_128\masks\train_43_patch_0017.npy,256,519,256,256,522,775,522,775,37296,0.569091796875
train_43_patch_0018,train_43.bmp,C:\Users\gadda\Documents\FeatureFusionMoNuSAC\SDENet-Fusion\Datasets\Glas\precomputed\train_256_stride_128\images\train_43_patch_0018.npy,C:\Users\gadda\Documents\FeatureFusionMoNuSAC\SDENet-Fusion\Datasets\Glas\precomputed\train_256_stride_128\masks\train_43_patch_0018.npy,266,0,256,256,522,775,522,775,40500,0.61798095703125
train_43_patch_0019,train_43.bmp,C:\Users\gadda\Documents\FeatureFusionMoNuSAC\SDENet-Fusion\Datasets\Glas\precomputed\train_256_stride_128\images\train_43_patch_0019.npy,C:\Users\gadda\Documents\FeatureFusionMoNuSAC\SDENet-Fusion\Datasets\Glas\precomputed\train_256_stride_128\masks\train_43_patch_0019.npy,266,128,256,256,522,775,522,775,40927,0.6244964599609375
train_43_patch_0020,train_43.bmp,C:\Users\gadda\Documents\FeatureFusionMoNuSAC\SDENet-Fusion\Datasets\Glas\precomputed\train_256_stride_128\images\train_43_patch_0020.npy,C:\Users\gadda\Documents\FeatureFusionMoNuSAC\SDENet-Fusion\Datasets\Glas\precomputed\train_256_stride_128\masks\train_43_patch_0020.npy,266,256,256,256,522,775,522,775,38484,0.58721923828125
train_43_patch_0021,train_43.bmp,C:\Users\gadda\Documents\FeatureFusionMoNuSAC\SDENet-Fusion\Datasets\Glas\precomputed\train_256_stride_128\images\train_43_patch_0021.npy,C:\Users\gadda\Documents\FeatureFusionMoNuSAC\SDENet-Fusion\Datasets\Glas\precomputed\train_256_stride_128\masks\train_43_patch_0021.npy,266,384,256,256,522,775,522,775,42284,0.64520263671875
train_43_patch_0022,train_43.bmp,C:\Users\gadda\Documents\FeatureFusionMoNuSAC\SDENet-Fusion\Datasets\Glas\precomputed\train_256_stride_128\images\train_43_patch_0022.npy,C:\Users\gadda\Documents\FeatureFusionMoNuSAC\SDENet-Fusion\Datasets\Glas\precomputed\train_256_stride_128\masks\train_43_patch_0022.npy,266,512,256,256,522,775,522,775,36604,0.55853271484375
train_43_patch_0023,train_43.bmp,C:\Users\gadda\Documents\FeatureFusionMoNuSAC\SDENet-Fusion\Datasets\Glas\precomputed\train_256_stride_128\images\train_43_patch_0023.npy,C:\Users\gadda\Documents\FeatureFusionMoNuSAC\SDENet-Fusion\Datasets\Glas\precomputed\train_256_stride_128\masks\train_43_patch_0023.npy,266,519,256,256,522,775,522,775,36825,0.5619049072265625
train_44_patch_0000,train_44.bmp,C:\Users\gadda\Documents\FeatureFusionMoNuSAC\SDENet-Fusion\Datasets\Glas\precomputed\train_256_stride_128\images\train_44_patch_0000.npy,C:\Users\gadda\Documents\FeatureFusionMoNuSAC\SDENet-Fusion\Datasets\Glas\precomputed\train_256_stride_128\masks\train_44_patch_0000.npy,0,0,256,256,522,775,522,775,34879,0.5322113037109375
train_44_patch_0001,train_44.bmp,C:\Users\gadda\Documents\FeatureFusionMoNuSAC\SDENet-Fusion\Datasets\Glas\precomputed\train_256_stride_128\images\train_44_patch_0001.npy,C:\Users\gadda\Documents\FeatureFusionMoNuSAC\SDENet-Fusion\Datasets\Glas\precomputed\train_256_stride_128\masks\train_44_patch_0001.npy,0,128,256,256,522,775,522,775,33527,0.5115814208984375
train_44_patch_0002,train_44.bmp,C:\Users\gadda\Documents\FeatureFusionMoNuSAC\SDENet-Fusion\Datasets\Glas\precomputed\train_256_stride_128\images\train_44_patch_0002.npy,C:\Users\gadda\Documents\FeatureFusionMoNuSAC\SDENet-Fusion\Datasets\Glas\precomputed\train_256_stride_128\masks\train_44_patch_0002.npy,0,256,256,256,522,775,522,775,20482,0.312530517578125
train_44_patch_0003,train_44.bmp,C:\Users\gadda\Documents\FeatureFusionMoNuSAC\SDENet-Fusion\Datasets\Glas\precomputed\train_256_stride_128\images\train_44_patch_0003.npy,C:\Users\gadda\Documents\FeatureFusionMoNuSAC\SDENet-Fusion\Datasets\Glas\precomputed\train_256_stride_128\masks\train_44_patch_0003.npy,0,384,256,256,522,775,522,775,21356,0.32586669921875
train_44_patch_0004,train_44.bmp,C:\Users\gadda\Documents\FeatureFusionMoNuSAC\SDENet-Fusion\Datasets\Glas\precomputed\train_256_stride_128\images\train_44_patch_0004.npy,C:\Users\gadda\Documents\FeatureFusionMoNuSAC\SDENet-Fusion\Datasets\Glas\precomputed\train_256_stride_128\masks\train_44_patch_0004.npy,0,512,256,256,522,775,522,775,37093,0.5659942626953125
train_44_patch_0005,train_44.bmp,C:\Users\gadda\Documents\FeatureFusionMoNuSAC\SDENet-Fusion\Datasets\Glas\precomputed\train_256_stride_128\images\train_44_patch_0005.npy,C:\Users\gadda\Documents\FeatureFusionMoNuSAC\SDENet-Fusion\Datasets\Glas\precomputed\train_256_stride_128\masks\train_44_patch_0005.npy,0,519,256,256,522,775,522,775,37600,0.57373046875
train_44_patch_0006,train_44.bmp,C:\Users\gadda\Documents\FeatureFusionMoNuSAC\SDENet-Fusion\Datasets\Glas\precomputed\train_256_stride_128\images\train_44_patch_0006.npy,C:\Users\gadda\Documents\FeatureFusionMoNuSAC\SDENet-Fusion\Datasets\Glas\precomputed\train_256_stride_128\masks\train_44_patch_0006.npy,128,0,256,256,522,775,522,775,43455,0.6630706787109375
train_44_patch_0007,train_44.bmp,C:\Users\gadda\Documents\FeatureFusionMoNuSAC\SDENet-Fusion\Datasets\Glas\precomputed\train_256_stride_128\images\train_44_patch_0007.npy,C:\Users\gadda\Documents\FeatureFusionMoNuSAC\SDENet-Fusion\Datasets\Glas\precomputed\train_256_stride_128\masks\train_44_patch_0007.npy,128,128,256,256,522,775,522,775,35572,0.54278564453125
train_44_patch_0008,train_44.bmp,C:\Users\gadda\Documents\FeatureFusionMoNuSAC\SDENet-Fusion\Datasets\Glas\precomputed\train_256_stride_128\images\train_44_patch_0008.npy,C:\Users\gadda\Documents\FeatureFusionMoNuSAC\SDENet-Fusion\Datasets\Glas\precomputed\train_256_stride_128\masks\train_44_patch_0008.npy,128,256,256,256,522,775,522,775,33626,0.513092041015625
train_44_patch_0009,train_44.bmp,C:\Users\gadda\Documents\FeatureFusionMoNuSAC\SDENet-Fusion\Datasets\Glas\precomputed\train_256_stride_128\images\train_44_patch_0009.npy,C:\Users\gadda\Documents\FeatureFusionMoNuSAC\SDENet-Fusion\Datasets\Glas\precomputed\train_256_stride_128\masks\train_44_patch_0009.npy,128,384,256,256,522,775,522,775,44017,0.6716461181640625
train_44_patch_0010,train_44.bmp,C:\Users\gadda\Documents\FeatureFusionMoNuSAC\SDENet-Fusion\Datasets\Glas\precomputed\train_256_stride_128\images\train_44_patch_0010.npy,C:\Users\gadda\Documents\FeatureFusionMoNuSAC\SDENet-Fusion\Datasets\Glas\precomputed\train_256_stride_128\masks\train_44_patch_0010.npy,128,512,256,256,522,775,522,775,47003,0.7172088623046875
train_44_patch_0011,train_44.bmp,C:\Users\gadda\Documents\FeatureFusionMoNuSAC\SDENet-Fusion\Datasets\Glas\precomputed\train_256_stride_128\images\train_44_patch_0011.npy,C:\Users\gadda\Documents\FeatureFusionMoNuSAC\SDENet-Fusion\Datasets\Glas\precomputed\train_256_stride_128\masks\train_44_patch_0011.npy,128,519,256,256,522,775,522,775,46769,0.7136383056640625
train_44_patch_0012,train_44.bmp,C:\Users\gadda\Documents\FeatureFusionMoNuSAC\SDENet-Fusion\Datasets\Glas\precomputed\train_256_stride_128\images\train_44_patch_0012.npy,C:\Users\gadda\Documents\FeatureFusionMoNuSAC\SDENet-Fusion\Datasets\Glas\precomputed\train_256_stride_128\masks\train_44_patch_0012.npy,256,0,256,256,522,775,522,775,55567,0.8478851318359375
train_44_patch_0013,train_44.bmp,C:\Users\gadda\Documents\FeatureFusionMoNuSAC\SDENet-Fusion\Datasets\Glas\precomputed\train_256_stride_128\images\train_44_patch_0013.npy,C:\Users\gadda\Documents\FeatureFusionMoNuSAC\SDENet-Fusion\Datasets\Glas\precomputed\train_256_stride_128\masks\train_44_patch_0013.npy,256,128,256,256,522,775,522,775,47073,0.7182769775390625
train_44_patch_0014,train_44.bmp,C:\Users\gadda\Documents\FeatureFusionMoNuSAC\SDENet-Fusion\Datasets\Glas\precomputed\train_256_stride_128\images\train_44_patch_0014.npy,C:\Users\gadda\Documents\FeatureFusionMoNuSAC\SDENet-Fusion\Datasets\Glas\precomputed\train_256_stride_128\masks\train_44_patch_0014.npy,256,256,256,256,522,775,522,775,43354,0.661529541015625
train_44_patch_0015,train_44.bmp,C:\Users\gadda\Documents\FeatureFusionMoNuSAC\SDENet-Fusion\Datasets\Glas\precomputed\train_256_stride_128\images\train_44_patch_0015.npy,C:\Users\gadda\Documents\FeatureFusionMoNuSAC\SDENet-Fusion\Datasets\Glas\precomputed\train_256_stride_128\masks\train_44_patch_0015.npy,256,384,256,256,522,775,522,775,55200,0.84228515625
train_44_patch_0016,train_44.bmp,C:\Users\gadda\Documents\FeatureFusionMoNuSAC\SDENet-Fusion\Datasets\Glas\precomputed\train_256_stride_128\images\train_44_patch_0016.npy,C:\Users\gadda\Documents\FeatureFusionMoNuSAC\SDENet-Fusion\Datasets\Glas\precomputed\train_256_stride_128\masks\train_44_patch_0016.npy,256,512,256,256,522,775,522,775,59586,0.909210205078125
train_44_patch_0017,train_44.bmp,C:\Users\gadda\Documents\FeatureFusionMoNuSAC\SDENet-Fusion\Datasets\Glas\precomputed\train_256_stride_128\images\train_44_patch_0017.npy,C:\Users\gadda\Documents\FeatureFusionMoNuSAC\SDENet-Fusion\Datasets\Glas\precomputed\train_256_stride_128\masks\train_44_patch_0017.npy,256,519,256,256,522,775,522,775,59566,0.908905029296875
train_44_patch_0018,train_44.bmp,C:\Users\gadda\Documents\FeatureFusionMoNuSAC\SDENet-Fusion\Datasets\Glas\precomputed\train_256_stride_128\images\train_44_patch_0018.npy,C:\Users\gadda\Documents\FeatureFusionMoNuSAC\SDENet-Fusion\Datasets\Glas\precomputed\train_256_stride_128\masks\train_44_patch_0018.npy,266,0,256,256,522,775,522,775,56169,0.8570709228515625
train_44_patch_0019,train_44.bmp,C:\Users\gadda\Documents\FeatureFusionMoNuSAC\SDENet-Fusion\Datasets\Glas\precomputed\train_256_stride_128\images\train_44_patch_0019.npy,C:\Users\gadda\Documents\FeatureFusionMoNuSAC\SDENet-Fusion\Datasets\Glas\precomputed\train_256_stride_128\masks\train_44_patch_0019.npy,266,128,256,256,522,775,522,775,47421,0.7235870361328125
train_44_patch_0020,train_44.bmp,C:\Users\gadda\Documents\FeatureFusionMoNuSAC\SDENet-Fusion\Datasets\Glas\precomputed\train_256_stride_128\images\train_44_patch_0020.npy,C:\Users\gadda\Documents\FeatureFusionMoNuSAC\SDENet-Fusion\Datasets\Glas\precomputed\train_256_stride_128\masks\train_44_patch_0020.npy,266,256,256,256,522,775,522,775,42842,0.653717041015625
train_44_patch_0021,train_44.bmp,C:\Users\gadda\Documents\FeatureFusionMoNuSAC\SDENet-Fusion\Datasets\Glas\precomputed\train_256_stride_128\images\train_44_patch_0021.npy,C:\Users\gadda\Documents\FeatureFusionMoNuSAC\SDENet-Fusion\Datasets\Glas\precomputed\train_256_stride_128\masks\train_44_patch_0021.npy,266,384,256,256,522,775,522,775,55151,0.8415374755859375
train_44_patch_0022,train_44.bmp,C:\Users\gadda\Documents\FeatureFusionMoNuSAC\SDENet-Fusion\Datasets\Glas\precomputed\train_256_stride_128\images\train_44_patch_0022.npy,C:\Users\gadda\Documents\FeatureFusionMoNuSAC\SDENet-Fusion\Datasets\Glas\precomputed\train_256_stride_128\masks\train_44_patch_0022.npy,266,512,256,256,522,775,522,775,60441,0.9222564697265625
train_44_patch_0023,train_44.bmp,C:\Users\gadda\Documents\FeatureFusionMoNuSAC\SDENet-Fusion\Datasets\Glas\precomputed\train_256_stride_128\images\train_44_patch_0023.npy,C:\Users\gadda\Documents\FeatureFusionMoNuSAC\SDENet-Fusion\Datasets\Glas\precomputed\train_256_stride_128\masks\train_44_patch_0023.npy,266,519,256,256,522,775,522,775,60421,0.9219512939453125
train_45_patch_0000,train_45.bmp,C:\Users\gadda\Documents\FeatureFusionMoNuSAC\SDENet-Fusion\Datasets\Glas\precomputed\train_256_stride_128\images\train_45_patch_0000.npy,C:\Users\gadda\Documents\FeatureFusionMoNuSAC\SDENet-Fusion\Datasets\Glas\precomputed\train_256_stride_128\masks\train_45_patch_0000.npy,0,0,256,256,522,775,522,775,49617,0.7570953369140625
train_45_patch_0001,train_45.bmp,C:\Users\gadda\Documents\FeatureFusionMoNuSAC\SDENet-Fusion\Datasets\Glas\precomputed\train_256_stride_128\images\train_45_patch_0001.npy,C:\Users\gadda\Documents\FeatureFusionMoNuSAC\SDENet-Fusion\Datasets\Glas\precomputed\train_256_stride_128\masks\train_45_patch_0001.npy,0,128,256,256,522,775,522,775,45711,0.6974945068359375
train_45_patch_0002,train_45.bmp,C:\Users\gadda\Documents\FeatureFusionMoNuSAC\SDENet-Fusion\Datasets\Glas\precomputed\train_256_stride_128\images\train_45_patch_0002.npy,C:\Users\gadda\Documents\FeatureFusionMoNuSAC\SDENet-Fusion\Datasets\Glas\precomputed\train_256_stride_128\masks\train_45_patch_0002.npy,0,256,256,256,522,775,522,775,38424,0.5863037109375
train_45_patch_0003,train_45.bmp,C:\Users\gadda\Documents\FeatureFusionMoNuSAC\SDENet-Fusion\Datasets\Glas\precomputed\train_256_stride_128\images\train_45_patch_0003.npy,C:\Users\gadda\Documents\FeatureFusionMoNuSAC\SDENet-Fusion\Datasets\Glas\precomputed\train_256_stride_128\masks\train_45_patch_0003.npy,0,384,256,256,522,775,522,775,34134,0.520843505859375
train_45_patch_0004,train_45.bmp,C:\Users\gadda\Documents\FeatureFusionMoNuSAC\SDENet-Fusion\Datasets\Glas\precomputed\train_256_stride_128\images\train_45_patch_0004.npy,C:\Users\gadda\Documents\FeatureFusionMoNuSAC\SDENet-Fusion\Datasets\Glas\precomputed\train_256_stride_128\masks\train_45_patch_0004.npy,0,512,256,256,522,775,522,775,22299,0.3402557373046875
train_45_patch_0005,train_45.bmp,C:\Users\gadda\Documents\FeatureFusionMoNuSAC\SDENet-Fusion\Datasets\Glas\precomputed\train_256_stride_128\images\train_45_patch_0005.npy,C:\Users\gadda\Documents\FeatureFusionMoNuSAC\SDENet-Fusion\Datasets\Glas\precomputed\train_256_stride_128\masks\train_45_patch_0005.npy,0,519,256,256,522,775,522,775,21056,0.3212890625
train_45_patch_0006,train_45.bmp,C:\Users\gadda\Documents\FeatureFusionMoNuSAC\SDENet-Fusion\Datasets\Glas\precomputed\train_256_stride_128\images\train_45_patch_0006.npy,C:\Users\gadda\Documents\FeatureFusionMoNuSAC\SDENet-Fusion\Datasets\Glas\precomputed\train_256_stride_128\masks\train_45_patch_0006.npy,128,0,256,256,522,775,522,775,36982,0.564300537109375
train_45_patch_0007,train_45.bmp,C:\Users\gadda\Documents\FeatureFusionMoNuSAC\SDENet-Fusion\Datasets\Glas\precomputed\train_256_stride_128\images\train_45_patch_0007.npy,C:\Users\gadda\Documents\FeatureFusionMoNuSAC\SDENet-Fusion\Datasets\Glas\precomputed\train_256_stride_128\masks\train_45_patch_0007.npy,128,128,256,256,522,775,522,775,43496,0.6636962890625
train_45_patch_0008,train_45.bmp,C:\Users\gadda\Documents\FeatureFusionMoNuSAC\SDENet-Fusion\Datasets\Glas\precomputed\train_256_stride_128\images\train_45_patch_0008.npy,C:\Users\gadda\Documents\FeatureFusionMoNuSAC\SDENet-Fusion\Datasets\Glas\precomputed\train_256_stride_128\masks\train_45_patch_0008.npy,128,256,256,256,522,775,522,775,47440,0.723876953125
train_45_patch_0009,train_45.bmp,C:\Users\gadda\Documents\FeatureFusionMoNuSAC\SDENet-Fusion\Datasets\Glas\precomputed\train_256_stride_128\images\train_45_patch_0009.npy,C:\Users\gadda\Documents\FeatureFusionMoNuSAC\SDENet-Fusion\Datasets\Glas\precomputed\train_256_stride_128\masks\train_45_patch_0009.npy,128,384,256,256,522,775,522,775,39312,0.599853515625
train_45_patch_0010,train_45.bmp,C:\Users\gadda\Documents\FeatureFusionMoNuSAC\SDENet-Fusion\Datasets\Glas\precomputed\train_256_stride_128\images\train_45_patch_0010.npy,C:\Users\gadda\Documents\FeatureFusionMoNuSAC\SDENet-Fusion\Datasets\Glas\precomputed\train_256_stride_128\masks\train_45_patch_0010.npy,128,512,256,256,522,775,522,775,39553,0.6035308837890625
train_45_patch_0011,train_45.bmp,C:\Users\gadda\Documents\FeatureFusionMoNuSAC\SDENet-Fusion\Datasets\Glas\precomputed\train_256_stride_128\images\train_45_patch_0011.npy,C:\Users\gadda\Documents\FeatureFusionMoNuSAC\SDENet-Fusion\Datasets\Glas\precomputed\train_256_stride_128\masks\train_45_patch_0011.npy,128,519,256,256,522,775,522,775,38082,0.581085205078125
train_45_patch_0012,train_45.bmp,C:\Users\gadda\Documents\FeatureFusionMoNuSAC\SDENet-Fusion\Datasets\Glas\precomputed\train_256_stride_128\images\train_45_patch_0012.npy,C:\Users\gadda\Documents\FeatureFusionMoNuSAC\SDENet-Fusion\Datasets\Glas\precomputed\train_256_stride_128\masks\train_45_patch_0012.npy,256,0,256,256,522,775,522,775,10169,0.1551666259765625
train_45_patch_0013,train_45.bmp,C:\Users\gadda\Documents\FeatureFusionMoNuSAC\SDENet-Fusion\Datasets\Glas\precomputed\train_256_stride_128\images\train_45_patch_0013.npy,C:\Users\gadda\Documents\FeatureFusionMoNuSAC\SDENet-Fusion\Datasets\Glas\precomputed\train_256_stride_128\masks\train_45_patch_0013.npy,256,128,256,256,522,775,522,775,14707,0.2244110107421875
train_45_patch_0014,train_45.bmp,C:\Users\gadda\Documents\FeatureFusionMoNuSAC\SDENet-Fusion\Datasets\Glas\precomputed\train_256_stride_128\images\train_45_patch_0014.npy,C:\Users\gadda\Documents\FeatureFusionMoNuSAC\SDENet-Fusion\Datasets\Glas\precomputed\train_256_stride_128\masks\train_45_patch_0014.npy,256,256,256,256,522,775,522,775,33146,0.505767822265625
train_45_patch_0015,train_45.bmp,C:\Users\gadda\Documents\FeatureFusionMoNuSAC\SDENet-Fusion\Datasets\Glas\precomputed\train_256_stride_128\images\train_45_patch_0015.npy,C:\Users\gadda\Documents\FeatureFusionMoNuSAC\SDENet-Fusion\Datasets\Glas\precomputed\train_256_stride_128\masks\train_45_patch_0015.npy,256,384,256,256,522,775,522,775,34944,0.533203125
train_45_patch_0016,train_45.bmp,C:\Users\gadda\Documents\FeatureFusionMoNuSAC\SDENet-Fusion\Datasets\Glas\precomputed\train_256_stride_128\images\train_45_patch_0016.npy,C:\Users\gadda\Documents\FeatureFusionMoNuSAC\SDENet-Fusion\Datasets\Glas\precomputed\train_256_stride_128\masks\train_45_patch_0016.npy,256,512,256,256,522,775,522,775,34723,0.5298309326171875
train_45_patch_0017,train_45.bmp,C:\Users\gadda\Documents\FeatureFusionMoNuSAC\SDENet-Fusion\Datasets\Glas\precomputed\train_256_stride_128\images\train_45_patch_0017.npy,C:\Users\gadda\Documents\FeatureFusionMoNuSAC\SDENet-Fusion\Datasets\Glas\precomputed\train_256_stride_128\masks\train_45_patch_0017.npy,256,519,256,256,522,775,522,775,33207,0.5066986083984375
train_45_patch_0018,train_45.bmp,C:\Users\gadda\Documents\FeatureFusionMoNuSAC\SDENet-Fusion\Datasets\Glas\precomputed\train_256_stride_128\images\train_45_patch_0018.npy,C:\Users\gadda\Documents\FeatureFusionMoNuSAC\SDENet-Fusion\Datasets\Glas\precomputed\train_256_stride_128\masks\train_45_patch_0018.npy,266,0,256,256,522,775,522,775,8493,0.1295928955078125
train_45_patch_0019,train_45.bmp,C:\Users\gadda\Documents\FeatureFusionMoNuSAC\SDENet-Fusion\Datasets\Glas\precomputed\train_256_stride_128\images\train_45_patch_0019.npy,C:\Users\gadda\Documents\FeatureFusionMoNuSAC\SDENet-Fusion\Datasets\Glas\precomputed\train_256_stride_128\masks\train_45_patch_0019.npy,266,128,256,256,522,775,522,775,13031,0.1988372802734375
train_45_patch_0020,train_45.bmp,C:\Users\gadda\Documents\FeatureFusionMoNuSAC\SDENet-Fusion\Datasets\Glas\precomputed\train_256_stride_128\images\train_45_patch_0020.npy,C:\Users\gadda\Documents\FeatureFusionMoNuSAC\SDENet-Fusion\Datasets\Glas\precomputed\train_256_stride_128\masks\train_45_patch_0020.npy,266,256,256,256,522,775,522,775,31243,0.4767303466796875
train_45_patch_0021,train_45.bmp,C:\Users\gadda\Documents\FeatureFusionMoNuSAC\SDENet-Fusion\Datasets\Glas\precomputed\train_256_stride_128\images\train_45_patch_0021.npy,C:\Users\gadda\Documents\FeatureFusionMoNuSAC\SDENet-Fusion\Datasets\Glas\precomputed\train_256_stride_128\masks\train_45_patch_0021.npy,266,384,256,256,522,775,522,775,33026,0.503936767578125
train_45_patch_0022,train_45.bmp,C:\Users\gadda\Documents\FeatureFusionMoNuSAC\SDENet-Fusion\Datasets\Glas\precomputed\train_256_stride_128\images\train_45_patch_0022.npy,C:\Users\gadda\Documents\FeatureFusionMoNuSAC\SDENet-Fusion\Datasets\Glas\precomputed\train_256_stride_128\masks\train_45_patch_0022.npy,266,512,256,256,522,775,522,775,32513,0.4961090087890625
train_45_patch_0023,train_45.bmp,C:\Users\gadda\Documents\FeatureFusionMoNuSAC\SDENet-Fusion\Datasets\Glas\precomputed\train_256_stride_128\images\train_45_patch_0023.npy,C:\Users\gadda\Documents\FeatureFusionMoNuSAC\SDENet-Fusion\Datasets\Glas\precomputed\train_256_stride_128\masks\train_45_patch_0023.npy,266,519,256,256,522,775,522,775,31067,0.4740447998046875
train_46_patch_0000,train_46.bmp,C:\Users\gadda\Documents\FeatureFusionMoNuSAC\SDENet-Fusion\Datasets\Glas\precomputed\train_256_stride_128\images\train_46_patch_0000.npy,C:\Users\gadda\Documents\FeatureFusionMoNuSAC\SDENet-Fusion\Datasets\Glas\precomputed\train_256_stride_128\masks\train_46_patch_0000.npy,0,0,256,256,522,775,522,775,35901,0.5478057861328125
train_46_patch_0001,train_46.bmp,C:\Users\gadda\Documents\FeatureFusionMoNuSAC\SDENet-Fusion\Datasets\Glas\precomputed\train_256_stride_128\images\train_46_patch_0001.npy,C:\Users\gadda\Documents\FeatureFusionMoNuSAC\SDENet-Fusion\Datasets\Glas\precomputed\train_256_stride_128\masks\train_46_patch_0001.npy,0,128,256,256,522,775,522,775,37021,0.5648956298828125
train_46_patch_0002,train_46.bmp,C:\Users\gadda\Documents\FeatureFusionMoNuSAC\SDENet-Fusion\Datasets\Glas\precomputed\train_256_stride_128\images\train_46_patch_0002.npy,C:\Users\gadda\Documents\FeatureFusionMoNuSAC\SDENet-Fusion\Datasets\Glas\precomputed\train_256_stride_128\masks\train_46_patch_0002.npy,0,256,256,256,522,775,522,775,31865,0.4862213134765625
train_46_patch_0003,train_46.bmp,C:\Users\gadda\Documents\FeatureFusionMoNuSAC\SDENet-Fusion\Datasets\Glas\precomputed\train_256_stride_128\images\train_46_patch_0003.npy,C:\Users\gadda\Documents\FeatureFusionMoNuSAC\SDENet-Fusion\Datasets\Glas\precomputed\train_256_stride_128\masks\train_46_patch_0003.npy,0,384,256,256,522,775,522,775,23985,0.3659820556640625
train_46_patch_0004,train_46.bmp,C:\Users\gadda\Documents\FeatureFusionMoNuSAC\SDENet-Fusion\Datasets\Glas\precomputed\train_256_stride_128\images\train_46_patch_0004.npy,C:\Users\gadda\Documents\FeatureFusionMoNuSAC\SDENet-Fusion\Datasets\Glas\precomputed\train_256_stride_128\masks\train_46_patch_0004.npy,0,512,256,256,522,775,522,775,18588,0.28363037109375
train_46_patch_0005,train_46.bmp,C:\Users\gadda\Documents\FeatureFusionMoNuSAC\SDENet-Fusion\Datasets\Glas\precomputed\train_256_stride_128\images\train_46_patch_0005.npy,C:\Users\gadda\Documents\FeatureFusionMoNuSAC\SDENet-Fusion\Datasets\Glas\precomputed\train_256_stride_128\masks\train_46_patch_0005.npy,0,519,256,256,522,775,522,775,18010,0.274810791015625
train_46_patch_0006,train_46.bmp,C:\Users\gadda\Documents\FeatureFusionMoNuSAC\SDENet-Fusion\Datasets\Glas\precomputed\train_256_stride_128\images\train_46_patch_0006.npy,C:\Users\gadda\Documents\FeatureFusionMoNuSAC\SDENet-Fusion\Datasets\Glas\precomputed\train_256_stride_128\masks\train_46_patch_0006.npy,128,0,256,256,522,775,522,775,31480,0.4803466796875
train_46_patch_0007,train_46.bmp,C:\Users\gadda\Documents\FeatureFusionMoNuSAC\SDENet-Fusion\Datasets\Glas\precomputed\train_256_stride_128\images\train_46_patch_0007.npy,C:\Users\gadda\Documents\FeatureFusionMoNuSAC\SDENet-Fusion\Datasets\Glas\precomputed\train_256_stride_128\masks\train_46_patch_0007.npy,128,128,256,256,522,775,522,775,28180,0.42999267578125
train_46_patch_0008,train_46.bmp,C:\Users\gadda\Documents\FeatureFusionMoNuSAC\SDENet-Fusion\Datasets\Glas\precomputed\train_256_stride_128\images\train_46_patch_0008.npy,C:\Users\gadda\Documents\FeatureFusionMoNuSAC\SDENet-Fusion\Datasets\Glas\precomputed\train_256_stride_128\masks\train_46_patch_0008.npy,128,256,256,256,522,775,522,775,19597,0.2990264892578125
train_46_patch_0009,train_46.bmp,C:\Users\gadda\Documents\FeatureFusionMoNuSAC\SDENet-Fusion\Datasets\Glas\precomputed\train_256_stride_128\images\train_46_patch_0009.npy,C:\Users\gadda\Documents\FeatureFusionMoNuSAC\SDENet-Fusion\Datasets\Glas\precomputed\train_256_stride_128\masks\train_46_patch_0009.npy,128,384,256,256,522,775,522,775,5960,0.0909423828125
train_46_patch_0010,train_46.bmp,C:\Users\gadda\Documents\FeatureFusionMoNuSAC\SDENet-Fusion\Datasets\Glas\precomputed\train_256_stride_128\images\train_46_patch_0010.npy,C:\Users\gadda\Documents\FeatureFusionMoNuSAC\SDENet-Fusion\Datasets\Glas\precomputed\train_256_stride_128\masks\train_46_patch_0010.npy,128,512,256,256,522,775,522,775,13110,0.200042724609375
train_46_patch_0011,train_46.bmp,C:\Users\gadda\Documents\FeatureFusionMoNuSAC\SDENet-Fusion\Datasets\Glas\precomputed\train_256_stride_128\images\train_46_patch_0011.npy,C:\Users\gadda\Documents\FeatureFusionMoNuSAC\SDENet-Fusion\Datasets\Glas\precomputed\train_256_stride_128\masks\train_46_patch_0011.npy,128,519,256,256,522,775,522,775,13110,0.200042724609375
train_46_patch_0012,train_46.bmp,C:\Users\gadda\Documents\FeatureFusionMoNuSAC\SDENet-Fusion\Datasets\Glas\precomputed\train_256_stride_128\images\train_46_patch_0012.npy,C:\Users\gadda\Documents\FeatureFusionMoNuSAC\SDENet-Fusion\Datasets\Glas\precomputed\train_256_stride_128\masks\train_46_patch_0012.npy,256,0,256,256,522,775,522,775,36064,0.55029296875
train_46_patch_0013,train_46.bmp,C:\Users\gadda\Documents\FeatureFusionMoNuSAC\SDENet-Fusion\Datasets\Glas\precomputed\train_256_stride_128\images\train_46_patch_0013.npy,C:\Users\gadda\Documents\FeatureFusionMoNuSAC\SDENet-Fusion\Datasets\Glas\precomputed\train_256_stride_128\masks\train_46_patch_0013.npy,256,128,256,256,522,775,522,775,25371,0.3871307373046875
train_46_patch_0014,train_46.bmp,C:\Users\gadda\Documents\FeatureFusionMoNuSAC\SDENet-Fusion\Datasets\Glas\precomputed\train_256_stride_128\images\train_46_patch_0014.npy,C:\Users\gadda\Documents\FeatureFusionMoNuSAC\SDENet-Fusion\Datasets\Glas\precomputed\train_256_stride_128\masks\train_46_patch_0014.npy,256,256,256,256,522,775,522,775,23474,0.358184814453125
train_46_patch_0015,train_46.bmp,C:\Users\gadda\Documents\FeatureFusionMoNuSAC\SDENet-Fusion\Datasets\Glas\precomputed\train_256_stride_128\images\train_46_patch_0015.npy,C:\Users\gadda\Documents\FeatureFusionMoNuSAC\SDENet-Fusion\Datasets\Glas\precomputed\train_256_stride_128\masks\train_46_patch_0015.npy,256,384,256,256,522,775,522,775,13163,0.2008514404296875
train_46_patch_0016,train_46.bmp,C:\Users\gadda\Documents\FeatureFusionMoNuSAC\SDENet-Fusion\Datasets\Glas\precomputed\train_256_stride_128\images\train_46_patch_0016.npy,C:\Users\gadda\Documents\FeatureFusionMoNuSAC\SDENet-Fusion\Datasets\Glas\precomputed\train_256_stride_128\masks\train_46_patch_0016.npy,256,512,256,256,522,775,522,775,15086,0.230194091796875
train_46_patch_0017,train_46.bmp,C:\Users\gadda\Documents\FeatureFusionMoNuSAC\SDENet-Fusion\Datasets\Glas\precomputed\train_256_stride_128\images\train_46_patch_0017.npy,C:\Users\gadda\Documents\FeatureFusionMoNuSAC\SDENet-Fusion\Datasets\Glas\precomputed\train_256_stride_128\masks\train_46_patch_0017.npy,256,519,256,256,522,775,522,775,14595,0.2227020263671875
train_46_patch_0018,train_46.bmp,C:\Users\gadda\Documents\FeatureFusionMoNuSAC\SDENet-Fusion\Datasets\Glas\precomputed\train_256_stride_128\images\train_46_patch_0018.npy,C:\Users\gadda\Documents\FeatureFusionMoNuSAC\SDENet-Fusion\Datasets\Glas\precomputed\train_256_stride_128\masks\train_46_patch_0018.npy,266,0,256,256,522,775,522,775,36332,0.55438232421875
train_46_patch_0019,train_46.bmp,C:\Users\gadda\Documents\FeatureFusionMoNuSAC\SDENet-Fusion\Datasets\Glas\precomputed\train_256_stride_128\images\train_46_patch_0019.npy,C:\Users\gadda\Documents\FeatureFusionMoNuSAC\SDENet-Fusion\Datasets\Glas\precomputed\train_256_stride_128\masks\train_46_patch_0019.npy,266,128,256,256,522,775,522,775,25217,0.3847808837890625
train_46_patch_0020,train_46.bmp,C:\Users\gadda\Documents\FeatureFusionMoNuSAC\SDENet-Fusion\Datasets\Glas\precomputed\train_256_stride_128\images\train_46_patch_0020.npy,C:\Users\gadda\Documents\FeatureFusionMoNuSAC\SDENet-Fusion\Datasets\Glas\precomputed\train_256_stride_128\masks\train_46_patch_0020.npy,266,256,256,256,522,775,522,775,22914,0.349639892578125
train_46_patch_0021,train_46.bmp,C:\Users\gadda\Documents\FeatureFusionMoNuSAC\SDENet-Fusion\Datasets\Glas\precomputed\train_256_stride_128\images\train_46_patch_0021.npy,C:\Users\gadda\Documents\FeatureFusionMoNuSAC\SDENet-Fusion\Datasets\Glas\precomputed\train_256_stride_128\masks\train_46_patch_0021.npy,266,384,256,256,522,775,522,775,13087,0.1996917724609375
train_46_patch_0022,train_46.bmp,C:\Users\gadda\Documents\FeatureFusionMoNuSAC\SDENet-Fusion\Datasets\Glas\precomputed\train_256_stride_128\images\train_46_patch_0022.npy,C:\Users\gadda\Documents\FeatureFusionMoNuSAC\SDENet-Fusion\Datasets\Glas\precomputed\train_256_stride_128\masks\train_46_patch_0022.npy,266,512,256,256,522,775,522,775,15146,0.231109619140625
train_46_patch_0023,train_46.bmp,C:\Users\gadda\Documents\FeatureFusionMoNuSAC\SDENet-Fusion\Datasets\Glas\precomputed\train_256_stride_128\images\train_46_patch_0023.npy,C:\Users\gadda\Documents\FeatureFusionMoNuSAC\SDENet-Fusion\Datasets\Glas\precomputed\train_256_stride_128\masks\train_46_patch_0023.npy,266,519,256,256,522,775,522,775,14655,0.2236175537109375
train_47_patch_0000,train_47.bmp,C:\Users\gadda\Documents\FeatureFusionMoNuSAC\SDENet-Fusion\Datasets\Glas\precomputed\train_256_stride_128\images\train_47_patch_0000.npy,C:\Users\gadda\Documents\FeatureFusionMoNuSAC\SDENet-Fusion\Datasets\Glas\precomputed\train_256_stride_128\masks\train_47_patch_0000.npy,0,0,256,256,522,775,522,775,33,0.0005035400390625
train_47_patch_0001,train_47.bmp,C:\Users\gadda\Documents\FeatureFusionMoNuSAC\SDENet-Fusion\Datasets\Glas\precomputed\train_256_stride_128\images\train_47_patch_0001.npy,C:\Users\gadda\Documents\FeatureFusionMoNuSAC\SDENet-Fusion\Datasets\Glas\precomputed\train_256_stride_128\masks\train_47_patch_0001.npy,0,128,256,256,522,775,522,775,11219,0.1711883544921875
train_47_patch_0002,train_47.bmp,C:\Users\gadda\Documents\FeatureFusionMoNuSAC\SDENet-Fusion\Datasets\Glas\precomputed\train_256_stride_128\images\train_47_patch_0002.npy,C:\Users\gadda\Documents\FeatureFusionMoNuSAC\SDENet-Fusion\Datasets\Glas\precomputed\train_256_stride_128\masks\train_47_patch_0002.npy,0,256,256,256,522,775,522,775,29597,0.4516143798828125
train_47_patch_0003,train_47.bmp,C:\Users\gadda\Documents\FeatureFusionMoNuSAC\SDENet-Fusion\Datasets\Glas\precomputed\train_256_stride_128\images\train_47_patch_0003.npy,C:\Users\gadda\Documents\FeatureFusionMoNuSAC\SDENet-Fusion\Datasets\Glas\precomputed\train_256_stride_128\masks\train_47_patch_0003.npy,0,384,256,256,522,775,522,775,40539,0.6185760498046875
train_47_patch_0004,train_47.bmp,C:\Users\gadda\Documents\FeatureFusionMoNuSAC\SDENet-Fusion\Datasets\Glas\precomputed\train_256_stride_128\images\train_47_patch_0004.npy,C:\Users\gadda\Documents\FeatureFusionMoNuSAC\SDENet-Fusion\Datasets\Glas\precomputed\train_256_stride_128\masks\train_47_patch_0004.npy,0,512,256,256,522,775,522,775,42740,0.65216064453125
train_47_patch_0005,train_47.bmp,C:\Users\gadda\Documents\FeatureFusionMoNuSAC\SDENet-Fusion\Datasets\Glas\precomputed\train_256_stride_128\images\train_47_patch_0005.npy,C:\Users\gadda\Documents\FeatureFusionMoNuSAC\SDENet-Fusion\Datasets\Glas\precomputed\train_256_stride_128\masks\train_47_patch_0005.npy,0,519,256,256,522,775,522,775,42594,0.649932861328125
train_47_patch_0006,train_47.bmp,C:\Users\gadda\Documents\FeatureFusionMoNuSAC\SDENet-Fusion\Datasets\Glas\precomputed\train_256_stride_128\images\train_47_patch_0006.npy,C:\Users\gadda\Documents\FeatureFusionMoNuSAC\SDENet-Fusion\Datasets\Glas\precomputed\train_256_stride_128\masks\train_47_patch_0006.npy,128,0,256,256,522,775,522,775,0,0.0
train_47_patch_0007,train_47.bmp,C:\Users\gadda\Documents\FeatureFusionMoNuSAC\SDENet-Fusion\Datasets\Glas\precomputed\train_256_stride_128\images\train_47_patch_0007.npy,C:\Users\gadda\Documents\FeatureFusionMoNuSAC\SDENet-Fusion\Datasets\Glas\precomputed\train_256_stride_128\masks\train_47_patch_0007.npy,128,128,256,256,522,775,522,775,6029,0.0919952392578125
train_47_patch_0008,train_47.bmp,C:\Users\gadda\Documents\FeatureFusionMoNuSAC\SDENet-Fusion\Datasets\Glas\precomputed\train_256_stride_128\images\train_47_patch_0008.npy,C:\Users\gadda\Documents\FeatureFusionMoNuSAC\SDENet-Fusion\Datasets\Glas\precomputed\train_256_stride_128\masks\train_47_patch_0008.npy,128,256,256,256,522,775,522,775,18962,0.289337158203125
train_47_patch_0009,train_47.bmp,C:\Users\gadda\Documents\FeatureFusionMoNuSAC\SDENet-Fusion\Datasets\Glas\precomputed\train_256_stride_128\images\train_47_patch_0009.npy,C:\Users\gadda\Documents\FeatureFusionMoNuSAC\SDENet-Fusion\Datasets\Glas\precomputed\train_256_stride_128\masks\train_47_patch_0009.npy,128,384,256,256,522,775,522,775,37256,0.5684814453125
train_47_patch_0010,train_47.bmp,C:\Users\gadda\Documents\FeatureFusionMoNuSAC\SDENet-Fusion\Datasets\Glas\precomputed\train_256_stride_128\images\train_47_patch_0010.npy,C:\Users\gadda\Documents\FeatureFusionMoNuSAC\SDENet-Fusion\Datasets\Glas\precomputed\train_256_stride_128\masks\train_47_patch_0010.npy,128,512,256,256,522,775,522,775,54411,0.8302459716796875
train_47_patch_0011,train_47.bmp,C:\Users\gadda\Documents\FeatureFusionMoNuSAC\SDENet-Fusion\Datasets\Glas\precomputed\train_256_stride_128\images\train_47_patch_0011.npy,C:\Users\gadda\Documents\FeatureFusionMoNuSAC\SDENet-Fusion\Datasets\Glas\precomputed\train_256_stride_128\masks\train_47_patch_0011.npy,128,519,256,256,522,775,522,775,54909,0.8378448486328125
train_47_patch_0012,train_47.bmp,C:\Users\gadda\Documents\FeatureFusionMoNuSAC\SDENet-Fusion\Datasets\Glas\precomputed\train_256_stride_128\images\train_47_patch_0012.npy,C:\Users\gadda\Documents\FeatureFusionMoNuSAC\SDENet-Fusion\Datasets\Glas\precomputed\train_256_stride_128\masks\train_47_patch_0012.npy,256,0,256,256,522,775,522,775,0,0.0
train_47_patch_0013,train_47.bmp,C:\Users\gadda\Documents\FeatureFusionMoNuSAC\SDENet-Fusion\Datasets\Glas\precomputed\train_256_stride_128\images\train_47_patch_0013.npy,C:\Users\gadda\Documents\FeatureFusionMoNuSAC\SDENet-Fusion\Datasets\Glas\precomputed\train_256_stride_128\masks\train_47_patch_0013.npy,256,128,256,256,522,775,522,775,5457,0.0832672119140625
train_47_patch_0014,train_47.bmp,C:\Users\gadda\Documents\FeatureFusionMoNuSAC\SDENet-Fusion\Datasets\Glas\precomputed\train_256_stride_128\images\train_47_patch_0014.npy,C:\Users\gadda\Documents\FeatureFusionMoNuSAC\SDENet-Fusion\Datasets\Glas\precomputed\train_256_stride_128\masks\train_47_patch_0014.npy,256,256,256,256,522,775,522,775,25357,0.3869171142578125
train_47_patch_0015,train_47.bmp,C:\Users\gadda\Documents\FeatureFusionMoNuSAC\SDENet-Fusion\Datasets\Glas\precomputed\train_256_stride_128\images\train_47_patch_0015.npy,C:\Users\gadda\Documents\FeatureFusionMoNuSAC\SDENet-Fusion\Datasets\Glas\precomputed\train_256_stride_128\masks\train_47_patch_0015.npy,256,384,256,256,522,775,522,775,49715,0.7585906982421875
train_47_patch_0016,train_47.bmp,C:\Users\gadda\Documents\FeatureFusionMoNuSAC\SDENet-Fusion\Datasets\Glas\precomputed\train_256_stride_128\images\train_47_patch_0016.npy,C:\Users\gadda\Documents\FeatureFusionMoNuSAC\SDENet-Fusion\Datasets\Glas\precomputed\train_256_stride_128\masks\train_47_patch_0016.npy,256,512,256,256,522,775,522,775,60798,0.927703857421875
train_47_patch_0017,train_47.bmp,C:\Users\gadda\Documents\FeatureFusionMoNuSAC\SDENet-Fusion\Datasets\Glas\precomputed\train_256_stride_128\images\train_47_patch_0017.npy,C:\Users\gadda\Documents\FeatureFusionMoNuSAC\SDENet-Fusion\Datasets\Glas\precomputed\train_256_stride_128\masks\train_47_patch_0017.npy,256,519,256,256,522,775,522,775,60939,0.9298553466796875
train_47_patch_0018,train_47.bmp,C:\Users\gadda\Documents\FeatureFusionMoNuSAC\SDENet-Fusion\Datasets\Glas\precomputed\train_256_stride_128\images\train_47_patch_0018.npy,C:\Users\gadda\Documents\FeatureFusionMoNuSAC\SDENet-Fusion\Datasets\Glas\precomputed\train_256_stride_128\masks\train_47_patch_0018.npy,266,0,256,256,522,775,522,775,0,0.0
train_47_patch_0019,train_47.bmp,C:\Users\gadda\Documents\FeatureFusionMoNuSAC\SDENet-Fusion\Datasets\Glas\precomputed\train_256_stride_128\images\train_47_patch_0019.npy,C:\Users\gadda\Documents\FeatureFusionMoNuSAC\SDENet-Fusion\Datasets\Glas\precomputed\train_256_stride_128\masks\train_47_patch_0019.npy,266,128,256,256,522,775,522,775,5457,0.0832672119140625
train_47_patch_0020,train_47.bmp,C:\Users\gadda\Documents\FeatureFusionMoNuSAC\SDENet-Fusion\Datasets\Glas\precomputed\train_256_stride_128\images\train_47_patch_0020.npy,C:\Users\gadda\Documents\FeatureFusionMoNuSAC\SDENet-Fusion\Datasets\Glas\precomputed\train_256_stride_128\masks\train_47_patch_0020.npy,266,256,256,256,522,775,522,775,25617,0.3908843994140625
train_47_patch_0021,train_47.bmp,C:\Users\gadda\Documents\FeatureFusionMoNuSAC\SDENet-Fusion\Datasets\Glas\precomputed\train_256_stride_128\images\train_47_patch_0021.npy,C:\Users\gadda\Documents\FeatureFusionMoNuSAC\SDENet-Fusion\Datasets\Glas\precomputed\train_256_stride_128\masks\train_47_patch_0021.npy,266,384,256,256,522,775,522,775,50193,0.7658843994140625
train_47_patch_0022,train_47.bmp,C:\Users\gadda\Documents\FeatureFusionMoNuSAC\SDENet-Fusion\Datasets\Glas\precomputed\train_256_stride_128\images\train_47_patch_0022.npy,C:\Users\gadda\Documents\FeatureFusionMoNuSAC\SDENet-Fusion\Datasets\Glas\precomputed\train_256_stride_128\masks\train_47_patch_0022.npy,266,512,256,256,522,775,522,775,61016,0.9310302734375
train_47_patch_0023,train_47.bmp,C:\Users\gadda\Documents\FeatureFusionMoNuSAC\SDENet-Fusion\Datasets\Glas\precomputed\train_256_stride_128\images\train_47_patch_0023.npy,C:\Users\gadda\Documents\FeatureFusionMoNuSAC\SDENet-Fusion\Datasets\Glas\precomputed\train_256_stride_128\masks\train_47_patch_0023.npy,266,519,256,256,522,775,522,775,61081,0.9320220947265625
train_48_patch_0000,train_48.bmp,C:\Users\gadda\Documents\FeatureFusionMoNuSAC\SDENet-Fusion\Datasets\Glas\precomputed\train_256_stride_128\images\train_48_patch_0000.npy,C:\Users\gadda\Documents\FeatureFusionMoNuSAC\SDENet-Fusion\Datasets\Glas\precomputed\train_256_stride_128\masks\train_48_patch_0000.npy,0,0,256,256,522,775,522,775,52156,0.79583740234375
train_48_patch_0001,train_48.bmp,C:\Users\gadda\Documents\FeatureFusionMoNuSAC\SDENet-Fusion\Datasets\Glas\precomputed\train_256_stride_128\images\train_48_patch_0001.npy,C:\Users\gadda\Documents\FeatureFusionMoNuSAC\SDENet-Fusion\Datasets\Glas\precomputed\train_256_stride_128\masks\train_48_patch_0001.npy,0,128,256,256,522,775,522,775,41803,0.6378631591796875
train_48_patch_0002,train_48.bmp,C:\Users\gadda\Documents\FeatureFusionMoNuSAC\SDENet-Fusion\Datasets\Glas\precomputed\train_256_stride_128\images\train_48_patch_0002.npy,C:\Users\gadda\Documents\FeatureFusionMoNuSAC\SDENet-Fusion\Datasets\Glas\precomputed\train_256_stride_128\masks\train_48_patch_0002.npy,0,256,256,256,522,775,522,775,38718,0.590789794921875
train_48_patch_0003,train_48.bmp,C:\Users\gadda\Documents\FeatureFusionMoNuSAC\SDENet-Fusion\Datasets\Glas\precomputed\train_256_stride_128\images\train_48_patch_0003.npy,C:\Users\gadda\Documents\FeatureFusionMoNuSAC\SDENet-Fusion\Datasets\Glas\precomputed\train_256_stride_128\masks\train_48_patch_0003.npy,0,384,256,256,522,775,522,775,51248,0.781982421875
train_48_patch_0004,train_48.bmp,C:\Users\gadda\Documents\FeatureFusionMoNuSAC\SDENet-Fusion\Datasets\Glas\precomputed\train_256_stride_128\images\train_48_patch_0004.npy,C:\Users\gadda\Documents\FeatureFusionMoNuSAC\SDENet-Fusion\Datasets\Glas\precomputed\train_256_stride_128\masks\train_48_patch_0004.npy,0,512,256,256,522,775,522,775,56227,0.8579559326171875
train_48_patch_0005,train_48.bmp,C:\Users\gadda\Documents\FeatureFusionMoNuSAC\SDENet-Fusion\Datasets\Glas\precomputed\train_256_stride_128\images\train_48_patch_0005.npy,C:\Users\gadda\Documents\FeatureFusionMoNuSAC\SDENet-Fusion\Datasets\Glas\precomputed\train_256_stride_128\masks\train_48_patch_0005.npy,0,519,256,256,522,775,522,775,55963,0.8539276123046875
train_48_patch_0006,train_48.bmp,C:\Users\gadda\Documents\FeatureFusionMoNuSAC\SDENet-Fusion\Datasets\Glas\precomputed\train_256_stride_128\images\train_48_patch_0006.npy,C:\Users\gadda\Documents\FeatureFusionMoNuSAC\SDENet-Fusion\Datasets\Glas\precomputed\train_256_stride_128\masks\train_48_patch_0006.npy,128,0,256,256,522,775,522,775,63373,0.9669952392578125
train_48_patch_0007,train_48.bmp,C:\Users\gadda\Documents\FeatureFusionMoNuSAC\SDENet-Fusion\Datasets\Glas\precomputed\train_256_stride_128\images\train_48_patch_0007.npy,C:\Users\gadda\Documents\FeatureFusionMoNuSAC\SDENet-Fusion\Datasets\Glas\precomputed\train_256_stride_128\masks\train_48_patch_0007.npy,128,128,256,256,522,775,522,775,55441,0.8459625244140625
train_48_patch_0008,train_48.bmp,C:\Users\gadda\Documents\FeatureFusionMoNuSAC\SDENet-Fusion\Datasets\Glas\precomputed\train_256_stride_128\images\train_48_patch_0008.npy,C:\Users\gadda\Documents\FeatureFusionMoNuSAC\SDENet-Fusion\Datasets\Glas\precomputed\train_256_stride_128\masks\train_48_patch_0008.npy,128,256,256,256,522,775,522,775,46867,0.7151336669921875
train_48_patch_0009,train_48.bmp,C:\Users\gadda\Documents\FeatureFusionMoNuSAC\SDENet-Fusion\Datasets\Glas\precomputed\train_256_stride_128\images\train_48_patch_0009.npy,C:\Users\gadda\Documents\FeatureFusionMoNuSAC\SDENet-Fusion\Datasets\Glas\precomputed\train_256_stride_128\masks\train_48_patch_0009.npy,128,384,256,256,522,775,522,775,56444,0.86126708984375
train_48_patch_0010,train_48.bmp,C:\Users\gadda\Documents\FeatureFusionMoNuSAC\SDENet-Fusion\Datasets\Glas\precomputed\train_256_stride_128\images\train_48_patch_0010.npy,C:\Users\gadda\Documents\FeatureFusionMoNuSAC\SDENet-Fusion\Datasets\Glas\precomputed\train_256_stride_128\masks\train_48_patch_0010.npy,128,512,256,256,522,775,522,775,46325,0.7068634033203125
train_48_patch_0011,train_48.bmp,C:\Users\gadda\Documents\FeatureFusionMoNuSAC\SDENet-Fusion\Datasets\Glas\precomputed\train_256_stride_128\images\train_48_patch_0011.npy,C:\Users\gadda\Documents\FeatureFusionMoNuSAC\SDENet-Fusion\Datasets\Glas\precomputed\train_256_stride_128\masks\train_48_patch_0011.npy,128,519,256,256,522,775,522,775,44958,0.686004638671875
train_48_patch_0012,train_48.bmp,C:\Users\gadda\Documents\FeatureFusionMoNuSAC\SDENet-Fusion\Datasets\Glas\precomputed\train_256_stride_128\images\train_48_patch_0012.npy,C:\Users\gadda\Documents\FeatureFusionMoNuSAC\SDENet-Fusion\Datasets\Glas\precomputed\train_256_stride_128\masks\train_48_patch_0012.npy,256,0,256,256,522,775,522,775,46078,0.703094482421875
train_48_patch_0013,train_48.bmp,C:\Users\gadda\Documents\FeatureFusionMoNuSAC\SDENet-Fusion\Datasets\Glas\precomputed\train_256_stride_128\images\train_48_patch_0013.npy,C:\Users\gadda\Documents\FeatureFusionMoNuSAC\SDENet-Fusion\Datasets\Glas\precomputed\train_256_stride_128\masks\train_48_patch_0013.npy,256,128,256,256,522,775,522,775,41533,0.6337432861328125
train_48_patch_0014,train_48.bmp,C:\Users\gadda\Documents\FeatureFusionMoNuSAC\SDENet-Fusion\Datasets\Glas\precomputed\train_256_stride_128\images\train_48_patch_0014.npy,C:\Users\gadda\Documents\FeatureFusionMoNuSAC\SDENet-Fusion\Datasets\Glas\precomputed\train_256_stride_128\masks\train_48_patch_0014.npy,256,256,256,256,522,775,522,775,42448,0.647705078125
train_48_patch_0015,train_48.bmp,C:\Users\gadda\Documents\FeatureFusionMoNuSAC\SDENet-Fusion\Datasets\Glas\precomputed\train_256_stride_128\images\train_48_patch_0015.npy,C:\Users\gadda\Documents\FeatureFusionMoNuSAC\SDENet-Fusion\Datasets\Glas\precomputed\train_256_stride_128\masks\train_48_patch_0015.npy,256,384,256,256,522,775,522,775,57125,0.8716583251953125
train_48_patch_0016,train_48.bmp,C:\Users\gadda\Documents\FeatureFusionMoNuSAC\SDENet-Fusion\Datasets\Glas\precomputed\train_256_stride_128\images\train_48_patch_0016.npy,C:\Users\gadda\Documents\FeatureFusionMoNuSAC\SDENet-Fusion\Datasets\Glas\precomputed\train_256_stride_128\masks\train_48_patch_0016.npy,256,512,256,256,522,775,522,775,38508,0.58758544921875
train_48_patch_0017,train_48.bmp,C:\Users\gadda\Documents\FeatureFusionMoNuSAC\SDENet-Fusion\Datasets\Glas\precomputed\train_256_stride_128\images\train_48_patch_0017.npy,C:\Users\gadda\Documents\FeatureFusionMoNuSAC\SDENet-Fusion\Datasets\Glas\precomputed\train_256_stride_128\masks\train_48_patch_0017.npy,256,519,256,256,522,775,522,775,36716,0.56024169921875
train_48_patch_0018,train_48.bmp,C:\Users\gadda\Documents\FeatureFusionMoNuSAC\SDENet-Fusion\Datasets\Glas\precomputed\train_256_stride_128\images\train_48_patch_0018.npy,C:\Users\gadda\Documents\FeatureFusionMoNuSAC\SDENet-Fusion\Datasets\Glas\precomputed\train_256_stride_128\masks\train_48_patch_0018.npy,266,0,256,256,522,775,522,775,45456,0.693603515625
train_48_patch_0019,train_48.bmp,C:\Users\gadda\Documents\FeatureFusionMoNuSAC\SDENet-Fusion\Datasets\Glas\precomputed\train_256_stride_128\images\train_48_patch_0019.npy,C:\Users\gadda\Documents\FeatureFusionMoNuSAC\SDENet-Fusion\Datasets\Glas\precomputed\train_256_stride_128\masks\train_48_patch_0019.npy,266,128,256,256,522,775,522,775,41721,0.6366119384765625
train_48_patch_0020,train_48.bmp,C:\Users\gadda\Documents\FeatureFusionMoNuSAC\SDENet-Fusion\Datasets\Glas\precomputed\train_256_stride_128\images\train_48_patch_0020.npy,C:\Users\gadda\Documents\FeatureFusionMoNuSAC\SDENet-Fusion\Datasets\Glas\precomputed\train_256_stride_128\masks\train_48_patch_0020.npy,266,256,256,256,522,775,522,775,43758,0.667694091796875
train_48_patch_0021,train_48.bmp,C:\Users\gadda\Documents\FeatureFusionMoNuSAC\SDENet-Fusion\Datasets\Glas\precomputed\train_256_stride_128\images\train_48_patch_0021.npy,C:\Users\gadda\Documents\FeatureFusionMoNuSAC\SDENet-Fusion\Datasets\Glas\precomputed\train_256_stride_128\masks\train_48_patch_0021.npy,266,384,256,256,522,775,522,775,57349,0.8750762939453125
train_48_patch_0022,train_48.bmp,C:\Users\gadda\Documents\FeatureFusionMoNuSAC\SDENet-Fusion\Datasets\Glas\precomputed\train_256_stride_128\images\train_48_patch_0022.npy,C:\Users\gadda\Documents\FeatureFusionMoNuSAC\SDENet-Fusion\Datasets\Glas\precomputed\train_256_stride_128\masks\train_48_patch_0022.npy,266,512,256,256,522,775,522,775,37977,0.5794830322265625
train_48_patch_0023,train_48.bmp,C:\Users\gadda\Documents\FeatureFusionMoNuSAC\SDENet-Fusion\Datasets\Glas\precomputed\train_256_stride_128\images\train_48_patch_0023.npy,C:\Users\gadda\Documents\FeatureFusionMoNuSAC\SDENet-Fusion\Datasets\Glas\precomputed\train_256_stride_128\masks\train_48_patch_0023.npy,266,519,256,256,522,775,522,775,36255,0.5532073974609375
train_49_patch_0000,train_49.bmp,C:\Users\gadda\Documents\FeatureFusionMoNuSAC\SDENet-Fusion\Datasets\Glas\precomputed\train_256_stride_128\images\train_49_patch_0000.npy,C:\Users\gadda\Documents\FeatureFusionMoNuSAC\SDENet-Fusion\Datasets\Glas\precomputed\train_256_stride_128\masks\train_49_patch_0000.npy,0,0,256,256,522,775,522,775,27152,0.414306640625
train_49_patch_0001,train_49.bmp,C:\Users\gadda\Documents\FeatureFusionMoNuSAC\SDENet-Fusion\Datasets\Glas\precomputed\train_256_stride_128\images\train_49_patch_0001.npy,C:\Users\gadda\Documents\FeatureFusionMoNuSAC\SDENet-Fusion\Datasets\Glas\precomputed\train_256_stride_128\masks\train_49_patch_0001.npy,0,128,256,256,522,775,522,775,43475,0.6633758544921875
train_49_patch_0002,train_49.bmp,C:\Users\gadda\Documents\FeatureFusionMoNuSAC\SDENet-Fusion\Datasets\Glas\precomputed\train_256_stride_128\images\train_49_patch_0002.npy,C:\Users\gadda\Documents\FeatureFusionMoNuSAC\SDENet-Fusion\Datasets\Glas\precomputed\train_256_stride_128\masks\train_49_patch_0002.npy,0,256,256,256,522,775,522,775,47491,0.7246551513671875
train_49_patch_0003,train_49.bmp,C:\Users\gadda\Documents\FeatureFusionMoNuSAC\SDENet-Fusion\Datasets\Glas\precomputed\train_256_stride_128\images\train_49_patch_0003.npy,C:\Users\gadda\Documents\FeatureFusionMoNuSAC\SDENet-Fusion\Datasets\Glas\precomputed\train_256_stride_128\masks\train_49_patch_0003.npy,0,384,256,256,522,775,522,775,54350,0.829315185546875
train_49_patch_0004,train_49.bmp,C:\Users\gadda\Documents\FeatureFusionMoNuSAC\SDENet-Fusion\Datasets\Glas\precomputed\train_256_stride_128\images\train_49_patch_0004.npy,C:\Users\gadda\Documents\FeatureFusionMoNuSAC\SDENet-Fusion\Datasets\Glas\precomputed\train_256_stride_128\masks\train_49_patch_0004.npy,0,512,256,256,522,775,522,775,56172,0.85711669921875
train_49_patch_0005,train_49.bmp,C:\Users\gadda\Documents\FeatureFusionMoNuSAC\SDENet-Fusion\Datasets\Glas\precomputed\train_256_stride_128\images\train_49_patch_0005.npy,C:\Users\gadda\Documents\FeatureFusionMoNuSAC\SDENet-Fusion\Datasets\Glas\precomputed\train_256_stride_128\masks\train_49_patch_0005.npy,0,519,256,256,522,775,522,775,56310,0.859222412109375
train_49_patch_0006,train_49.bmp,C:\Users\gadda\Documents\FeatureFusionMoNuSAC\SDENet-Fusion\Datasets\Glas\precomputed\train_256_stride_128\images\train_49_patch_0006.npy,C:\Users\gadda\Documents\FeatureFusionMoNuSAC\SDENet-Fusion\Datasets\Glas\precomputed\train_256_stride_128\masks\train_49_patch_0006.npy,128,0,256,256,522,775,522,775,12172,0.18572998046875
train_49_patch_0007,train_49.bmp,C:\Users\gadda\Documents\FeatureFusionMoNuSAC\SDENet-Fusion\Datasets\Glas\precomputed\train_256_stride_128\images\train_49_patch_0007.npy,C:\Users\gadda\Documents\FeatureFusionMoNuSAC\SDENet-Fusion\Datasets\Glas\precomputed\train_256_stride_128\masks\train_49_patch_0007.npy,128,128,256,256,522,775,522,775,34670,0.529022216796875
train_49_patch_0008,train_49.bmp,C:\Users\gadda\Documents\FeatureFusionMoNuSAC\SDENet-Fusion\Datasets\Glas\precomputed\train_256_stride_128\images\train_49_patch_0008.npy,C:\Users\gadda\Documents\FeatureFusionMoNuSAC\SDENet-Fusion\Datasets\Glas\precomputed\train_256_stride_128\masks\train_49_patch_0008.npy,128,256,256,256,522,775,522,775,48248,0.7362060546875
train_49_patch_0009,train_49.bmp,C:\Users\gadda\Documents\FeatureFusionMoNuSAC\SDENet-Fusion\Datasets\Glas\precomputed\train_256_stride_128\images\train_49_patch_0009.npy,C:\Users\gadda\Documents\FeatureFusionMoNuSAC\SDENet-Fusion\Datasets\Glas\precomputed\train_256_stride_128\masks\train_49_patch_0009.npy,128,384,256,256,522,775,522,775,55573,0.8479766845703125
train_49_patch_0010,train_49.bmp,C:\Users\gadda\Documents\FeatureFusionMoNuSAC\SDENet-Fusion\Datasets\Glas\precomputed\train_256_stride_128\images\train_49_patch_0010.npy,C:\Users\gadda\Documents\FeatureFusionMoNuSAC\SDENet-Fusion\Datasets\Glas\precomputed\train_256_stride_128\masks\train_49_patch_0010.npy,128,512,256,256,522,775,522,775,49660,0.75775146484375
train_49_patch_0011,train_49.bmp,C:\Users\gadda\Documents\FeatureFusionMoNuSAC\SDENet-Fusion\Datasets\Glas\precomputed\train_256_stride_128\images\train_49_patch_0011.npy,C:\Users\gadda\Documents\FeatureFusionMoNuSAC\SDENet-Fusion\Datasets\Glas\precomputed\train_256_stride_128\masks\train_49_patch_0011.npy,128,519,256,256,522,775,522,775,49584,0.756591796875
train_49_patch_0012,train_49.bmp,C:\Users\gadda\Documents\FeatureFusionMoNuSAC\SDENet-Fusion\Datasets\Glas\precomputed\train_256_stride_128\images\train_49_patch_0012.npy,C:\Users\gadda\Documents\FeatureFusionMoNuSAC\SDENet-Fusion\Datasets\Glas\precomputed\train_256_stride_128\masks\train_49_patch_0012.npy,256,0,256,256,522,775,522,775,20729,0.3162994384765625
train_49_patch_0013,train_49.bmp,C:\Users\gadda\Documents\FeatureFusionMoNuSAC\SDENet-Fusion\Datasets\Glas\precomputed\train_256_stride_128\images\train_49_patch_0013.npy,C:\Users\gadda\Documents\FeatureFusionMoNuSAC\SDENet-Fusion\Datasets\Glas\precomputed\train_256_stride_128\masks\train_49_patch_0013.npy,256,128,256,256,522,775,522,775,52942,0.807830810546875
train_49_patch_0014,train_49.bmp,C:\Users\gadda\Documents\FeatureFusionMoNuSAC\SDENet-Fusion\Datasets\Glas\precomputed\train_256_stride_128\images\train_49_patch_0014.npy,C:\Users\gadda\Documents\FeatureFusionMoNuSAC\SDENet-Fusion\Datasets\Glas\precomputed\train_256_stride_128\masks\train_49_patch_0014.npy,256,256,256,256,522,775,522,775,58600,0.8941650390625
train_49_patch_0015,train_49.bmp,C:\Users\gadda\Documents\FeatureFusionMoNuSAC\SDENet-Fusion\Datasets\Glas\precomputed\train_256_stride_128\images\train_49_patch_0015.npy,C:\Users\gadda\Documents\FeatureFusionMoNuSAC\SDENet-Fusion\Datasets\Glas\precomputed\train_256_stride_128\masks\train_49_patch_0015.npy,256,384,256,256,522,775,522,775,57406,0.875946044921875
train_49_patch_0016,train_49.bmp,C:\Users\gadda\Documents\FeatureFusionMoNuSAC\SDENet-Fusion\Datasets\Glas\precomputed\train_256_stride_128\images\train_49_patch_0016.npy,C:\Users\gadda\Documents\FeatureFusionMoNuSAC\SDENet-Fusion\Datasets\Glas\precomputed\train_256_stride_128\masks\train_49_patch_0016.npy,256,512,256,256,522,775,522,775,46392,0.7078857421875
train_49_patch_0017,train_49.bmp,C:\Users\gadda\Documents\FeatureFusionMoNuSAC\SDENet-Fusion\Datasets\Glas\precomputed\train_256_stride_128\images\train_49_patch_0017.npy,C:\Users\gadda\Documents\FeatureFusionMoNuSAC\SDENet-Fusion\Datasets\Glas\precomputed\train_256_stride_128\masks\train_49_patch_0017.npy,256,519,256,256,522,775,522,775,45709,0.6974639892578125
train_49_patch_0018,train_49.bmp,C:\Users\gadda\Documents\FeatureFusionMoNuSAC\SDENet-Fusion\Datasets\Glas\precomputed\train_256_stride_128\images\train_49_patch_0018.npy,C:\Users\gadda\Documents\FeatureFusionMoNuSAC\SDENet-Fusion\Datasets\Glas\precomputed\train_256_stride_128\masks\train_49_patch_0018.npy,266,0,256,256,522,775,522,775,22165,0.3382110595703125
train_49_patch_0019,train_49.bmp,C:\Users\gadda\Documents\FeatureFusionMoNuSAC\SDENet-Fusion\Datasets\Glas\precomputed\train_256_stride_128\images\train_49_patch_0019.npy,C:\Users\gadda\Documents\FeatureFusionMoNuSAC\SDENet-Fusion\Datasets\Glas\precomputed\train_256_stride_128\masks\train_49_patch_0019.npy,266,128,256,256,522,775,522,775,54670,0.834197998046875
train_49_patch_0020,train_49.bmp,C:\Users\gadda\Documents\FeatureFusionMoNuSAC\SDENet-Fusion\Datasets\Glas\precomputed\train_256_stride_128\images\train_49_patch_0020.npy,C:\Users\gadda\Documents\FeatureFusionMoNuSAC\SDENet-Fusion\Datasets\Glas\precomputed\train_256_stride_128\masks\train_49_patch_0020.npy,266,256,256,256,522,775,522,775,59056,0.901123046875
train_49_patch_0021,train_49.bmp,C:\Users\gadda\Documents\FeatureFusionMoNuSAC\SDENet-Fusion\Datasets\Glas\precomputed\train_256_stride_128\images\train_49_patch_0021.npy,C:\Users\gadda\Documents\FeatureFusionMoNuSAC\SDENet-Fusion\Datasets\Glas\precomputed\train_256_stride_128\masks\train_49_patch_0021.npy,266,384,256,256,522,775,522,775,57123,0.8716278076171875
train_49_patch_0022,train_49.bmp,C:\Users\gadda\Documents\FeatureFusionMoNuSAC\SDENet-Fusion\Datasets\Glas\precomputed\train_256_stride_128\images\train_49_patch_0022.npy,C:\Users\gadda\Documents\FeatureFusionMoNuSAC\SDENet-Fusion\Datasets\Glas\precomputed\train_256_stride_128\masks\train_49_patch_0022.npy,266,512,256,256,522,775,522,775,45561,0.6952056884765625
train_49_patch_0023,train_49.bmp,C:\Users\gadda\Documents\FeatureFusionMoNuSAC\SDENet-Fusion\Datasets\Glas\precomputed\train_256_stride_128\images\train_49_patch_0023.npy,C:\Users\gadda\Documents\FeatureFusionMoNuSAC\SDENet-Fusion\Datasets\Glas\precomputed\train_256_stride_128\masks\train_49_patch_0023.npy,266,519,256,256,522,775,522,775,44832,0.68408203125
train_5_patch_0000,train_5.bmp,C:\Users\gadda\Documents\FeatureFusionMoNuSAC\SDENet-Fusion\Datasets\Glas\precomputed\train_256_stride_128\images\train_5_patch_0000.npy,C:\Users\gadda\Documents\FeatureFusionMoNuSAC\SDENet-Fusion\Datasets\Glas\precomputed\train_256_stride_128\masks\train_5_patch_0000.npy,0,0,256,256,522,775,522,775,35006,0.534149169921875
train_5_patch_0001,train_5.bmp,C:\Users\gadda\Documents\FeatureFusionMoNuSAC\SDENet-Fusion\Datasets\Glas\precomputed\train_256_stride_128\images\train_5_patch_0001.npy,C:\Users\gadda\Documents\FeatureFusionMoNuSAC\SDENet-Fusion\Datasets\Glas\precomputed\train_256_stride_128\masks\train_5_patch_0001.npy,0,128,256,256,522,775,522,775,21866,0.333648681640625
train_5_patch_0002,train_5.bmp,C:\Users\gadda\Documents\FeatureFusionMoNuSAC\SDENet-Fusion\Datasets\Glas\precomputed\train_256_stride_128\images\train_5_patch_0002.npy,C:\Users\gadda\Documents\FeatureFusionMoNuSAC\SDENet-Fusion\Datasets\Glas\precomputed\train_256_stride_128\masks\train_5_patch_0002.npy,0,256,256,256,522,775,522,775,27973,0.4268341064453125
train_5_patch_0003,train_5.bmp,C:\Users\gadda\Documents\FeatureFusionMoNuSAC\SDENet-Fusion\Datasets\Glas\precomputed\train_256_stride_128\images\train_5_patch_0003.npy,C:\Users\gadda\Documents\FeatureFusionMoNuSAC\SDENet-Fusion\Datasets\Glas\precomputed\train_256_stride_128\masks\train_5_patch_0003.npy,0,384,256,256,522,775,522,775,48025,0.7328033447265625
train_5_patch_0004,train_5.bmp,C:\Users\gadda\Documents\FeatureFusionMoNuSAC\SDENet-Fusion\Datasets\Glas\precomputed\train_256_stride_128\images\train_5_patch_0004.npy,C:\Users\gadda\Documents\FeatureFusionMoNuSAC\SDENet-Fusion\Datasets\Glas\precomputed\train_256_stride_128\masks\train_5_patch_0004.npy,0,512,256,256,522,775,522,775,55162,0.841705322265625
train_5_patch_0005,train_5.bmp,C:\Users\gadda\Documents\FeatureFusionMoNuSAC\SDENet-Fusion\Datasets\Glas\precomputed\train_256_stride_128\images\train_5_patch_0005.npy,C:\Users\gadda\Documents\FeatureFusionMoNuSAC\SDENet-Fusion\Datasets\Glas\precomputed\train_256_stride_128\masks\train_5_patch_0005.npy,0,519,256,256,522,775,522,775,55304,0.8438720703125
train_5_patch_0006,train_5.bmp,C:\Users\gadda\Documents\FeatureFusionMoNuSAC\SDENet-Fusion\Datasets\Glas\precomputed\train_256_stride_128\images\train_5_patch_0006.npy,C:\Users\gadda\Documents\FeatureFusionMoNuSAC\SDENet-Fusion\Datasets\Glas\precomputed\train_256_stride_128\masks\train_5_patch_0006.npy,128,0,256,256,522,775,522,775,33402,0.509674072265625
train_5_patch_0007,train_5.bmp,C:\Users\gadda\Documents\FeatureFusionMoNuSAC\SDENet-Fusion\Datasets\Glas\precomputed\train_256_stride_128\images\train_5_patch_0007.npy,C:\Users\gadda\Documents\FeatureFusionMoNuSAC\SDENet-Fusion\Datasets\Glas\precomputed\train_256_stride_128\masks\train_5_patch_0007.npy,128,128,256,256,522,775,522,775,30878,0.471160888671875
train_5_patch_0008,train_5.bmp,C:\Users\gadda\Documents\FeatureFusionMoNuSAC\SDENet-Fusion\Datasets\Glas\precomputed\train_256_stride_128\images\train_5_patch_0008.npy,C:\Users\gadda\Documents\FeatureFusionMoNuSAC\SDENet-Fusion\Datasets\Glas\precomputed\train_256_stride_128\masks\train_5_patch_0008.npy,128,256,256,256,522,775,522,775,36990,0.564422607421875
train_5_patch_0009,train_5.bmp,C:\Users\gadda\Documents\FeatureFusionMoNuSAC\SDENet-Fusion\Datasets\Glas\precomputed\train_256_stride_128\images\train_5_patch_0009.npy,C:\Users\gadda\Documents\FeatureFusionMoNuSAC\SDENet-Fusion\Datasets\Glas\precomputed\train_256_stride_128\masks\train_5_patch_0009.npy,128,384,256,256,522,775,522,775,40271,0.6144866943359375
train_5_patch_0010,train_5.bmp,C:\Users\gadda\Documents\FeatureFusionMoNuSAC\SDENet-Fusion\Datasets\Glas\precomputed\train_256_stride_128\images\train_5_patch_0010.npy,C:\Users\gadda\Documents\FeatureFusionMoNuSAC\SDENet-Fusion\Datasets\Glas\precomputed\train_256_stride_128\masks\train_5_patch_0010.npy,128,512,256,256,522,775,522,775,33510,0.511322021484375
train_5_patch_0011,train_5.bmp,C:\Users\gadda\Documents\FeatureFusionMoNuSAC\SDENet-Fusion\Datasets\Glas\precomputed\train_256_stride_128\images\train_5_patch_0011.npy,C:\Users\gadda\Documents\FeatureFusionMoNuSAC\SDENet-Fusion\Datasets\Glas\precomputed\train_256_stride_128\masks\train_5_patch_0011.npy,128,519,256,256,522,775,522,775,33076,0.50469970703125
train_5_patch_0012,train_5.bmp,C:\Users\gadda\Documents\FeatureFusionMoNuSAC\SDENet-Fusion\Datasets\Glas\precomputed\train_256_stride_128\images\train_5_patch_0012.npy,C:\Users\gadda\Documents\FeatureFusionMoNuSAC\SDENet-Fusion\Datasets\Glas\precomputed\train_256_stride_128\masks\train_5_patch_0012.npy,256,0,256,256,522,775,522,775,34191,0.5217132568359375
train_5_patch_0013,train_5.bmp,C:\Users\gadda\Documents\FeatureFusionMoNuSAC\SDENet-Fusion\Datasets\Glas\precomputed\train_256_stride_128\images\train_5_patch_0013.npy,C:\Users\gadda\Documents\FeatureFusionMoNuSAC\SDENet-Fusion\Datasets\Glas\precomputed\train_256_stride_128\masks\train_5_patch_0013.npy,256,128,256,256,522,775,522,775,30438,0.464447021484375
train_5_patch_0014,train_5.bmp,C:\Users\gadda\Documents\FeatureFusionMoNuSAC\SDENet-Fusion\Datasets\Glas\precomputed\train_256_stride_128\images\train_5_patch_0014.npy,C:\Users\gadda\Documents\FeatureFusionMoNuSAC\SDENet-Fusion\Datasets\Glas\precomputed\train_256_stride_128\masks\train_5_patch_0014.npy,256,256,256,256,522,775,522,775,23209,0.3541412353515625
train_5_patch_0015,train_5.bmp,C:\Users\gadda\Documents\FeatureFusionMoNuSAC\SDENet-Fusion\Datasets\Glas\precomputed\train_256_stride_128\images\train_5_patch_0015.npy,C:\Users\gadda\Documents\FeatureFusionMoNuSAC\SDENet-Fusion\Datasets\Glas\precomputed\train_256_stride_128\masks\train_5_patch_0015.npy,256,384,256,256,522,775,522,775,26615,0.4061126708984375
train_5_patch_0016,train_5.bmp,C:\Users\gadda\Documents\FeatureFusionMoNuSAC\SDENet-Fusion\Datasets\Glas\precomputed\train_256_stride_128\images\train_5_patch_0016.npy,C:\Users\gadda\Documents\FeatureFusionMoNuSAC\SDENet-Fusion\Datasets\Glas\precomputed\train_256_stride_128\masks\train_5_patch_0016.npy,256,512,256,256,522,775,522,775,20779,0.3170623779296875
train_5_patch_0017,train_5.bmp,C:\Users\gadda\Documents\FeatureFusionMoNuSAC\SDENet-Fusion\Datasets\Glas\precomputed\train_256_stride_128\images\train_5_patch_0017.npy,C:\Users\gadda\Documents\FeatureFusionMoNuSAC\SDENet-Fusion\Datasets\Glas\precomputed\train_256_stride_128\masks\train_5_patch_0017.npy,256,519,256,256,522,775,522,775,20126,0.307098388671875
train_5_patch_0018,train_5.bmp,C:\Users\gadda\Documents\FeatureFusionMoNuSAC\SDENet-Fusion\Datasets\Glas\precomputed\train_256_stride_128\images\train_5_patch_0018.npy,C:\Users\gadda\Documents\FeatureFusionMoNuSAC\SDENet-Fusion\Datasets\Glas\precomputed\train_256_stride_128\masks\train_5_patch_0018.npy,266,0,256,256,522,775,522,775,33502,0.511199951171875
train_5_patch_0019,train_5.bmp,C:\Users\gadda\Documents\FeatureFusionMoNuSAC\SDENet-Fusion\Datasets\Glas\precomputed\train_256_stride_128\images\train_5_patch_0019.npy,C:\Users\gadda\Documents\FeatureFusionMoNuSAC\SDENet-Fusion\Datasets\Glas\precomputed\train_256_stride_128\masks\train_5_patch_0019.npy,266,128,256,256,522,775,522,775,29737,0.4537506103515625
train_5_patch_0020,train_5.bmp,C:\Users\gadda\Documents\FeatureFusionMoNuSAC\SDENet-Fusion\Datasets\Glas\precomputed\train_256_stride_128\images\train_5_patch_0020.npy,C:\Users\gadda\Documents\FeatureFusionMoNuSAC\SDENet-Fusion\Datasets\Glas\precomputed\train_256_stride_128\masks\train_5_patch_0020.npy,266,256,256,256,522,775,522,775,23455,0.3578948974609375
train_5_patch_0021,train_5.bmp,C:\Users\gadda\Documents\FeatureFusionMoNuSAC\SDENet-Fusion\Datasets\Glas\precomputed\train_256_stride_128\images\train_5_patch_0021.npy,C:\Users\gadda\Documents\FeatureFusionMoNuSAC\SDENet-Fusion\Datasets\Glas\precomputed\train_256_stride_128\masks\train_5_patch_0021.npy,266,384,256,256,522,775,522,775,27087,0.4133148193359375
train_5_patch_0022,train_5.bmp,C:\Users\gadda\Documents\FeatureFusionMoNuSAC\SDENet-Fusion\Datasets\Glas\precomputed\train_256_stride_128\images\train_5_patch_0022.npy,C:\Users\gadda\Documents\FeatureFusionMoNuSAC\SDENet-Fusion\Datasets\Glas\precomputed\train_256_stride_128\masks\train_5_patch_0022.npy,266,512,256,256,522,775,522,775,20754,0.316680908203125
train_5_patch_0023,train_5.bmp,C:\Users\gadda\Documents\FeatureFusionMoNuSAC\SDENet-Fusion\Datasets\Glas\precomputed\train_256_stride_128\images\train_5_patch_0023.npy,C:\Users\gadda\Documents\FeatureFusionMoNuSAC\SDENet-Fusion\Datasets\Glas\precomputed\train_256_stride_128\masks\train_5_patch_0023.npy,266,519,256,256,522,775,522,775,20031,0.3056488037109375
train_50_patch_0000,train_50.bmp,C:\Users\gadda\Documents\FeatureFusionMoNuSAC\SDENet-Fusion\Datasets\Glas\precomputed\train_256_stride_128\images\train_50_patch_0000.npy,C:\Users\gadda\Documents\FeatureFusionMoNuSAC\SDENet-Fusion\Datasets\Glas\precomputed\train_256_stride_128\masks\train_50_patch_0000.npy,0,0,256,256,453,589,453,589,36681,0.5597076416015625
train_50_patch_0001,train_50.bmp,C:\Users\gadda\Documents\FeatureFusionMoNuSAC\SDENet-Fusion\Datasets\Glas\precomputed\train_256_stride_128\images\train_50_patch_0001.npy,C:\Users\gadda\Documents\FeatureFusionMoNuSAC\SDENet-Fusion\Datasets\Glas\precomputed\train_256_stride_128\masks\train_50_patch_0001.npy,0,128,256,256,453,589,453,589,44245,0.6751251220703125
train_50_patch_0002,train_50.bmp,C:\Users\gadda\Documents\FeatureFusionMoNuSAC\SDENet-Fusion\Datasets\Glas\precomputed\train_256_stride_128\images\train_50_patch_0002.npy,C:\Users\gadda\Documents\FeatureFusionMoNuSAC\SDENet-Fusion\Datasets\Glas\precomputed\train_256_stride_128\masks\train_50_patch_0002.npy,0,256,256,256,453,589,453,589,45742,0.697967529296875
train_50_patch_0003,train_50.bmp,C:\Users\gadda\Documents\FeatureFusionMoNuSAC\SDENet-Fusion\Datasets\Glas\precomputed\train_256_stride_128\images\train_50_patch_0003.npy,C:\Users\gadda\Documents\FeatureFusionMoNuSAC\SDENet-Fusion\Datasets\Glas\precomputed\train_256_stride_128\masks\train_50_patch_0003.npy,0,333,256,256,453,589,453,589,28688,0.437744140625
train_50_patch_0004,train_50.bmp,C:\Users\gadda\Documents\FeatureFusionMoNuSAC\SDENet-Fusion\Datasets\Glas\precomputed\train_256_stride_128\images\train_50_patch_0004.npy,C:\Users\gadda\Documents\FeatureFusionMoNuSAC\SDENet-Fusion\Datasets\Glas\precomputed\train_256_stride_128\masks\train_50_patch_0004.npy,128,0,256,256,453,589,453,589,43469,0.6632843017578125
train_50_patch_0005,train_50.bmp,C:\Users\gadda\Documents\FeatureFusionMoNuSAC\SDENet-Fusion\Datasets\Glas\precomputed\train_256_stride_128\images\train_50_patch_0005.npy,C:\Users\gadda\Documents\FeatureFusionMoNuSAC\SDENet-Fusion\Datasets\Glas\precomputed\train_256_stride_128\masks\train_50_patch_0005.npy,128,128,256,256,453,589,453,589,48142,0.734588623046875
train_50_patch_0006,train_50.bmp,C:\Users\gadda\Documents\FeatureFusionMoNuSAC\SDENet-Fusion\Datasets\Glas\precomputed\train_256_stride_128\images\train_50_patch_0006.npy,C:\Users\gadda\Documents\FeatureFusionMoNuSAC\SDENet-Fusion\Datasets\Glas\precomputed\train_256_stride_128\masks\train_50_patch_0006.npy,128,256,256,256,453,589,453,589,44398,0.677459716796875
train_50_patch_0007,train_50.bmp,C:\Users\gadda\Documents\FeatureFusionMoNuSAC\SDENet-Fusion\Datasets\Glas\precomputed\train_256_stride_128\images\train_50_patch_0007.npy,C:\Users\gadda\Documents\FeatureFusionMoNuSAC\SDENet-Fusion\Datasets\Glas\precomputed\train_256_stride_128\masks\train_50_patch_0007.npy,128,333,256,256,453,589,453,589,27227,0.4154510498046875
train_50_patch_0008,train_50.bmp,C:\Users\gadda\Documents\FeatureFusionMoNuSAC\SDENet-Fusion\Datasets\Glas\precomputed\train_256_stride_128\images\train_50_patch_0008.npy,C:\Users\gadda\Documents\FeatureFusionMoNuSAC\SDENet-Fusion\Datasets\Glas\precomputed\train_256_stride_128\masks\train_50_patch_0008.npy,197,0,256,256,453,589,453,589,47265,0.7212066650390625
train_50_patch_0009,train_50.bmp,C:\Users\gadda\Documents\FeatureFusionMoNuSAC\SDENet-Fusion\Datasets\Glas\precomputed\train_256_stride_128\images\train_50_patch_0009.npy,C:\Users\gadda\Documents\FeatureFusionMoNuSAC\SDENet-Fusion\Datasets\Glas\precomputed\train_256_stride_128\masks\train_50_patch_0009.npy,197,128,256,256,453,589,453,589,44425,0.6778717041015625
train_50_patch_0010,train_50.bmp,C:\Users\gadda\Documents\FeatureFusionMoNuSAC\SDENet-Fusion\Datasets\Glas\precomputed\train_256_stride_128\images\train_50_patch_0010.npy,C:\Users\gadda\Documents\FeatureFusionMoNuSAC\SDENet-Fusion\Datasets\Glas\precomputed\train_256_stride_128\masks\train_50_patch_0010.npy,197,256,256,256,453,589,453,589,32739,0.4995574951171875
train_50_patch_0011,train_50.bmp,C:\Users\gadda\Documents\FeatureFusionMoNuSAC\SDENet-Fusion\Datasets\Glas\precomputed\train_256_stride_128\images\train_50_patch_0011.npy,C:\Users\gadda\Documents\FeatureFusionMoNuSAC\SDENet-Fusion\Datasets\Glas\precomputed\train_256_stride_128\masks\train_50_patch_0011.npy,197,333,256,256,453,589,453,589,24192,0.369140625
train_51_patch_0000,train_51.bmp,C:\Users\gadda\Documents\FeatureFusionMoNuSAC\SDENet-Fusion\Datasets\Glas\precomputed\train_256_stride_128\images\train_51_patch_0000.npy,C:\Users\gadda\Documents\FeatureFusionMoNuSAC\SDENet-Fusion\Datasets\Glas\precomputed\train_256_stride_128\masks\train_51_patch_0000.npy,0,0,256,256,522,775,522,775,34375,0.5245208740234375
train_51_patch_0001,train_51.bmp,C:\Users\gadda\Documents\FeatureFusionMoNuSAC\SDENet-Fusion\Datasets\Glas\precomputed\train_256_stride_128\images\train_51_patch_0001.npy,C:\Users\gadda\Documents\FeatureFusionMoNuSAC\SDENet-Fusion\Datasets\Glas\precomputed\train_256_stride_128\masks\train_51_patch_0001.npy,0,128,256,256,522,775,522,775,48731,0.7435760498046875
train_51_patch_0002,train_51.bmp,C:\Users\gadda\Documents\FeatureFusionMoNuSAC\SDENet-Fusion\Datasets\Glas\precomputed\train_256_stride_128\images\train_51_patch_0002.npy,C:\Users\gadda\Documents\FeatureFusionMoNuSAC\SDENet-Fusion\Datasets\Glas\precomputed\train_256_stride_128\masks\train_51_patch_0002.npy,0,256,256,256,522,775,522,775,43346,0.661407470703125
train_51_patch_0003,train_51.bmp,C:\Users\gadda\Documents\FeatureFusionMoNuSAC\SDENet-Fusion\Datasets\Glas\precomputed\train_256_stride_128\images\train_51_patch_0003.npy,C:\Users\gadda\Documents\FeatureFusionMoNuSAC\SDENet-Fusion\Datasets\Glas\precomputed\train_256_stride_128\masks\train_51_patch_0003.npy,0,384,256,256,522,775,522,775,40454,0.617279052734375
train_51_patch_0004,train_51.bmp,C:\Users\gadda\Documents\FeatureFusionMoNuSAC\SDENet-Fusion\Datasets\Glas\precomputed\train_256_stride_128\images\train_51_patch_0004.npy,C:\Users\gadda\Documents\FeatureFusionMoNuSAC\SDENet-Fusion\Datasets\Glas\precomputed\train_256_stride_128\masks\train_51_patch_0004.npy,0,512,256,256,522,775,522,775,46023,0.7022552490234375
train_51_patch_0005,train_51.bmp,C:\Users\gadda\Documents\FeatureFusionMoNuSAC\SDENet-Fusion\Datasets\Glas\precomputed\train_256_stride_128\images\train_51_patch_0005.npy,C:\Users\gadda\Documents\FeatureFusionMoNuSAC\SDENet-Fusion\Datasets\Glas\precomputed\train_256_stride_128\masks\train_51_patch_0005.npy,0,519,256,256,522,775,522,775,46596,0.71099853515625
train_51_patch_0006,train_51.bmp,C:\Users\gadda\Documents\FeatureFusionMoNuSAC\SDENet-Fusion\Datasets\Glas\precomputed\train_256_stride_128\images\train_51_patch_0006.npy,C:\Users\gadda\Documents\FeatureFusionMoNuSAC\SDENet-Fusion\Datasets\Glas\precomputed\train_256_stride_128\masks\train_51_patch_0006.npy,128,0,256,256,522,775,522,775,30212,0.46099853515625
train_51_patch_0007,train_51.bmp,C:\Users\gadda\Documents\FeatureFusionMoNuSAC\SDENet-Fusion\Datasets\Glas\precomputed\train_256_stride_128\images\train_51_patch_0007.npy,C:\Users\gadda\Documents\FeatureFusionMoNuSAC\SDENet-Fusion\Datasets\Glas\precomputed\train_256_stride_128\masks\train_51_patch_0007.npy,128,128,256,256,522,775,522,775,48594,0.741485595703125
train_51_patch_0008,train_51.bmp,C:\Users\gadda\Documents\FeatureFusionMoNuSAC\SDENet-Fusion\Datasets\Glas\precomputed\train_256_stride_128\images\train_51_patch_0008.npy,C:\Users\gadda\Documents\FeatureFusionMoNuSAC\SDENet-Fusion\Datasets\Glas\precomputed\train_256_stride_128\masks\train_51_patch_0008.npy,128,256,256,256,522,775,522,775,47506,0.724884033203125
train_51_patch_0009,train_51.bmp,C:\Users\gadda\Documents\FeatureFusionMoNuSAC\SDENet-Fusion\Datasets\Glas\precomputed\train_256_stride_128\images\train_51_patch_0009.npy,C:\Users\gadda\Documents\FeatureFusionMoNuSAC\SDENet-Fusion\Datasets\Glas\precomputed\train_256_stride_128\masks\train_51_patch_0009.npy,128,384,256,256,522,775,522,775,49079,0.7488861083984375
train_51_patch_0010,train_51.bmp,C:\Users\gadda\Documents\FeatureFusionMoNuSAC\SDENet-Fusion\Datasets\Glas\precomputed\train_256_stride_128\images\train_51_patch_0010.npy,C:\Users\gadda\Documents\FeatureFusionMoNuSAC\SDENet-Fusion\Datasets\Glas\precomputed\train_256_stride_128\masks\train_51_patch_0010.npy,128,512,256,256,522,775,522,775,46803,0.7141571044921875
train_51_patch_0011,train_51.bmp,C:\Users\gadda\Documents\FeatureFusionMoNuSAC\SDENet-Fusion\Datasets\Glas\precomputed\train_256_stride_128\images\train_51_patch_0011.npy,C:\Users\gadda\Documents\FeatureFusionMoNuSAC\SDENet-Fusion\Datasets\Glas\precomputed\train_256_stride_128\masks\train_51_patch_0011.npy,128,519,256,256,522,775,522,775,46812,0.71429443359375
train_51_patch_0012,train_51.bmp,C:\Users\gadda\Documents\FeatureFusionMoNuSAC\SDENet-Fusion\Datasets\Glas\precomputed\train_256_stride_128\images\train_51_patch_0012.npy,C:\Users\gadda\Documents\FeatureFusionMoNuSAC\SDENet-Fusion\Datasets\Glas\precomputed\train_256_stride_128\masks\train_51_patch_0012.npy,256,0,256,256,522,775,522,775,18928,0.288818359375
train_51_patch_0013,train_51.bmp,C:\Users\gadda\Documents\FeatureFusionMoNuSAC\SDENet-Fusion\Datasets\Glas\precomputed\train_256_stride_128\images\train_51_patch_0013.npy,C:\Users\gadda\Documents\FeatureFusionMoNuSAC\SDENet-Fusion\Datasets\Glas\precomputed\train_256_stride_128\masks\train_51_patch_0013.npy,256,128,256,256,522,775,522,775,37249,0.5683746337890625
train_51_patch_0014,train_51.bmp,C:\Users\gadda\Documents\FeatureFusionMoNuSAC\SDENet-Fusion\Datasets\Glas\precomputed\train_256_stride_128\images\train_51_patch_0014.npy,C:\Users\gadda\Documents\FeatureFusionMoNuSAC\SDENet-Fusion\Datasets\Glas\precomputed\train_256_stride_128\masks\train_51_patch_0014.npy,256,256,256,256,522,775,522,775,44375,0.6771087646484375
train_51_patch_0015,train_51.bmp,C:\Users\gadda\Documents\FeatureFusionMoNuSAC\SDENet-Fusion\Datasets\Glas\precomputed\train_256_stride_128\images\train_51_patch_0015.npy,C:\Users\gadda\Documents\FeatureFusionMoNuSAC\SDENet-Fusion\Datasets\Glas\precomputed\train_256_stride_128\masks\train_51_patch_0015.npy,256,384,256,256,522,775,522,775,46859,0.7150115966796875
train_51_patch_0016,train_51.bmp,C:\Users\gadda\Documents\FeatureFusionMoNuSAC\SDENet-Fusion\Datasets\Glas\precomputed\train_256_stride_128\images\train_51_patch_0016.npy,C:\Users\gadda\Documents\FeatureFusionMoNuSAC\SDENet-Fusion\Datasets\Glas\precomputed\train_256_stride_128\masks\train_51_patch_0016.npy,256,512,256,256,522,775,522,775,46275,0.7061004638671875
train_51_patch_0017,train_51.bmp,C:\Users\gadda\Documents\FeatureFusionMoNuSAC\SDENet-Fusion\Datasets\Glas\precomputed\train_256_stride_128\images\train_51_patch_0017.npy,C:\Users\gadda\Documents\FeatureFusionMoNuSAC\SDENet-Fusion\Datasets\Glas\precomputed\train_256_stride_128\masks\train_51_patch_0017.npy,256,519,256,256,522,775,522,775,46334,0.707000732421875
train_51_patch_0018,train_51.bmp,C:\Users\gadda\Documents\FeatureFusionMoNuSAC\SDENet-Fusion\Datasets\Glas\precomputed\train_256_stride_128\images\train_51_patch_0018.npy,C:\Users\gadda\Documents\FeatureFusionMoNuSAC\SDENet-Fusion\Datasets\Glas\precomputed\train_256_stride_128\masks\train_51_patch_0018.npy,266,0,256,256,522,775,522,775,17804,0.27166748046875
train_51_patch_0019,train_51.bmp,C:\Users\gadda\Documents\FeatureFusionMoNuSAC\SDENet-Fusion\Datasets\Glas\precomputed\train_256_stride_128\images\train_51_patch_0019.npy,C:\Users\gadda\Documents\FeatureFusionMoNuSAC\SDENet-Fusion\Datasets\Glas\precomputed\train_256_stride_128\masks\train_51_patch_0019.npy,266,128,256,256,522,775,522,775,35816,0.5465087890625
train_51_patch_0020,train_51.bmp,C:\Users\gadda\Documents\FeatureFusionMoNuSAC\SDENet-Fusion\Datasets\Glas\precomputed\train_256_stride_128\images\train_51_patch_0020.npy,C:\Users\gadda\Documents\FeatureFusionMoNuSAC\SDENet-Fusion\Datasets\Glas\precomputed\train_256_stride_128\masks\train_51_patch_0020.npy,266,256,256,256,522,775,522,775,44678,0.681732177734375
train_51_patch_0021,train_51.bmp,C:\Users\gadda\Documents\FeatureFusionMoNuSAC\SDENet-Fusion\Datasets\Glas\precomputed\train_256_stride_128\images\train_51_patch_0021.npy,C:\Users\gadda\Documents\FeatureFusionMoNuSAC\SDENet-Fusion\Datasets\Glas\precomputed\train_256_stride_128\masks\train_51_patch_0021.npy,266,384,256,256,522,775,522,775,47852,0.73016357421875
train_51_patch_0022,train_51.bmp,C:\Users\gadda\Documents\FeatureFusionMoNuSAC\SDENet-Fusion\Datasets\Glas\precomputed\train_256_stride_128\images\train_51_patch_0022.npy,C:\Users\gadda\Documents\FeatureFusionMoNuSAC\SDENet-Fusion\Datasets\Glas\precomputed\train_256_stride_128\masks\train_51_patch_0022.npy,266,512,256,256,522,775,522,775,46860,0.71502685546875
train_51_patch_0023,train_51.bmp,C:\Users\gadda\Documents\FeatureFusionMoNuSAC\SDENet-Fusion\Datasets\Glas\precomputed\train_256_stride_128\images\train_51_patch_0023.npy,C:\Users\gadda\Documents\FeatureFusionMoNuSAC\SDENet-Fusion\Datasets\Glas\precomputed\train_256_stride_128\masks\train_51_patch_0023.npy,266,519,256,256,522,775,522,775,46983,0.7169036865234375
train_52_patch_0000,train_52.bmp,C:\Users\gadda\Documents\FeatureFusionMoNuSAC\SDENet-Fusion\Datasets\Glas\precomputed\train_256_stride_128\images\train_52_patch_0000.npy,C:\Users\gadda\Documents\FeatureFusionMoNuSAC\SDENet-Fusion\Datasets\Glas\precomputed\train_256_stride_128\masks\train_52_patch_0000.npy,0,0,256,256,522,775,522,775,16228,0.24761962890625
train_52_patch_0001,train_52.bmp,C:\Users\gadda\Documents\FeatureFusionMoNuSAC\SDENet-Fusion\Datasets\Glas\precomputed\train_256_stride_128\images\train_52_patch_0001.npy,C:\Users\gadda\Documents\FeatureFusionMoNuSAC\SDENet-Fusion\Datasets\Glas\precomputed\train_256_stride_128\masks\train_52_patch_0001.npy,0,128,256,256,522,775,522,775,23940,0.36529541015625
train_52_patch_0002,train_52.bmp,C:\Users\gadda\Documents\FeatureFusionMoNuSAC\SDENet-Fusion\Datasets\Glas\precomputed\train_256_stride_128\images\train_52_patch_0002.npy,C:\Users\gadda\Documents\FeatureFusionMoNuSAC\SDENet-Fusion\Datasets\Glas\precomputed\train_256_stride_128\masks\train_52_patch_0002.npy,0,256,256,256,522,775,522,775,11949,0.1823272705078125
train_52_patch_0003,train_52.bmp,C:\Users\gadda\Documents\FeatureFusionMoNuSAC\SDENet-Fusion\Datasets\Glas\precomputed\train_256_stride_128\images\train_52_patch_0003.npy,C:\Users\gadda\Documents\FeatureFusionMoNuSAC\SDENet-Fusion\Datasets\Glas\precomputed\train_256_stride_128\masks\train_52_patch_0003.npy,0,384,256,256,522,775,522,775,0,0.0
train_52_patch_0004,train_52.bmp,C:\Users\gadda\Documents\FeatureFusionMoNuSAC\SDENet-Fusion\Datasets\Glas\precomputed\train_256_stride_128\images\train_52_patch_0004.npy,C:\Users\gadda\Documents\FeatureFusionMoNuSAC\SDENet-Fusion\Datasets\Glas\precomputed\train_256_stride_128\masks\train_52_patch_0004.npy,0,512,256,256,522,775,522,775,0,0.0
train_52_patch_0005,train_52.bmp,C:\Users\gadda\Documents\FeatureFusionMoNuSAC\SDENet-Fusion\Datasets\Glas\precomputed\train_256_stride_128\images\train_52_patch_0005.npy,C:\Users\gadda\Documents\FeatureFusionMoNuSAC\SDENet-Fusion\Datasets\Glas\precomputed\train_256_stride_128\masks\train_52_patch_0005.npy,0,519,256,256,522,775,522,775,0,0.0
train_52_patch_0006,train_52.bmp,C:\Users\gadda\Documents\FeatureFusionMoNuSAC\SDENet-Fusion\Datasets\Glas\precomputed\train_256_stride_128\images\train_52_patch_0006.npy,C:\Users\gadda\Documents\FeatureFusionMoNuSAC\SDENet-Fusion\Datasets\Glas\precomputed\train_256_stride_128\masks\train_52_patch_0006.npy,128,0,256,256,522,775,522,775,12311,0.1878509521484375
train_52_patch_0007,train_52.bmp,C:\Users\gadda\Documents\FeatureFusionMoNuSAC\SDENet-Fusion\Datasets\Glas\precomputed\train_256_stride_128\images\train_52_patch_0007.npy,C:\Users\gadda\Documents\FeatureFusionMoNuSAC\SDENet-Fusion\Datasets\Glas\precomputed\train_256_stride_128\masks\train_52_patch_0007.npy,128,128,256,256,522,775,522,775,22849,0.3486480712890625
train_52_patch_0008,train_52.bmp,C:\Users\gadda\Documents\FeatureFusionMoNuSAC\SDENet-Fusion\Datasets\Glas\precomputed\train_256_stride_128\images\train_52_patch_0008.npy,C:\Users\gadda\Documents\FeatureFusionMoNuSAC\SDENet-Fusion\Datasets\Glas\precomputed\train_256_stride_128\masks\train_52_patch_0008.npy,128,256,256,256,522,775,522,775,13078,0.199554443359375
train_52_patch_0009,train_52.bmp,C:\Users\gadda\Documents\FeatureFusionMoNuSAC\SDENet-Fusion\Datasets\Glas\precomputed\train_256_stride_128\images\train_52_patch_0009.npy,C:\Users\gadda\Documents\FeatureFusionMoNuSAC\SDENet-Fusion\Datasets\Glas\precomputed\train_256_stride_128\masks\train_52_patch_0009.npy,128,384,256,256,522,775,522,775,0,0.0
train_52_patch_0010,train_52.bmp,C:\Users\gadda\Documents\FeatureFusionMoNuSAC\SDENet-Fusion\Datasets\Glas\precomputed\train_256_stride_128\images\train_52_patch_0010.npy,C:\Users\gadda\Documents\FeatureFusionMoNuSAC\SDENet-Fusion\Datasets\Glas\precomputed\train_256_stride_128\masks\train_52_patch_0010.npy,128,512,256,256,522,775,522,775,0,0.0
train_52_patch_0011,train_52.bmp,C:\Users\gadda\Documents\FeatureFusionMoNuSAC\SDENet-Fusion\Datasets\Glas\precomputed\train_256_stride_128\images\train_52_patch_0011.npy,C:\Users\gadda\Documents\FeatureFusionMoNuSAC\SDENet-Fusion\Datasets\Glas\precomputed\train_256_stride_128\masks\train_52_patch_0011.npy,128,519,256,256,522,775,522,775,0,0.0
train_52_patch_0012,train_52.bmp,C:\Users\gadda\Documents\FeatureFusionMoNuSAC\SDENet-Fusion\Datasets\Glas\precomputed\train_256_stride_128\images\train_52_patch_0012.npy,C:\Users\gadda\Documents\FeatureFusionMoNuSAC\SDENet-Fusion\Datasets\Glas\precomputed\train_256_stride_128\masks\train_52_patch_0012.npy,256,0,256,256,522,775,522,775,16743,0.2554779052734375
train_52_patch_0013,train_52.bmp,C:\Users\gadda\Documents\FeatureFusionMoNuSAC\SDENet-Fusion\Datasets\Glas\precomputed\train_256_stride_128\images\train_52_patch_0013.npy,C:\Users\gadda\Documents\FeatureFusionMoNuSAC\SDENet-Fusion\Datasets\Glas\precomputed\train_256_stride_128\masks\train_52_patch_0013.npy,256,128,256,256,522,775,522,775,10706,0.163360595703125
train_52_patch_0014,train_52.bmp,C:\Users\gadda\Documents\FeatureFusionMoNuSAC\SDENet-Fusion\Datasets\Glas\precomputed\train_256_stride_128\images\train_52_patch_0014.npy,C:\Users\gadda\Documents\FeatureFusionMoNuSAC\SDENet-Fusion\Datasets\Glas\precomputed\train_256_stride_128\masks\train_52_patch_0014.npy,256,256,256,256,522,775,522,775,2738,0.041778564453125
train_52_patch_0015,train_52.bmp,C:\Users\gadda\Documents\FeatureFusionMoNuSAC\SDENet-Fusion\Datasets\Glas\precomputed\train_256_stride_128\images\train_52_patch_0015.npy,C:\Users\gadda\Documents\FeatureFusionMoNuSAC\SDENet-Fusion\Datasets\Glas\precomputed\train_256_stride_128\masks\train_52_patch_0015.npy,256,384,256,256,522,775,522,775,0,0.0
train_52_patch_0016,train_52.bmp,C:\Users\gadda\Documents\FeatureFusionMoNuSAC\SDENet-Fusion\Datasets\Glas\precomputed\train_256_stride_128\images\train_52_patch_0016.npy,C:\Users\gadda\Documents\FeatureFusionMoNuSAC\SDENet-Fusion\Datasets\Glas\precomputed\train_256_stride_128\masks\train_52_patch_0016.npy,256,512,256,256,522,775,522,775,0,0.0
train_52_patch_0017,train_52.bmp,C:\Users\gadda\Documents\FeatureFusionMoNuSAC\SDENet-Fusion\Datasets\Glas\precomputed\train_256_stride_128\images\train_52_patch_0017.npy,C:\Users\gadda\Documents\FeatureFusionMoNuSAC\SDENet-Fusion\Datasets\Glas\precomputed\train_256_stride_128\masks\train_52_patch_0017.npy,256,519,256,256,522,775,522,775,0,0.0
train_52_patch_0018,train_52.bmp,C:\Users\gadda\Documents\FeatureFusionMoNuSAC\SDENet-Fusion\Datasets\Glas\precomputed\train_256_stride_128\images\train_52_patch_0018.npy,C:\Users\gadda\Documents\FeatureFusionMoNuSAC\SDENet-Fusion\Datasets\Glas\precomputed\train_256_stride_128\masks\train_52_patch_0018.npy,266,0,256,256,522,775,522,775,16739,0.2554168701171875
train_52_patch_0019,train_52.bmp,C:\Users\gadda\Documents\FeatureFusionMoNuSAC\SDENet-Fusion\Datasets\Glas\precomputed\train_256_stride_128\images\train_52_patch_0019.npy,C:\Users\gadda\Documents\FeatureFusionMoNuSAC\SDENet-Fusion\Datasets\Glas\precomputed\train_256_stride_128\masks\train_52_patch_0019.npy,266,128,256,256,522,775,522,775,9795,0.1494598388671875
train_52_patch_0020,train_52.bmp,C:\Users\gadda\Documents\FeatureFusionMoNuSAC\SDENet-Fusion\Datasets\Glas\precomputed\train_256_stride_128\images\train_52_patch_0020.npy,C:\Users\gadda\Documents\FeatureFusionMoNuSAC\SDENet-Fusion\Datasets\Glas\precomputed\train_256_stride_128\masks\train_52_patch_0020.npy,266,256,256,256,522,775,522,775,1831,0.0279388427734375
train_52_patch_0021,train_52.bmp,C:\Users\gadda\Documents\FeatureFusionMoNuSAC\SDENet-Fusion\Datasets\Glas\precomputed\train_256_stride_128\images\train_52_patch_0021.npy,C:\Users\gadda\Documents\FeatureFusionMoNuSAC\SDENet-Fusion\Datasets\Glas\precomputed\train_256_stride_128\masks\train_52_patch_0021.npy,266,384,256,256,522,775,522,775,0,0.0
train_52_patch_0022,train_52.bmp,C:\Users\gadda\Documents\FeatureFusionMoNuSAC\SDENet-Fusion\Datasets\Glas\precomputed\train_256_stride_128\images\train_52_patch_0022.npy,C:\Users\gadda\Documents\FeatureFusionMoNuSAC\SDENet-Fusion\Datasets\Glas\precomputed\train_256_stride_128\masks\train_52_patch_0022.npy,266,512,256,256,522,775,522,775,0,0.0
train_52_patch_0023,train_52.bmp,C:\Users\gadda\Documents\FeatureFusionMoNuSAC\SDENet-Fusion\Datasets\Glas\precomputed\train_256_stride_128\images\train_52_patch_0023.npy,C:\Users\gadda\Documents\FeatureFusionMoNuSAC\SDENet-Fusion\Datasets\Glas\precomputed\train_256_stride_128\masks\train_52_patch_0023.npy,266,519,256,256,522,775,522,775,0,0.0
train_53_patch_0000,train_53.bmp,C:\Users\gadda\Documents\FeatureFusionMoNuSAC\SDENet-Fusion\Datasets\Glas\precomputed\train_256_stride_128\images\train_53_patch_0000.npy,C:\Users\gadda\Documents\FeatureFusionMoNuSAC\SDENet-Fusion\Datasets\Glas\precomputed\train_256_stride_128\masks\train_53_patch_0000.npy,0,0,256,256,522,775,522,775,44923,0.6854705810546875
train_53_patch_0001,train_53.bmp,C:\Users\gadda\Documents\FeatureFusionMoNuSAC\SDENet-Fusion\Datasets\Glas\precomputed\train_256_stride_128\images\train_53_patch_0001.npy,C:\Users\gadda\Documents\FeatureFusionMoNuSAC\SDENet-Fusion\Datasets\Glas\precomputed\train_256_stride_128\masks\train_53_patch_0001.npy,0,128,256,256,522,775,522,775,37471,0.5717620849609375
train_53_patch_0002,train_53.bmp,C:\Users\gadda\Documents\FeatureFusionMoNuSAC\SDENet-Fusion\Datasets\Glas\precomputed\train_256_stride_128\images\train_53_patch_0002.npy,C:\Users\gadda\Documents\FeatureFusionMoNuSAC\SDENet-Fusion\Datasets\Glas\precomputed\train_256_stride_128\masks\train_53_patch_0002.npy,0,256,256,256,522,775,522,775,37852,0.57757568359375
train_53_patch_0003,train_53.bmp,C:\Users\gadda\Documents\FeatureFusionMoNuSAC\SDENet-Fusion\Datasets\Glas\precomputed\train_256_stride_128\images\train_53_patch_0003.npy,C:\Users\gadda\Documents\FeatureFusionMoNuSAC\SDENet-Fusion\Datasets\Glas\precomputed\train_256_stride_128\masks\train_53_patch_0003.npy,0,384,256,256,522,775,522,775,35458,0.541046142578125
train_53_patch_0004,train_53.bmp,C:\Users\gadda\Documents\FeatureFusionMoNuSAC\SDENet-Fusion\Datasets\Glas\precomputed\train_256_stride_128\images\train_53_patch_0004.npy,C:\Users\gadda\Documents\FeatureFusionMoNuSAC\SDENet-Fusion\Datasets\Glas\precomputed\train_256_stride_128\masks\train_53_patch_0004.npy,0,512,256,256,522,775,522,775,27373,0.4176788330078125
train_53_patch_0005,train_53.bmp,C:\Users\gadda\Documents\FeatureFusionMoNuSAC\SDENet-Fusion\Datasets\Glas\precomputed\train_256_stride_128\images\train_53_patch_0005.npy,C:\Users\gadda\Documents\FeatureFusionMoNuSAC\SDENet-Fusion\Datasets\Glas\precomputed\train_256_stride_128\masks\train_53_patch_0005.npy,0,519,256,256,522,775,522,775,27329,0.4170074462890625
train_53_patch_0006,train_53.bmp,C:\Users\gadda\Documents\FeatureFusionMoNuSAC\SDENet-Fusion\Datasets\Glas\precomputed\train_256_stride_128\images\train_53_patch_0006.npy,C:\Users\gadda\Documents\FeatureFusionMoNuSAC\SDENet-Fusion\Datasets\Glas\precomputed\train_256_stride_128\masks\train_53_patch_0006.npy,128,0,256,256,522,775,522,775,44340,0.67657470703125
train_53_patch_0007,train_53.bmp,C:\Users\gadda\Documents\FeatureFusionMoNuSAC\SDENet-Fusion\Datasets\Glas\precomputed\train_256_stride_128\images\train_53_patch_0007.npy,C:\Users\gadda\Documents\FeatureFusionMoNuSAC\SDENet-Fusion\Datasets\Glas\precomputed\train_256_stride_128\masks\train_53_patch_0007.npy,128,128,256,256,522,775,522,775,34949,0.5332794189453125
train_53_patch_0008,train_53.bmp,C:\Users\gadda\Documents\FeatureFusionMoNuSAC\SDENet-Fusion\Datasets\Glas\precomputed\train_256_stride_128\images\train_53_patch_0008.npy,C:\Users\gadda\Documents\FeatureFusionMoNuSAC\SDENet-Fusion\Datasets\Glas\precomputed\train_256_stride_128\masks\train_53_patch_0008.npy,128,256,256,256,522,775,522,775,32895,0.5019378662109375
train_53_patch_0009,train_53.bmp,C:\Users\gadda\Documents\FeatureFusionMoNuSAC\SDENet-Fusion\Datasets\Glas\precomputed\train_256_stride_128\images\train_53_patch_0009.npy,C:\Users\gadda\Documents\FeatureFusionMoNuSAC\SDENet-Fusion\Datasets\Glas\precomputed\train_256_stride_128\masks\train_53_patch_0009.npy,128,384,256,256,522,775,522,775,36111,0.5510101318359375
train_53_patch_0010,train_53.bmp,C:\Users\gadda\Documents\FeatureFusionMoNuSAC\SDENet-Fusion\Datasets\Glas\precomputed\train_256_stride_128\images\train_53_patch_0010.npy,C:\Users\gadda\Documents\FeatureFusionMoNuSAC\SDENet-Fusion\Datasets\Glas\precomputed\train_256_stride_128\masks\train_53_patch_0010.npy,128,512,256,256,522,775,522,775,26916,0.41070556640625
train_53_patch_0011,train_53.bmp,C:\Users\gadda\Documents\FeatureFusionMoNuSAC\SDENet-Fusion\Datasets\Glas\precomputed\train_256_stride_128\images\train_53_patch_0011.npy,C:\Users\gadda\Documents\FeatureFusionMoNuSAC\SDENet-Fusion\Datasets\Glas\precomputed\train_256_stride_128\masks\train_53_patch_0011.npy,128,519,256,256,522,775,522,775,27776,0.423828125
train_53_patch_0012,train_53.bmp,C:\Users\gadda\Documents\FeatureFusionMoNuSAC\SDENet-Fusion\Datasets\Glas\precomputed\train_256_stride_128\images\train_53_patch_0012.npy,C:\Users\gadda\Documents\FeatureFusionMoNuSAC\SDENet-Fusion\Datasets\Glas\precomputed\train_256_stride_128\masks\train_53_patch_0012.npy,256,0,256,256,522,775,522,775,28715,0.4381561279296875
train_53_patch_0013,train_53.bmp,C:\Users\gadda\Documents\FeatureFusionMoNuSAC\SDENet-Fusion\Datasets\Glas\precomputed\train_256_stride_128\images\train_53_patch_0013.npy,C:\Users\gadda\Documents\FeatureFusionMoNuSAC\SDENet-Fusion\Datasets\Glas\precomputed\train_256_stride_128\masks\train_53_patch_0013.npy,256,128,256,256,522,775,522,775,26087,0.3980560302734375
train_53_patch_0014,train_53.bmp,C:\Users\gadda\Documents\FeatureFusionMoNuSAC\SDENet-Fusion\Datasets\Glas\precomputed\train_256_stride_128\images\train_53_patch_0014.npy,C:\Users\gadda\Documents\FeatureFusionMoNuSAC\SDENet-Fusion\Datasets\Glas\precomputed\train_256_stride_128\masks\train_53_patch_0014.npy,256,256,256,256,522,775,522,775,28650,0.437164306640625
train_53_patch_0015,train_53.bmp,C:\Users\gadda\Documents\FeatureFusionMoNuSAC\SDENet-Fusion\Datasets\Glas\precomputed\train_256_stride_128\images\train_53_patch_0015.npy,C:\Users\gadda\Documents\FeatureFusionMoNuSAC\SDENet-Fusion\Datasets\Glas\precomputed\train_256_stride_128\masks\train_53_patch_0015.npy,256,384,256,256,522,775,522,775,30971,0.4725799560546875
train_53_patch_0016,train_53.bmp,C:\Users\gadda\Documents\FeatureFusionMoNuSAC\SDENet-Fusion\Datasets\Glas\precomputed\train_256_stride_128\images\train_53_patch_0016.npy,C:\Users\gadda\Documents\FeatureFusionMoNuSAC\SDENet-Fusion\Datasets\Glas\precomputed\train_256_stride_128\masks\train_53_patch_0016.npy,256,512,256,256,522,775,522,775,23041,0.3515777587890625
train_53_patch_0017,train_53.bmp,C:\Users\gadda\Documents\FeatureFusionMoNuSAC\SDENet-Fusion\Datasets\Glas\precomputed\train_256_stride_128\images\train_53_patch_0017.npy,C:\Users\gadda\Documents\FeatureFusionMoNuSAC\SDENet-Fusion\Datasets\Glas\precomputed\train_256_stride_128\masks\train_53_patch_0017.npy,256,519,256,256,522,775,522,775,23112,0.3526611328125
train_53_patch_0018,train_53.bmp,C:\Users\gadda\Documents\FeatureFusionMoNuSAC\SDENet-Fusion\Datasets\Glas\precomputed\train_256_stride_128\images\train_53_patch_0018.npy,C:\Users\gadda\Documents\FeatureFusionMoNuSAC\SDENet-Fusion\Datasets\Glas\precomputed\train_256_stride_128\masks\train_53_patch_0018.npy,266,0,256,256,522,775,522,775,29673,0.4527740478515625
train_53_patch_0019,train_53.bmp,C:\Users\gadda\Documents\FeatureFusionMoNuSAC\SDENet-Fusion\Datasets\Glas\precomputed\train_256_stride_128\images\train_53_patch_0019.npy,C:\Users\gadda\Documents\FeatureFusionMoNuSAC\SDENet-Fusion\Datasets\Glas\precomputed\train_256_stride_128\masks\train_53_patch_0019.npy,266,128,256,256,522,775,522,775,27470,0.419158935546875
train_53_patch_0020,train_53.bmp,C:\Users\gadda\Documents\FeatureFusionMoNuSAC\SDENet-Fusion\Datasets\Glas\precomputed\train_256_stride_128\images\train_53_patch_0020.npy,C:\Users\gadda\Documents\FeatureFusionMoNuSAC\SDENet-Fusion\Datasets\Glas\precomputed\train_256_stride_128\masks\train_53_patch_0020.npy,266,256,256,256,522,775,522,775,28319,0.4321136474609375
train_53_patch_0021,train_53.bmp,C:\Users\gadda\Documents\FeatureFusionMoNuSAC\SDENet-Fusion\Datasets\Glas\precomputed\train_256_stride_128\images\train_53_patch_0021.npy,C:\Users\gadda\Documents\FeatureFusionMoNuSAC\SDENet-Fusion\Datasets\Glas\precomputed\train_256_stride_128\masks\train_53_patch_0021.npy,266,384,256,256,522,775,522,775,30252,0.46160888671875
train_53_patch_0022,train_53.bmp,C:\Users\gadda\Documents\FeatureFusionMoNuSAC\SDENet-Fusion\Datasets\Glas\precomputed\train_256_stride_128\images\train_53_patch_0022.npy,C:\Users\gadda\Documents\FeatureFusionMoNuSAC\SDENet-Fusion\Datasets\Glas\precomputed\train_256_stride_128\masks\train_53_patch_0022.npy,266,512,256,256,522,775,522,775,22028,0.33612060546875
train_53_patch_0023,train_53.bmp,C:\Users\gadda\Documents\FeatureFusionMoNuSAC\SDENet-Fusion\Datasets\Glas\precomputed\train_256_stride_128\images\train_53_patch_0023.npy,C:\Users\gadda\Documents\FeatureFusionMoNuSAC\SDENet-Fusion\Datasets\Glas\precomputed\train_256_stride_128\masks\train_53_patch_0023.npy,266,519,256,256,522,775,522,775,22099,0.3372039794921875
train_54_patch_0000,train_54.bmp,C:\Users\gadda\Documents\FeatureFusionMoNuSAC\SDENet-Fusion\Datasets\Glas\precomputed\train_256_stride_128\images\train_54_patch_0000.npy,C:\Users\gadda\Documents\FeatureFusionMoNuSAC\SDENet-Fusion\Datasets\Glas\precomputed\train_256_stride_128\masks\train_54_patch_0000.npy,0,0,256,256,522,775,522,775,50942,0.777313232421875
train_54_patch_0001,train_54.bmp,C:\Users\gadda\Documents\FeatureFusionMoNuSAC\SDENet-Fusion\Datasets\Glas\precomputed\train_256_stride_128\images\train_54_patch_0001.npy,C:\Users\gadda\Documents\FeatureFusionMoNuSAC\SDENet-Fusion\Datasets\Glas\precomputed\train_256_stride_128\masks\train_54_patch_0001.npy,0,128,256,256,522,775,522,775,53299,0.8132781982421875
train_54_patch_0002,train_54.bmp,C:\Users\gadda\Documents\FeatureFusionMoNuSAC\SDENet-Fusion\Datasets\Glas\precomputed\train_256_stride_128\images\train_54_patch_0002.npy,C:\Users\gadda\Documents\FeatureFusionMoNuSAC\SDENet-Fusion\Datasets\Glas\precomputed\train_256_stride_128\masks\train_54_patch_0002.npy,0,256,256,256,522,775,522,775,51546,0.786529541015625
train_54_patch_0003,train_54.bmp,C:\Users\gadda\Documents\FeatureFusionMoNuSAC\SDENet-Fusion\Datasets\Glas\precomputed\train_256_stride_128\images\train_54_patch_0003.npy,C:\Users\gadda\Documents\FeatureFusionMoNuSAC\SDENet-Fusion\Datasets\Glas\precomputed\train_256_stride_128\masks\train_54_patch_0003.npy,0,384,256,256,522,775,522,775,49938,0.761993408203125
train_54_patch_0004,train_54.bmp,C:\Users\gadda\Documents\FeatureFusionMoNuSAC\SDENet-Fusion\Datasets\Glas\precomputed\train_256_stride_128\images\train_54_patch_0004.npy,C:\Users\gadda\Documents\FeatureFusionMoNuSAC\SDENet-Fusion\Datasets\Glas\precomputed\train_256_stride_128\masks\train_54_patch_0004.npy,0,512,256,256,522,775,522,775,43597,0.6652374267578125
train_54_patch_0005,train_54.bmp,C:\Users\gadda\Documents\FeatureFusionMoNuSAC\SDENet-Fusion\Datasets\Glas\precomputed\train_256_stride_128\images\train_54_patch_0005.npy,C:\Users\gadda\Documents\FeatureFusionMoNuSAC\SDENet-Fusion\Datasets\Glas\precomputed\train_256_stride_128\masks\train_54_patch_0005.npy,0,519,256,256,522,775,522,775,43611,0.6654510498046875
train_54_patch_0006,train_54.bmp,C:\Users\gadda\Documents\FeatureFusionMoNuSAC\SDENet-Fusion\Datasets\Glas\precomputed\train_256_stride_128\images\train_54_patch_0006.npy,C:\Users\gadda\Documents\FeatureFusionMoNuSAC\SDENet-Fusion\Datasets\Glas\precomputed\train_256_stride_128\masks\train_54_patch_0006.npy,128,0,256,256,522,775,522,775,49609,0.7569732666015625
train_54_patch_0007,train_54.bmp,C:\Users\gadda\Documents\FeatureFusionMoNuSAC\SDENet-Fusion\Datasets\Glas\precomputed\train_256_stride_128\images\train_54_patch_0007.npy,C:\Users\gadda\Documents\FeatureFusionMoNuSAC\SDENet-Fusion\Datasets\Glas\precomputed\train_256_stride_128\masks\train_54_patch_0007.npy,128,128,256,256,522,775,522,775,50315,0.7677459716796875
train_54_patch_0008,train_54.bmp,C:\Users\gadda\Documents\FeatureFusionMoNuSAC\SDENet-Fusion\Datasets\Glas\precomputed\train_256_stride_128\images\train_54_patch_0008.npy,C:\Users\gadda\Documents\FeatureFusionMoNuSAC\SDENet-Fusion\Datasets\Glas\precomputed\train_256_stride_128\masks\train_54_patch_0008.npy,128,256,256,256,522,775,522,775,45422,0.693084716796875
train_54_patch_0009,train_54.bmp,C:\Users\gadda\Documents\FeatureFusionMoNuSAC\SDENet-Fusion\Datasets\Glas\precomputed\train_256_stride_128\images\train_54_patch_0009.npy,C:\Users\gadda\Documents\FeatureFusionMoNuSAC\SDENet-Fusion\Datasets\Glas\precomputed\train_256_stride_128\masks\train_54_patch_0009.npy,128,384,256,256,522,775,522,775,52064,0.79443359375
train_54_patch_0010,train_54.bmp,C:\Users\gadda\Documents\FeatureFusionMoNuSAC\SDENet-Fusion\Datasets\Glas\precomputed\train_256_stride_128\images\train_54_patch_0010.npy,C:\Users\gadda\Documents\FeatureFusionMoNuSAC\SDENet-Fusion\Datasets\Glas\precomputed\train_256_stride_128\masks\train_54_patch_0010.npy,128,512,256,256,522,775,522,775,49642,0.757476806640625
train_54_patch_0011,train_54.bmp,C:\Users\gadda\Documents\FeatureFusionMoNuSAC\SDENet-Fusion\Datasets\Glas\precomputed\train_256_stride_128\images\train_54_patch_0011.npy,C:\Users\gadda\Documents\FeatureFusionMoNuSAC\SDENet-Fusion\Datasets\Glas\precomputed\train_256_stride_128\masks\train_54_patch_0011.npy,128,519,256,256,522,775,522,775,49735,0.7588958740234375
train_54_patch_0012,train_54.bmp,C:\Users\gadda\Documents\FeatureFusionMoNuSAC\SDENet-Fusion\Datasets\Glas\precomputed\train_256_stride_128\images\train_54_patch_0012.npy,C:\Users\gadda\Documents\FeatureFusionMoNuSAC\SDENet-Fusion\Datasets\Glas\precomputed\train_256_stride_128\masks\train_54_patch_0012.npy,256,0,256,256,522,775,522,775,57651,0.8796844482421875
train_54_patch_0013,train_54.bmp,C:\Users\gadda\Documents\FeatureFusionMoNuSAC\SDENet-Fusion\Datasets\Glas\precomputed\train_256_stride_128\images\train_54_patch_0013.npy,C:\Users\gadda\Documents\FeatureFusionMoNuSAC\SDENet-Fusion\Datasets\Glas\precomputed\train_256_stride_128\masks\train_54_patch_0013.npy,256,128,256,256,522,775,522,775,49321,0.7525787353515625
train_54_patch_0014,train_54.bmp,C:\Users\gadda\Documents\FeatureFusionMoNuSAC\SDENet-Fusion\Datasets\Glas\precomputed\train_256_stride_128\images\train_54_patch_0014.npy,C:\Users\gadda\Documents\FeatureFusionMoNuSAC\SDENet-Fusion\Datasets\Glas\precomputed\train_256_stride_128\masks\train_54_patch_0014.npy,256,256,256,256,522,775,522,775,42306,0.645538330078125
train_54_patch_0015,train_54.bmp,C:\Users\gadda\Documents\FeatureFusionMoNuSAC\SDENet-Fusion\Datasets\Glas\precomputed\train_256_stride_128\images\train_54_patch_0015.npy,C:\Users\gadda\Documents\FeatureFusionMoNuSAC\SDENet-Fusion\Datasets\Glas\precomputed\train_256_stride_128\masks\train_54_patch_0015.npy,256,384,256,256,522,775,522,775,45062,0.687591552734375
train_54_patch_0016,train_54.bmp,C:\Users\gadda\Documents\FeatureFusionMoNuSAC\SDENet-Fusion\Datasets\Glas\precomputed\train_256_stride_128\images\train_54_patch_0016.npy,C:\Users\gadda\Documents\FeatureFusionMoNuSAC\SDENet-Fusion\Datasets\Glas\precomputed\train_256_stride_128\masks\train_54_patch_0016.npy,256,512,256,256,522,775,522,775,53037,0.8092803955078125
train_54_patch_0017,train_54.bmp,C:\Users\gadda\Documents\FeatureFusionMoNuSAC\SDENet-Fusion\Datasets\Glas\precomputed\train_256_stride_128\images\train_54_patch_0017.npy,C:\Users\gadda\Documents\FeatureFusionMoNuSAC\SDENet-Fusion\Datasets\Glas\precomputed\train_256_stride_128\masks\train_54_patch_0017.npy,256,519,256,256,522,775,522,775,53725,0.8197784423828125
train_54_patch_0018,train_54.bmp,C:\Users\gadda\Documents\FeatureFusionMoNuSAC\SDENet-Fusion\Datasets\Glas\precomputed\train_256_stride_128\images\train_54_patch_0018.npy,C:\Users\gadda\Documents\FeatureFusionMoNuSAC\SDENet-Fusion\Datasets\Glas\precomputed\train_256_stride_128\masks\train_54_patch_0018.npy,266,0,256,256,522,775,522,775,57012,0.86993408203125
train_54_patch_0019,train_54.bmp,C:\Users\gadda\Documents\FeatureFusionMoNuSAC\SDENet-Fusion\Datasets\Glas\precomputed\train_256_stride_128\images\train_54_patch_0019.npy,C:\Users\gadda\Documents\FeatureFusionMoNuSAC\SDENet-Fusion\Datasets\Glas\precomputed\train_256_stride_128\masks\train_54_patch_0019.npy,266,128,256,256,522,775,522,775,47309,0.7218780517578125
train_54_patch_0020,train_54.bmp,C:\Users\gadda\Documents\FeatureFusionMoNuSAC\SDENet-Fusion\Datasets\Glas\precomputed\train_256_stride_128\images\train_54_patch_0020.npy,C:\Users\gadda\Documents\FeatureFusionMoNuSAC\SDENet-Fusion\Datasets\Glas\precomputed\train_256_stride_128\masks\train_54_patch_0020.npy,266,256,256,256,522,775,522,775,41715,0.6365203857421875
train_54_patch_0021,train_54.bmp,C:\Users\gadda\Documents\FeatureFusionMoNuSAC\SDENet-Fusion\Datasets\Glas\precomputed\train_256_stride_128\images\train_54_patch_0021.npy,C:\Users\gadda\Documents\FeatureFusionMoNuSAC\SDENet-Fusion\Datasets\Glas\precomputed\train_256_stride_128\masks\train_54_patch_0021.npy,266,384,256,256,522,775,522,775,45273,0.6908111572265625
train_54_patch_0022,train_54.bmp,C:\Users\gadda\Documents\FeatureFusionMoNuSAC\SDENet-Fusion\Datasets\Glas\precomputed\train_256_stride_128\images\train_54_patch_0022.npy,C:\Users\gadda\Documents\FeatureFusionMoNuSAC\SDENet-Fusion\Datasets\Glas\precomputed\train_256_stride_128\masks\train_54_patch_0022.npy,266,512,256,256,522,775,522,775,52724,0.80450439453125
train_54_patch_0023,train_54.bmp,C:\Users\gadda\Documents\FeatureFusionMoNuSAC\SDENet-Fusion\Datasets\Glas\precomputed\train_256_stride_128\images\train_54_patch_0023.npy,C:\Users\gadda\Documents\FeatureFusionMoNuSAC\SDENet-Fusion\Datasets\Glas\precomputed\train_256_stride_128\masks\train_54_patch_0023.npy,266,519,256,256,522,775,522,775,53412,0.81500244140625
train_55_patch_0000,train_55.bmp,C:\Users\gadda\Documents\FeatureFusionMoNuSAC\SDENet-Fusion\Datasets\Glas\precomputed\train_256_stride_128\images\train_55_patch_0000.npy,C:\Users\gadda\Documents\FeatureFusionMoNuSAC\SDENet-Fusion\Datasets\Glas\precomputed\train_256_stride_128\masks\train_55_patch_0000.npy,0,0,256,256,522,775,522,775,11912,0.1817626953125
train_55_patch_0001,train_55.bmp,C:\Users\gadda\Documents\FeatureFusionMoNuSAC\SDENet-Fusion\Datasets\Glas\precomputed\train_256_stride_128\images\train_55_patch_0001.npy,C:\Users\gadda\Documents\FeatureFusionMoNuSAC\SDENet-Fusion\Datasets\Glas\precomputed\train_256_stride_128\masks\train_55_patch_0001.npy,0,128,256,256,522,775,522,775,2300,0.03509521484375
train_55_patch_0002,train_55.bmp,C:\Users\gadda\Documents\FeatureFusionMoNuSAC\SDENet-Fusion\Datasets\Glas\precomputed\train_256_stride_128\images\train_55_patch_0002.npy,C:\Users\gadda\Documents\FeatureFusionMoNuSAC\SDENet-Fusion\Datasets\Glas\precomputed\train_256_stride_128\masks\train_55_patch_0002.npy,0,256,256,256,522,775,522,775,1720,0.0262451171875
train_55_patch_0003,train_55.bmp,C:\Users\gadda\Documents\FeatureFusionMoNuSAC\SDENet-Fusion\Datasets\Glas\precomputed\train_256_stride_128\images\train_55_patch_0003.npy,C:\Users\gadda\Documents\FeatureFusionMoNuSAC\SDENet-Fusion\Datasets\Glas\precomputed\train_256_stride_128\masks\train_55_patch_0003.npy,0,384,256,256,522,775,522,775,12504,0.1907958984375
train_55_patch_0004,train_55.bmp,C:\Users\gadda\Documents\FeatureFusionMoNuSAC\SDENet-Fusion\Datasets\Glas\precomputed\train_256_stride_128\images\train_55_patch_0004.npy,C:\Users\gadda\Documents\FeatureFusionMoNuSAC\SDENet-Fusion\Datasets\Glas\precomputed\train_256_stride_128\masks\train_55_patch_0004.npy,0,512,256,256,522,775,522,775,33605,0.5127716064453125
train_55_patch_0005,train_55.bmp,C:\Users\gadda\Documents\FeatureFusionMoNuSAC\SDENet-Fusion\Datasets\Glas\precomputed\train_256_stride_128\images\train_55_patch_0005.npy,C:\Users\gadda\Documents\FeatureFusionMoNuSAC\SDENet-Fusion\Datasets\Glas\precomputed\train_256_stride_128\masks\train_55_patch_0005.npy,0,519,256,256,522,775,522,775,34397,0.5248565673828125
train_55_patch_0006,train_55.bmp,C:\Users\gadda\Documents\FeatureFusionMoNuSAC\SDENet-Fusion\Datasets\Glas\precomputed\train_256_stride_128\images\train_55_patch_0006.npy,C:\Users\gadda\Documents\FeatureFusionMoNuSAC\SDENet-Fusion\Datasets\Glas\precomputed\train_256_stride_128\masks\train_55_patch_0006.npy,128,0,256,256,522,775,522,775,17271,0.2635345458984375
train_55_patch_0007,train_55.bmp,C:\Users\gadda\Documents\FeatureFusionMoNuSAC\SDENet-Fusion\Datasets\Glas\precomputed\train_256_stride_128\images\train_55_patch_0007.npy,C:\Users\gadda\Documents\FeatureFusionMoNuSAC\SDENet-Fusion\Datasets\Glas\precomputed\train_256_stride_128\masks\train_55_patch_0007.npy,128,128,256,256,522,775,522,775,2377,0.0362701416015625
train_55_patch_0008,train_55.bmp,C:\Users\gadda\Documents\FeatureFusionMoNuSAC\SDENet-Fusion\Datasets\Glas\precomputed\train_256_stride_128\images\train_55_patch_0008.npy,C:\Users\gadda\Documents\FeatureFusionMoNuSAC\SDENet-Fusion\Datasets\Glas\precomputed\train_256_stride_128\masks\train_55_patch_0008.npy,128,256,256,256,522,775,522,775,3181,0.0485382080078125
train_55_patch_0009,train_55.bmp,C:\Users\gadda\Documents\FeatureFusionMoNuSAC\SDENet-Fusion\Datasets\Glas\precomputed\train_256_stride_128\images\train_55_patch_0009.npy,C:\Users\gadda\Documents\FeatureFusionMoNuSAC\SDENet-Fusion\Datasets\Glas\precomputed\train_256_stride_128\masks\train_55_patch_0009.npy,128,384,256,256,522,775,522,775,16957,0.2587432861328125
train_55_patch_0010,train_55.bmp,C:\Users\gadda\Documents\FeatureFusionMoNuSAC\SDENet-Fusion\Datasets\Glas\precomputed\train_256_stride_128\images\train_55_patch_0010.npy,C:\Users\gadda\Documents\FeatureFusionMoNuSAC\SDENet-Fusion\Datasets\Glas\precomputed\train_256_stride_128\masks\train_55_patch_0010.npy,128,512,256,256,522,775,522,775,35520,0.5419921875
train_55_patch_0011,train_55.bmp,C:\Users\gadda\Documents\FeatureFusionMoNuSAC\SDENet-Fusion\Datasets\Glas\precomputed\train_256_stride_128\images\train_55_patch_0011.npy,C:\Users\gadda\Documents\FeatureFusionMoNuSAC\SDENet-Fusion\Datasets\Glas\precomputed\train_256_stride_128\masks\train_55_patch_0011.npy,128,519,256,256,522,775,522,775,35803,0.5463104248046875
train_55_patch_0012,train_55.bmp,C:\Users\gadda\Documents\FeatureFusionMoNuSAC\SDENet-Fusion\Datasets\Glas\precomputed\train_256_stride_128\images\train_55_patch_0012.npy,C:\Users\gadda\Documents\FeatureFusionMoNuSAC\SDENet-Fusion\Datasets\Glas\precomputed\train_256_stride_128\masks\train_55_patch_0012.npy,256,0,256,256,522,775,522,775,16769,0.2558746337890625
train_55_patch_0013,train_55.bmp,C:\Users\gadda\Documents\FeatureFusionMoNuSAC\SDENet-Fusion\Datasets\Glas\precomputed\train_256_stride_128\images\train_55_patch_0013.npy,C:\Users\gadda\Documents\FeatureFusionMoNuSAC\SDENet-Fusion\Datasets\Glas\precomputed\train_256_stride_128\masks\train_55_patch_0013.npy,256,128,256,256,522,775,522,775,125,0.0019073486328125
train_55_patch_0014,train_55.bmp,C:\Users\gadda\Documents\FeatureFusionMoNuSAC\SDENet-Fusion\Datasets\Glas\precomputed\train_256_stride_128\images\train_55_patch_0014.npy,C:\Users\gadda\Documents\FeatureFusionMoNuSAC\SDENet-Fusion\Datasets\Glas\precomputed\train_256_stride_128\masks\train_55_patch_0014.npy,256,256,256,256,522,775,522,775,11037,0.1684112548828125
train_55_patch_0015,train_55.bmp,C:\Users\gadda\Documents\FeatureFusionMoNuSAC\SDENet-Fusion\Datasets\Glas\precomputed\train_256_stride_128\images\train_55_patch_0015.npy,C:\Users\gadda\Documents\FeatureFusionMoNuSAC\SDENet-Fusion\Datasets\Glas\precomputed\train_256_stride_128\masks\train_55_patch_0015.npy,256,384,256,256,522,775,522,775,30230,0.461273193359375
train_55_patch_0016,train_55.bmp,C:\Users\gadda\Documents\FeatureFusionMoNuSAC\SDENet-Fusion\Datasets\Glas\precomputed\train_256_stride_128\images\train_55_patch_0016.npy,C:\Users\gadda\Documents\FeatureFusionMoNuSAC\SDENet-Fusion\Datasets\Glas\precomputed\train_256_stride_128\masks\train_55_patch_0016.npy,256,512,256,256,522,775,522,775,31051,0.4738006591796875
train_55_patch_0017,train_55.bmp,C:\Users\gadda\Documents\FeatureFusionMoNuSAC\SDENet-Fusion\Datasets\Glas\precomputed\train_256_stride_128\images\train_55_patch_0017.npy,C:\Users\gadda\Documents\FeatureFusionMoNuSAC\SDENet-Fusion\Datasets\Glas\precomputed\train_256_stride_128\masks\train_55_patch_0017.npy,256,519,256,256,522,775,522,775,30171,0.4603729248046875
train_55_patch_0018,train_55.bmp,C:\Users\gadda\Documents\FeatureFusionMoNuSAC\SDENet-Fusion\Datasets\Glas\precomputed\train_256_stride_128\images\train_55_patch_0018.npy,C:\Users\gadda\Documents\FeatureFusionMoNuSAC\SDENet-Fusion\Datasets\Glas\precomputed\train_256_stride_128\masks\train_55_patch_0018.npy,266,0,256,256,522,775,522,775,15412,0.23516845703125
train_55_patch_0019,train_55.bmp,C:\Users\gadda\Documents\FeatureFusionMoNuSAC\SDENet-Fusion\Datasets\Glas\precomputed\train_256_stride_128\images\train_55_patch_0019.npy,C:\Users\gadda\Documents\FeatureFusionMoNuSAC\SDENet-Fusion\Datasets\Glas\precomputed\train_256_stride_128\masks\train_55_patch_0019.npy,266,128,256,256,522,775,522,775,88,0.0013427734375
train_55_patch_0020,train_55.bmp,C:\Users\gadda\Documents\FeatureFusionMoNuSAC\SDENet-Fusion\Datasets\Glas\precomputed\train_256_stride_128\images\train_55_patch_0020.npy,C:\Users\gadda\Documents\FeatureFusionMoNuSAC\SDENet-Fusion\Datasets\Glas\precomputed\train_256_stride_128\masks\train_55_patch_0020.npy,266,256,256,256,522,775,522,775,11977,0.1827545166015625
train_55_patch_0021,train_55.bmp,C:\Users\gadda\Documents\FeatureFusionMoNuSAC\SDENet-Fusion\Datasets\Glas\precomputed\train_256_stride_128\images\train_55_patch_0021.npy,C:\Users\gadda\Documents\FeatureFusionMoNuSAC\SDENet-Fusion\Datasets\Glas\precomputed\train_256_stride_128\masks\train_55_patch_0021.npy,266,384,256,256,522,775,522,775,31607,0.4822845458984375
train_55_patch_0022,train_55.bmp,C:\Users\gadda\Documents\FeatureFusionMoNuSAC\SDENet-Fusion\Datasets\Glas\precomputed\train_256_stride_128\images\train_55_patch_0022.npy,C:\Users\gadda\Documents\FeatureFusionMoNuSAC\SDENet-Fusion\Datasets\Glas\precomputed\train_256_stride_128\masks\train_55_patch_0022.npy,266,512,256,256,522,775,522,775,30519,0.4656829833984375
train_55_patch_0023,train_55.bmp,C:\Users\gadda\Documents\FeatureFusionMoNuSAC\SDENet-Fusion\Datasets\Glas\precomputed\train_256_stride_128\images\train_55_patch_0023.npy,C:\Users\gadda\Documents\FeatureFusionMoNuSAC\SDENet-Fusion\Datasets\Glas\precomputed\train_256_stride_128\masks\train_55_patch_0023.npy,266,519,256,256,522,775,522,775,29569,0.4511871337890625
train_56_patch_0000,train_56.bmp,C:\Users\gadda\Documents\FeatureFusionMoNuSAC\SDENet-Fusion\Datasets\Glas\precomputed\train_256_stride_128\images\train_56_patch_0000.npy,C:\Users\gadda\Documents\FeatureFusionMoNuSAC\SDENet-Fusion\Datasets\Glas\precomputed\train_256_stride_128\masks\train_56_patch_0000.npy,0,0,256,256,522,775,522,775,54767,0.8356781005859375
train_56_patch_0001,train_56.bmp,C:\Users\gadda\Documents\FeatureFusionMoNuSAC\SDENet-Fusion\Datasets\Glas\precomputed\train_256_stride_128\images\train_56_patch_0001.npy,C:\Users\gadda\Documents\FeatureFusionMoNuSAC\SDENet-Fusion\Datasets\Glas\precomputed\train_256_stride_128\masks\train_56_patch_0001.npy,0,128,256,256,522,775,522,775,57140,0.87188720703125
train_56_patch_0002,train_56.bmp,C:\Users\gadda\Documents\FeatureFusionMoNuSAC\SDENet-Fusion\Datasets\Glas\precomputed\train_256_stride_128\images\train_56_patch_0002.npy,C:\Users\gadda\Documents\FeatureFusionMoNuSAC\SDENet-Fusion\Datasets\Glas\precomputed\train_256_stride_128\masks\train_56_patch_0002.npy,0,256,256,256,522,775,522,775,60477,0.9228057861328125
train_56_patch_0003,train_56.bmp,C:\Users\gadda\Documents\FeatureFusionMoNuSAC\SDENet-Fusion\Datasets\Glas\precomputed\train_256_stride_128\images\train_56_patch_0003.npy,C:\Users\gadda\Documents\FeatureFusionMoNuSAC\SDENet-Fusion\Datasets\Glas\precomputed\train_256_stride_128\masks\train_56_patch_0003.npy,0,384,256,256,522,775,522,775,37305,0.5692291259765625
train_56_patch_0004,train_56.bmp,C:\Users\gadda\Documents\FeatureFusionMoNuSAC\SDENet-Fusion\Datasets\Glas\precomputed\train_256_stride_128\images\train_56_patch_0004.npy,C:\Users\gadda\Documents\FeatureFusionMoNuSAC\SDENet-Fusion\Datasets\Glas\precomputed\train_256_stride_128\masks\train_56_patch_0004.npy,0,512,256,256,522,775,522,775,7330,0.111846923828125
train_56_patch_0005,train_56.bmp,C:\Users\gadda\Documents\FeatureFusionMoNuSAC\SDENet-Fusion\Datasets\Glas\precomputed\train_256_stride_128\images\train_56_patch_0005.npy,C:\Users\gadda\Documents\FeatureFusionMoNuSAC\SDENet-Fusion\Datasets\Glas\precomputed\train_256_stride_128\masks\train_56_patch_0005.npy,0,519,256,256,522,775,522,775,5874,0.089630126953125
train_56_patch_0006,train_56.bmp,C:\Users\gadda\Documents\FeatureFusionMoNuSAC\SDENet-Fusion\Datasets\Glas\precomputed\train_256_stride_128\images\train_56_patch_0006.npy,C:\Users\gadda\Documents\FeatureFusionMoNuSAC\SDENet-Fusion\Datasets\Glas\precomputed\train_256_stride_128\masks\train_56_patch_0006.npy,128,0,256,256,522,775,522,775,50747,0.7743377685546875
train_56_patch_0007,train_56.bmp,C:\Users\gadda\Documents\FeatureFusionMoNuSAC\SDENet-Fusion\Datasets\Glas\precomputed\train_256_stride_128\images\train_56_patch_0007.npy,C:\Users\gadda\Documents\FeatureFusionMoNuSAC\SDENet-Fusion\Datasets\Glas\precomputed\train_256_stride_128\masks\train_56_patch_0007.npy,128,128,256,256,522,775,522,775,52083,0.7947235107421875
train_56_patch_0008,train_56.bmp,C:\Users\gadda\Documents\FeatureFusionMoNuSAC\SDENet-Fusion\Datasets\Glas\precomputed\train_256_stride_128\images\train_56_patch_0008.npy,C:\Users\gadda\Documents\FeatureFusionMoNuSAC\SDENet-Fusion\Datasets\Glas\precomputed\train_256_stride_128\masks\train_56_patch_0008.npy,128,256,256,256,522,775,522,775,48808,0.7447509765625
train_56_patch_0009,train_56.bmp,C:\Users\gadda\Documents\FeatureFusionMoNuSAC\SDENet-Fusion\Datasets\Glas\precomputed\train_256_stride_128\images\train_56_patch_0009.npy,C:\Users\gadda\Documents\FeatureFusionMoNuSAC\SDENet-Fusion\Datasets\Glas\precomputed\train_256_stride_128\masks\train_56_patch_0009.npy,128,384,256,256,522,775,522,775,23514,0.358795166015625
train_56_patch_0010,train_56.bmp,C:\Users\gadda\Documents\FeatureFusionMoNuSAC\SDENet-Fusion\Datasets\Glas\precomputed\train_256_stride_128\images\train_56_patch_0010.npy,C:\Users\gadda\Documents\FeatureFusionMoNuSAC\SDENet-Fusion\Datasets\Glas\precomputed\train_256_stride_128\masks\train_56_patch_0010.npy,128,512,256,256,522,775,522,775,2852,0.04351806640625
train_56_patch_0011,train_56.bmp,C:\Users\gadda\Documents\FeatureFusionMoNuSAC\SDENet-Fusion\Datasets\Glas\precomputed\train_256_stride_128\images\train_56_patch_0011.npy,C:\Users\gadda\Documents\FeatureFusionMoNuSAC\SDENet-Fusion\Datasets\Glas\precomputed\train_256_stride_128\masks\train_56_patch_0011.npy,128,519,256,256,522,775,522,775,1937,0.0295562744140625
train_56_patch_0012,train_56.bmp,C:\Users\gadda\Documents\FeatureFusionMoNuSAC\SDENet-Fusion\Datasets\Glas\precomputed\train_256_stride_128\images\train_56_patch_0012.npy,C:\Users\gadda\Documents\FeatureFusionMoNuSAC\SDENet-Fusion\Datasets\Glas\precomputed\train_256_stride_128\masks\train_56_patch_0012.npy,256,0,256,256,522,775,522,775,51355,0.7836151123046875
train_56_patch_0013,train_56.bmp,C:\Users\gadda\Documents\FeatureFusionMoNuSAC\SDENet-Fusion\Datasets\Glas\precomputed\train_256_stride_128\images\train_56_patch_0013.npy,C:\Users\gadda\Documents\FeatureFusionMoNuSAC\SDENet-Fusion\Datasets\Glas\precomputed\train_256_stride_128\masks\train_56_patch_0013.npy,256,128,256,256,522,775,522,775,47027,0.7175750732421875
train_56_patch_0014,train_56.bmp,C:\Users\gadda\Documents\FeatureFusionMoNuSAC\SDENet-Fusion\Datasets\Glas\precomputed\train_256_stride_128\images\train_56_patch_0014.npy,C:\Users\gadda\Documents\FeatureFusionMoNuSAC\SDENet-Fusion\Datasets\Glas\precomputed\train_256_stride_128\masks\train_56_patch_0014.npy,256,256,256,256,522,775,522,775,26312,0.4014892578125
train_56_patch_0015,train_56.bmp,C:\Users\gadda\Documents\FeatureFusionMoNuSAC\SDENet-Fusion\Datasets\Glas\precomputed\train_256_stride_128\images\train_56_patch_0015.npy,C:\Users\gadda\Documents\FeatureFusionMoNuSAC\SDENet-Fusion\Datasets\Glas\precomputed\train_256_stride_128\masks\train_56_patch_0015.npy,256,384,256,256,522,775,522,775,6641,0.1013336181640625
train_56_patch_0016,train_56.bmp,C:\Users\gadda\Documents\FeatureFusionMoNuSAC\SDENet-Fusion\Datasets\Glas\precomputed\train_256_stride_128\images\train_56_patch_0016.npy,C:\Users\gadda\Documents\FeatureFusionMoNuSAC\SDENet-Fusion\Datasets\Glas\precomputed\train_256_stride_128\masks\train_56_patch_0016.npy,256,512,256,256,522,775,522,775,200,0.0030517578125
train_56_patch_0017,train_56.bmp,C:\Users\gadda\Documents\FeatureFusionMoNuSAC\SDENet-Fusion\Datasets\Glas\precomputed\train_256_stride_128\images\train_56_patch_0017.npy,C:\Users\gadda\Documents\FeatureFusionMoNuSAC\SDENet-Fusion\Datasets\Glas\precomputed\train_256_stride_128\masks\train_56_patch_0017.npy,256,519,256,256,522,775,522,775,85,0.0012969970703125
train_56_patch_0018,train_56.bmp,C:\Users\gadda\Documents\FeatureFusionMoNuSAC\SDENet-Fusion\Datasets\Glas\precomputed\train_256_stride_128\images\train_56_patch_0018.npy,C:\Users\gadda\Documents\FeatureFusionMoNuSAC\SDENet-Fusion\Datasets\Glas\precomputed\train_256_stride_128\masks\train_56_patch_0018.npy,266,0,256,256,522,775,522,775,50049,0.7636871337890625
train_56_patch_0019,train_56.bmp,C:\Users\gadda\Documents\FeatureFusionMoNuSAC\SDENet-Fusion\Datasets\Glas\precomputed\train_256_stride_128\images\train_56_patch_0019.npy,C:\Users\gadda\Documents\FeatureFusionMoNuSAC\SDENet-Fusion\Datasets\Glas\precomputed\train_256_stride_128\masks\train_56_patch_0019.npy,266,128,256,256,522,775,522,775,45530,0.694732666015625
train_56_patch_0020,train_56.bmp,C:\Users\gadda\Documents\FeatureFusionMoNuSAC\SDENet-Fusion\Datasets\Glas\precomputed\train_256_stride_128\images\train_56_patch_0020.npy,C:\Users\gadda\Documents\FeatureFusionMoNuSAC\SDENet-Fusion\Datasets\Glas\precomputed\train_256_stride_128\masks\train_56_patch_0020.npy,266,256,256,256,522,775,522,775,23792,0.363037109375
train_56_patch_0021,train_56.bmp,C:\Users\gadda\Documents\FeatureFusionMoNuSAC\SDENet-Fusion\Datasets\Glas\precomputed\train_256_stride_128\images\train_56_patch_0021.npy,C:\Users\gadda\Documents\FeatureFusionMoNuSAC\SDENet-Fusion\Datasets\Glas\precomputed\train_256_stride_128\masks\train_56_patch_0021.npy,266,384,256,256,522,775,522,775,5211,0.0795135498046875
train_56_patch_0022,train_56.bmp,C:\Users\gadda\Documents\FeatureFusionMoNuSAC\SDENet-Fusion\Datasets\Glas\precomputed\train_256_stride_128\images\train_56_patch_0022.npy,C:\Users\gadda\Documents\FeatureFusionMoNuSAC\SDENet-Fusion\Datasets\Glas\precomputed\train_256_stride_128\masks\train_56_patch_0022.npy,266,512,256,256,522,775,522,775,50,0.000762939453125
train_56_patch_0023,train_56.bmp,C:\Users\gadda\Documents\FeatureFusionMoNuSAC\SDENet-Fusion\Datasets\Glas\precomputed\train_256_stride_128\images\train_56_patch_0023.npy,C:\Users\gadda\Documents\FeatureFusionMoNuSAC\SDENet-Fusion\Datasets\Glas\precomputed\train_256_stride_128\masks\train_56_patch_0023.npy,266,519,256,256,522,775,522,775,5,7.62939453125e-05
train_57_patch_0000,train_57.bmp,C:\Users\gadda\Documents\FeatureFusionMoNuSAC\SDENet-Fusion\Datasets\Glas\precomputed\train_256_stride_128\images\train_57_patch_0000.npy,C:\Users\gadda\Documents\FeatureFusionMoNuSAC\SDENet-Fusion\Datasets\Glas\precomputed\train_256_stride_128\masks\train_57_patch_0000.npy,0,0,256,256,522,775,522,775,23972,0.36578369140625
train_57_patch_0001,train_57.bmp,C:\Users\gadda\Documents\FeatureFusionMoNuSAC\SDENet-Fusion\Datasets\Glas\precomputed\train_256_stride_128\images\train_57_patch_0001.npy,C:\Users\gadda\Documents\FeatureFusionMoNuSAC\SDENet-Fusion\Datasets\Glas\precomputed\train_256_stride_128\masks\train_57_patch_0001.npy,0,128,256,256,522,775,522,775,27402,0.418121337890625
train_57_patch_0002,train_57.bmp,C:\Users\gadda\Documents\FeatureFusionMoNuSAC\SDENet-Fusion\Datasets\Glas\precomputed\train_256_stride_128\images\train_57_patch_0002.npy,C:\Users\gadda\Documents\FeatureFusionMoNuSAC\SDENet-Fusion\Datasets\Glas\precomputed\train_256_stride_128\masks\train_57_patch_0002.npy,0,256,256,256,522,775,522,775,38792,0.5919189453125
train_57_patch_0003,train_57.bmp,C:\Users\gadda\Documents\FeatureFusionMoNuSAC\SDENet-Fusion\Datasets\Glas\precomputed\train_256_stride_128\images\train_57_patch_0003.npy,C:\Users\gadda\Documents\FeatureFusionMoNuSAC\SDENet-Fusion\Datasets\Glas\precomputed\train_256_stride_128\masks\train_57_patch_0003.npy,0,384,256,256,522,775,522,775,46506,0.709625244140625
train_57_patch_0004,train_57.bmp,C:\Users\gadda\Documents\FeatureFusionMoNuSAC\SDENet-Fusion\Datasets\Glas\precomputed\train_256_stride_128\images\train_57_patch_0004.npy,C:\Users\gadda\Documents\FeatureFusionMoNuSAC\SDENet-Fusion\Datasets\Glas\precomputed\train_256_stride_128\masks\train_57_patch_0004.npy,0,512,256,256,522,775,522,775,48240,0.736083984375
train_57_patch_0005,train_57.bmp,C:\Users\gadda\Documents\FeatureFusionMoNuSAC\SDENet-Fusion\Datasets\Glas\precomputed\train_256_stride_128\images\train_57_patch_0005.npy,C:\Users\gadda\Documents\FeatureFusionMoNuSAC\SDENet-Fusion\Datasets\Glas\precomputed\train_256_stride_128\masks\train_57_patch_0005.npy,0,519,256,256,522,775,522,775,48032,0.73291015625
train_57_patch_0006,train_57.bmp,C:\Users\gadda\Documents\FeatureFusionMoNuSAC\SDENet-Fusion\Datasets\Glas\precomputed\train_256_stride_128\images\train_57_patch_0006.npy,C:\Users\gadda\Documents\FeatureFusionMoNuSAC\SDENet-Fusion\Datasets\Glas\precomputed\train_256_stride_128\masks\train_57_patch_0006.npy,128,0,256,256,522,775,522,775,46016,0.7021484375
train_57_patch_0007,train_57.bmp,C:\Users\gadda\Documents\FeatureFusionMoNuSAC\SDENet-Fusion\Datasets\Glas\precomputed\train_256_stride_128\images\train_57_patch_0007.npy,C:\Users\gadda\Documents\FeatureFusionMoNuSAC\SDENet-Fusion\Datasets\Glas\precomputed\train_256_stride_128\masks\train_57_patch_0007.npy,128,128,256,256,522,775,522,775,48768,0.744140625
train_57_patch_0008,train_57.bmp,C:\Users\gadda\Documents\FeatureFusionMoNuSAC\SDENet-Fusion\Datasets\Glas\precomputed\train_256_stride_128\images\train_57_patch_0008.npy,C:\Users\gadda\Documents\FeatureFusionMoNuSAC\SDENet-Fusion\Datasets\Glas\precomputed\train_256_stride_128\masks\train_57_patch_0008.npy,128,256,256,256,522,775,522,775,37728,0.57568359375
train_57_patch_0009,train_57.bmp,C:\Users\gadda\Documents\FeatureFusionMoNuSAC\SDENet-Fusion\Datasets\Glas\precomputed\train_256_stride_128\images\train_57_patch_0009.npy,C:\Users\gadda\Documents\FeatureFusionMoNuSAC\SDENet-Fusion\Datasets\Glas\precomputed\train_256_stride_128\masks\train_57_patch_0009.npy,128,384,256,256,522,775,522,775,38904,0.5936279296875
train_57_patch_0010,train_57.bmp,C:\Users\gadda\Documents\FeatureFusionMoNuSAC\SDENet-Fusion\Datasets\Glas\precomputed\train_256_stride_128\images\train_57_patch_0010.npy,C:\Users\gadda\Documents\FeatureFusionMoNuSAC\SDENet-Fusion\Datasets\Glas\precomputed\train_256_stride_128\masks\train_57_patch_0010.npy,128,512,256,256,522,775,522,775,40320,0.615234375
train_57_patch_0011,train_57.bmp,C:\Users\gadda\Documents\FeatureFusionMoNuSAC\SDENet-Fusion\Datasets\Glas\precomputed\train_256_stride_128\images\train_57_patch_0011.npy,C:\Users\gadda\Documents\FeatureFusionMoNuSAC\SDENet-Fusion\Datasets\Glas\precomputed\train_256_stride_128\masks\train_57_patch_0011.npy,128,519,256,256,522,775,522,775,39993,0.6102447509765625
train_57_patch_0012,train_57.bmp,C:\Users\gadda\Documents\FeatureFusionMoNuSAC\SDENet-Fusion\Datasets\Glas\precomputed\train_256_stride_128\images\train_57_patch_0012.npy,C:\Users\gadda\Documents\FeatureFusionMoNuSAC\SDENet-Fusion\Datasets\Glas\precomputed\train_256_stride_128\masks\train_57_patch_0012.npy,256,0,256,256,522,775,522,775,34417,0.5251617431640625
train_57_patch_0013,train_57.bmp,C:\Users\gadda\Documents\FeatureFusionMoNuSAC\SDENet-Fusion\Datasets\Glas\precomputed\train_256_stride_128\images\train_57_patch_0013.npy,C:\Users\gadda\Documents\FeatureFusionMoNuSAC\SDENet-Fusion\Datasets\Glas\precomputed\train_256_stride_128\masks\train_57_patch_0013.npy,256,128,256,256,522,775,522,775,46276,0.70611572265625
train_57_patch_0014,train_57.bmp,C:\Users\gadda\Documents\FeatureFusionMoNuSAC\SDENet-Fusion\Datasets\Glas\precomputed\train_256_stride_128\images\train_57_patch_0014.npy,C:\Users\gadda\Documents\FeatureFusionMoNuSAC\SDENet-Fusion\Datasets\Glas\precomputed\train_256_stride_128\masks\train_57_patch_0014.npy,256,256,256,256,522,775,522,775,40234,0.613922119140625
train_57_patch_0015,train_57.bmp,C:\Users\gadda\Documents\FeatureFusionMoNuSAC\SDENet-Fusion\Datasets\Glas\precomputed\train_256_stride_128\images\train_57_patch_0015.npy,C:\Users\gadda\Documents\FeatureFusionMoNuSAC\SDENet-Fusion\Datasets\Glas\precomputed\train_256_stride_128\masks\train_57_patch_0015.npy,256,384,256,256,522,775,522,775,42510,0.648651123046875
train_57_patch_0016,train_57.bmp,C:\Users\gadda\Documents\FeatureFusionMoNuSAC\SDENet-Fusion\Datasets\Glas\precomputed\train_256_stride_128\images\train_57_patch_0016.npy,C:\Users\gadda\Documents\FeatureFusionMoNuSAC\SDENet-Fusion\Datasets\Glas\precomputed\train_256_stride_128\masks\train_57_patch_0016.npy,256,512,256,256,522,775,522,775,36510,0.557098388671875
train_57_patch_0017,train_57.bmp,C:\Users\gadda\Documents\FeatureFusionMoNuSAC\SDENet-Fusion\Datasets\Glas\precomputed\train_256_stride_128\images\train_57_patch_0017.npy,C:\Users\gadda\Documents\FeatureFusionMoNuSAC\SDENet-Fusion\Datasets\Glas\precomputed\train_256_stride_128\masks\train_57_patch_0017.npy,256,519,256,256,522,775,522,775,36465,0.5564117431640625
train_57_patch_0018,train_57.bmp,C:\Users\gadda\Documents\FeatureFusionMoNuSAC\SDENet-Fusion\Datasets\Glas\precomputed\train_256_stride_128\images\train_57_patch_0018.npy,C:\Users\gadda\Documents\FeatureFusionMoNuSAC\SDENet-Fusion\Datasets\Glas\precomputed\train_256_stride_128\masks\train_57_patch_0018.npy,266,0,256,256,522,775,522,775,32388,0.49420166015625
train_57_patch_0019,train_57.bmp,C:\Users\gadda\Documents\FeatureFusionMoNuSAC\SDENet-Fusion\Datasets\Glas\precomputed\train_256_stride_128\images\train_57_patch_0019.npy,C:\Users\gadda\Documents\FeatureFusionMoNuSAC\SDENet-Fusion\Datasets\Glas\precomputed\train_256_stride_128\masks\train_57_patch_0019.npy,266,128,256,256,522,775,522,775,43911,0.6700286865234375
train_57_patch_0020,train_57.bmp,C:\Users\gadda\Documents\FeatureFusionMoNuSAC\SDENet-Fusion\Datasets\Glas\precomputed\train_256_stride_128\images\train_57_patch_0020.npy,C:\Users\gadda\Documents\FeatureFusionMoNuSAC\SDENet-Fusion\Datasets\Glas\precomputed\train_256_stride_128\masks\train_57_patch_0020.npy,266,256,256,256,522,775,522,775,39149,0.5973663330078125
train_57_patch_0021,train_57.bmp,C:\Users\gadda\Documents\FeatureFusionMoNuSAC\SDENet-Fusion\Datasets\Glas\precomputed\train_256_stride_128\images\train_57_patch_0021.npy,C:\Users\gadda\Documents\FeatureFusionMoNuSAC\SDENet-Fusion\Datasets\Glas\precomputed\train_256_stride_128\masks\train_57_patch_0021.npy,266,384,256,256,522,775,522,775,41730,0.636749267578125
train_57_patch_0022,train_57.bmp,C:\Users\gadda\Documents\FeatureFusionMoNuSAC\SDENet-Fusion\Datasets\Glas\precomputed\train_256_stride_128\images\train_57_patch_0022.npy,C:\Users\gadda\Documents\FeatureFusionMoNuSAC\SDENet-Fusion\Datasets\Glas\precomputed\train_256_stride_128\masks\train_57_patch_0022.npy,266,512,256,256,522,775,522,775,35785,0.5460357666015625
train_57_patch_0023,train_57.bmp,C:\Users\gadda\Documents\FeatureFusionMoNuSAC\SDENet-Fusion\Datasets\Glas\precomputed\train_256_stride_128\images\train_57_patch_0023.npy,C:\Users\gadda\Documents\FeatureFusionMoNuSAC\SDENet-Fusion\Datasets\Glas\precomputed\train_256_stride_128\masks\train_57_patch_0023.npy,266,519,256,256,522,775,522,775,35810,0.546417236328125
train_58_patch_0000,train_58.bmp,C:\Users\gadda\Documents\FeatureFusionMoNuSAC\SDENet-Fusion\Datasets\Glas\precomputed\train_256_stride_128\images\train_58_patch_0000.npy,C:\Users\gadda\Documents\FeatureFusionMoNuSAC\SDENet-Fusion\Datasets\Glas\precomputed\train_256_stride_128\masks\train_58_patch_0000.npy,0,0,256,256,522,775,522,775,51945,0.7926177978515625
train_58_patch_0001,train_58.bmp,C:\Users\gadda\Documents\FeatureFusionMoNuSAC\SDENet-Fusion\Datasets\Glas\precomputed\train_256_stride_128\images\train_58_patch_0001.npy,C:\Users\gadda\Documents\FeatureFusionMoNuSAC\SDENet-Fusion\Datasets\Glas\precomputed\train_256_stride_128\masks\train_58_patch_0001.npy,0,128,256,256,522,775,522,775,51860,0.79132080078125
train_58_patch_0002,train_58.bmp,C:\Users\gadda\Documents\FeatureFusionMoNuSAC\SDENet-Fusion\Datasets\Glas\precomputed\train_256_stride_128\images\train_58_patch_0002.npy,C:\Users\gadda\Documents\FeatureFusionMoNuSAC\SDENet-Fusion\Datasets\Glas\precomputed\train_256_stride_128\masks\train_58_patch_0002.npy,0,256,256,256,522,775,522,775,51153,0.7805328369140625
train_58_patch_0003,train_58.bmp,C:\Users\gadda\Documents\FeatureFusionMoNuSAC\SDENet-Fusion\Datasets\Glas\precomputed\train_256_stride_128\images\train_58_patch_0003.npy,C:\Users\gadda\Documents\FeatureFusionMoNuSAC\SDENet-Fusion\Datasets\Glas\precomputed\train_256_stride_128\masks\train_58_patch_0003.npy,0,384,256,256,522,775,522,775,50409,0.7691802978515625
train_58_patch_0004,train_58.bmp,C:\Users\gadda\Documents\FeatureFusionMoNuSAC\SDENet-Fusion\Datasets\Glas\precomputed\train_256_stride_128\images\train_58_patch_0004.npy,C:\Users\gadda\Documents\FeatureFusionMoNuSAC\SDENet-Fusion\Datasets\Glas\precomputed\train_256_stride_128\masks\train_58_patch_0004.npy,0,512,256,256,522,775,522,775,41018,0.625885009765625
train_58_patch_0005,train_58.bmp,C:\Users\gadda\Documents\FeatureFusionMoNuSAC\SDENet-Fusion\Datasets\Glas\precomputed\train_256_stride_128\images\train_58_patch_0005.npy,C:\Users\gadda\Documents\FeatureFusionMoNuSAC\SDENet-Fusion\Datasets\Glas\precomputed\train_256_stride_128\masks\train_58_patch_0005.npy,0,519,256,256,522,775,522,775,40213,0.6136016845703125
train_58_patch_0006,train_58.bmp,C:\Users\gadda\Documents\FeatureFusionMoNuSAC\SDENet-Fusion\Datasets\Glas\precomputed\train_256_stride_128\images\train_58_patch_0006.npy,C:\Users\gadda\Documents\FeatureFusionMoNuSAC\SDENet-Fusion\Datasets\Glas\precomputed\train_256_stride_128\masks\train_58_patch_0006.npy,128,0,256,256,522,775,522,775,36588,0.55828857421875
train_58_patch_0007,train_58.bmp,C:\Users\gadda\Documents\FeatureFusionMoNuSAC\SDENet-Fusion\Datasets\Glas\precomputed\train_256_stride_128\images\train_58_patch_0007.npy,C:\Users\gadda\Documents\FeatureFusionMoNuSAC\SDENet-Fusion\Datasets\Glas\precomputed\train_256_stride_128\masks\train_58_patch_0007.npy,128,128,256,256,522,775,522,775,46638,0.711639404296875
train_58_patch_0008,train_58.bmp,C:\Users\gadda\Documents\FeatureFusionMoNuSAC\SDENet-Fusion\Datasets\Glas\precomputed\train_256_stride_128\images\train_58_patch_0008.npy,C:\Users\gadda\Documents\FeatureFusionMoNuSAC\SDENet-Fusion\Datasets\Glas\precomputed\train_256_stride_128\masks\train_58_patch_0008.npy,128,256,256,256,522,775,522,775,48525,0.7404327392578125
train_58_patch_0009,train_58.bmp,C:\Users\gadda\Documents\FeatureFusionMoNuSAC\SDENet-Fusion\Datasets\Glas\precomputed\train_256_stride_128\images\train_58_patch_0009.npy,C:\Users\gadda\Documents\FeatureFusionMoNuSAC\SDENet-Fusion\Datasets\Glas\precomputed\train_256_stride_128\masks\train_58_patch_0009.npy,128,384,256,256,522,775,522,775,49746,0.759063720703125
train_58_patch_0010,train_58.bmp,C:\Users\gadda\Documents\FeatureFusionMoNuSAC\SDENet-Fusion\Datasets\Glas\precomputed\train_256_stride_128\images\train_58_patch_0010.npy,C:\Users\gadda\Documents\FeatureFusionMoNuSAC\SDENet-Fusion\Datasets\Glas\precomputed\train_256_stride_128\masks\train_58_patch_0010.npy,128,512,256,256,522,775,522,775,51359,0.7836761474609375
train_58_patch_0011,train_58.bmp,C:\Users\gadda\Documents\FeatureFusionMoNuSAC\SDENet-Fusion\Datasets\Glas\precomputed\train_256_stride_128\images\train_58_patch_0011.npy,C:\Users\gadda\Documents\FeatureFusionMoNuSAC\SDENet-Fusion\Datasets\Glas\precomputed\train_256_stride_128\masks\train_58_patch_0011.npy,128,519,256,256,522,775,522,775,51289,0.7826080322265625
train_58_patch_0012,train_58.bmp,C:\Users\gadda\Documents\FeatureFusionMoNuSAC\SDENet-Fusion\Datasets\Glas\precomputed\train_256_stride_128\images\train_58_patch_0012.npy,C:\Users\gadda\Documents\FeatureFusionMoNuSAC\SDENet-Fusion\Datasets\Glas\precomputed\train_256_stride_128\masks\train_58_patch_0012.npy,256,0,256,256,522,775,522,775,30043,0.4584197998046875
train_58_patch_0013,train_58.bmp,C:\Users\gadda\Documents\FeatureFusionMoNuSAC\SDENet-Fusion\Datasets\Glas\precomputed\train_256_stride_128\images\train_58_patch_0013.npy,C:\Users\gadda\Documents\FeatureFusionMoNuSAC\SDENet-Fusion\Datasets\Glas\precomputed\train_256_stride_128\masks\train_58_patch_0013.npy,256,128,256,256,522,775,522,775,38002,0.579864501953125
train_58_patch_0014,train_58.bmp,C:\Users\gadda\Documents\FeatureFusionMoNuSAC\SDENet-Fusion\Datasets\Glas\precomputed\train_256_stride_128\images\train_58_patch_0014.npy,C:\Users\gadda\Documents\FeatureFusionMoNuSAC\SDENet-Fusion\Datasets\Glas\precomputed\train_256_stride_128\masks\train_58_patch_0014.npy,256,256,256,256,522,775,522,775,40633,0.6200103759765625
train_58_patch_0015,train_58.bmp,C:\Users\gadda\Documents\FeatureFusionMoNuSAC\SDENet-Fusion\Datasets\Glas\precomputed\train_256_stride_128\images\train_58_patch_0015.npy,C:\Users\gadda\Documents\FeatureFusionMoNuSAC\SDENet-Fusion\Datasets\Glas\precomputed\train_256_stride_128\masks\train_58_patch_0015.npy,256,384,256,256,522,775,522,775,48260,0.73638916015625
train_58_patch_0016,train_58.bmp,C:\Users\gadda\Documents\FeatureFusionMoNuSAC\SDENet-Fusion\Datasets\Glas\precomputed\train_256_stride_128\images\train_58_patch_0016.npy,C:\Users\gadda\Documents\FeatureFusionMoNuSAC\SDENet-Fusion\Datasets\Glas\precomputed\train_256_stride_128\masks\train_58_patch_0016.npy,256,512,256,256,522,775,522,775,49768,0.7593994140625
train_58_patch_0017,train_58.bmp,C:\Users\gadda\Documents\FeatureFusionMoNuSAC\SDENet-Fusion\Datasets\Glas\precomputed\train_256_stride_128\images\train_58_patch_0017.npy,C:\Users\gadda\Documents\FeatureFusionMoNuSAC\SDENet-Fusion\Datasets\Glas\precomputed\train_256_stride_128\masks\train_58_patch_0017.npy,256,519,256,256,522,775,522,775,49349,0.7530059814453125
train_58_patch_0018,train_58.bmp,C:\Users\gadda\Documents\FeatureFusionMoNuSAC\SDENet-Fusion\Datasets\Glas\precomputed\train_256_stride_128\images\train_58_patch_0018.npy,C:\Users\gadda\Documents\FeatureFusionMoNuSAC\SDENet-Fusion\Datasets\Glas\precomputed\train_256_stride_128\masks\train_58_patch_0018.npy,266,0,256,256,522,775,522,775,31130,0.475006103515625
train_58_patch_0019,train_58.bmp,C:\Users\gadda\Documents\FeatureFusionMoNuSAC\SDENet-Fusion\Datasets\Glas\precomputed\train_256_stride_128\images\train_58_patch_0019.npy,C:\Users\gadda\Documents\FeatureFusionMoNuSAC\SDENet-Fusion\Datasets\Glas\precomputed\train_256_stride_128\masks\train_58_patch_0019.npy,266,128,256,256,522,775,522,775,37719,0.5755462646484375
train_58_patch_0020,train_58.bmp,C:\Users\gadda\Documents\FeatureFusionMoNuSAC\SDENet-Fusion\Datasets\Glas\precomputed\train_256_stride_128\images\train_58_patch_0020.npy,C:\Users\gadda\Documents\FeatureFusionMoNuSAC\SDENet-Fusion\Datasets\Glas\precomputed\train_256_stride_128\masks\train_58_patch_0020.npy,266,256,256,256,522,775,522,775,39569,0.6037750244140625
train_58_patch_0021,train_58.bmp,C:\Users\gadda\Documents\FeatureFusionMoNuSAC\SDENet-Fusion\Datasets\Glas\precomputed\train_256_stride_128\images\train_58_patch_0021.npy,C:\Users\gadda\Documents\FeatureFusionMoNuSAC\SDENet-Fusion\Datasets\Glas\precomputed\train_256_stride_128\masks\train_58_patch_0021.npy,266,384,256,256,522,775,522,775,47250,0.720977783203125
train_58_patch_0022,train_58.bmp,C:\Users\gadda\Documents\FeatureFusionMoNuSAC\SDENet-Fusion\Datasets\Glas\precomputed\train_256_stride_128\images\train_58_patch_0022.npy,C:\Users\gadda\Documents\FeatureFusionMoNuSAC\SDENet-Fusion\Datasets\Glas\precomputed\train_256_stride_128\masks\train_58_patch_0022.npy,266,512,256,256,522,775,522,775,48958,0.747039794921875
train_58_patch_0023,train_58.bmp,C:\Users\gadda\Documents\FeatureFusionMoNuSAC\SDENet-Fusion\Datasets\Glas\precomputed\train_256_stride_128\images\train_58_patch_0023.npy,C:\Users\gadda\Documents\FeatureFusionMoNuSAC\SDENet-Fusion\Datasets\Glas\precomputed\train_256_stride_128\masks\train_58_patch_0023.npy,266,519,256,256,522,775,522,775,48570,0.741119384765625
train_59_patch_0000,train_59.bmp,C:\Users\gadda\Documents\FeatureFusionMoNuSAC\SDENet-Fusion\Datasets\Glas\precomputed\train_256_stride_128\images\train_59_patch_0000.npy,C:\Users\gadda\Documents\FeatureFusionMoNuSAC\SDENet-Fusion\Datasets\Glas\precomputed\train_256_stride_128\masks\train_59_patch_0000.npy,0,0,256,256,522,775,522,775,17871,0.2726898193359375
train_59_patch_0001,train_59.bmp,C:\Users\gadda\Documents\FeatureFusionMoNuSAC\SDENet-Fusion\Datasets\Glas\precomputed\train_256_stride_128\images\train_59_patch_0001.npy,C:\Users\gadda\Documents\FeatureFusionMoNuSAC\SDENet-Fusion\Datasets\Glas\precomputed\train_256_stride_128\masks\train_59_patch_0001.npy,0,128,256,256,522,775,522,775,22674,0.345977783203125
train_59_patch_0002,train_59.bmp,C:\Users\gadda\Documents\FeatureFusionMoNuSAC\SDENet-Fusion\Datasets\Glas\precomputed\train_256_stride_128\images\train_59_patch_0002.npy,C:\Users\gadda\Documents\FeatureFusionMoNuSAC\SDENet-Fusion\Datasets\Glas\precomputed\train_256_stride_128\masks\train_59_patch_0002.npy,0,256,256,256,522,775,522,775,33462,0.510589599609375
train_59_patch_0003,train_59.bmp,C:\Users\gadda\Documents\FeatureFusionMoNuSAC\SDENet-Fusion\Datasets\Glas\precomputed\train_256_stride_128\images\train_59_patch_0003.npy,C:\Users\gadda\Documents\FeatureFusionMoNuSAC\SDENet-Fusion\Datasets\Glas\precomputed\train_256_stride_128\masks\train_59_patch_0003.npy,0,384,256,256,522,775,522,775,27930,0.426177978515625
train_59_patch_0004,train_59.bmp,C:\Users\gadda\Documents\FeatureFusionMoNuSAC\SDENet-Fusion\Datasets\Glas\precomputed\train_256_stride_128\images\train_59_patch_0004.npy,C:\Users\gadda\Documents\FeatureFusionMoNuSAC\SDENet-Fusion\Datasets\Glas\precomputed\train_256_stride_128\masks\train_59_patch_0004.npy,0,512,256,256,522,775,522,775,17475,0.2666473388671875
train_59_patch_0005,train_59.bmp,C:\Users\gadda\Documents\FeatureFusionMoNuSAC\SDENet-Fusion\Datasets\Glas\precomputed\train_256_stride_128\images\train_59_patch_0005.npy,C:\Users\gadda\Documents\FeatureFusionMoNuSAC\SDENet-Fusion\Datasets\Glas\precomputed\train_256_stride_128\masks\train_59_patch_0005.npy,0,519,256,256,522,775,522,775,16593,0.2531890869140625
train_59_patch_0006,train_59.bmp,C:\Users\gadda\Documents\FeatureFusionMoNuSAC\SDENet-Fusion\Datasets\Glas\precomputed\train_256_stride_128\images\train_59_patch_0006.npy,C:\Users\gadda\Documents\FeatureFusionMoNuSAC\SDENet-Fusion\Datasets\Glas\precomputed\train_256_stride_128\masks\train_59_patch_0006.npy,128,0,256,256,522,775,522,775,34705,0.5295562744140625
train_59_patch_0007,train_59.bmp,C:\Users\gadda\Documents\FeatureFusionMoNuSAC\SDENet-Fusion\Datasets\Glas\precomputed\train_256_stride_128\images\train_59_patch_0007.npy,C:\Users\gadda\Documents\FeatureFusionMoNuSAC\SDENet-Fusion\Datasets\Glas\precomputed\train_256_stride_128\masks\train_59_patch_0007.npy,128,128,256,256,522,775,522,775,33134,0.505584716796875
train_59_patch_0008,train_59.bmp,C:\Users\gadda\Documents\FeatureFusionMoNuSAC\SDENet-Fusion\Datasets\Glas\precomputed\train_256_stride_128\images\train_59_patch_0008.npy,C:\Users\gadda\Documents\FeatureFusionMoNuSAC\SDENet-Fusion\Datasets\Glas\precomputed\train_256_stride_128\masks\train_59_patch_0008.npy,128,256,256,256,522,775,522,775,43734,0.667327880859375
train_59_patch_0009,train_59.bmp,C:\Users\gadda\Documents\FeatureFusionMoNuSAC\SDENet-Fusion\Datasets\Glas\precomputed\train_256_stride_128\images\train_59_patch_0009.npy,C:\Users\gadda\Documents\FeatureFusionMoNuSAC\SDENet-Fusion\Datasets\Glas\precomputed\train_256_stride_128\masks\train_59_patch_0009.npy,128,384,256,256,522,775,522,775,40591,0.6193695068359375
train_59_patch_0010,train_59.bmp,C:\Users\gadda\Documents\FeatureFusionMoNuSAC\SDENet-Fusion\Datasets\Glas\precomputed\train_256_stride_128\images\train_59_patch_0010.npy,C:\Users\gadda\Documents\FeatureFusionMoNuSAC\SDENet-Fusion\Datasets\Glas\precomputed\train_256_stride_128\masks\train_59_patch_0010.npy,128,512,256,256,522,775,522,775,27216,0.415283203125
train_59_patch_0011,train_59.bmp,C:\Users\gadda\Documents\FeatureFusionMoNuSAC\SDENet-Fusion\Datasets\Glas\precomputed\train_256_stride_128\images\train_59_patch_0011.npy,C:\Users\gadda\Documents\FeatureFusionMoNuSAC\SDENet-Fusion\Datasets\Glas\precomputed\train_256_stride_128\masks\train_59_patch_0011.npy,128,519,256,256,522,775,522,775,26843,0.4095916748046875
train_59_patch_0012,train_59.bmp,C:\Users\gadda\Documents\FeatureFusionMoNuSAC\SDENet-Fusion\Datasets\Glas\precomputed\train_256_stride_128\images\train_59_patch_0012.npy,C:\Users\gadda\Documents\FeatureFusionMoNuSAC\SDENet-Fusion\Datasets\Glas\precomputed\train_256_stride_128\masks\train_59_patch_0012.npy,256,0,256,256,522,775,522,775,36712,0.5601806640625
train_59_patch_0013,train_59.bmp,C:\Users\gadda\Documents\FeatureFusionMoNuSAC\SDENet-Fusion\Datasets\Glas\precomputed\train_256_stride_128\images\train_59_patch_0013.npy,C:\Users\gadda\Documents\FeatureFusionMoNuSAC\SDENet-Fusion\Datasets\Glas\precomputed\train_256_stride_128\masks\train_59_patch_0013.npy,256,128,256,256,522,775,522,775,35836,0.54681396484375
train_59_patch_0014,train_59.bmp,C:\Users\gadda\Documents\FeatureFusionMoNuSAC\SDENet-Fusion\Datasets\Glas\precomputed\train_256_stride_128\images\train_59_patch_0014.npy,C:\Users\gadda\Documents\FeatureFusionMoNuSAC\SDENet-Fusion\Datasets\Glas\precomputed\train_256_stride_128\masks\train_59_patch_0014.npy,256,256,256,256,522,775,522,775,39190,0.597991943359375
train_59_patch_0015,train_59.bmp,C:\Users\gadda\Documents\FeatureFusionMoNuSAC\SDENet-Fusion\Datasets\Glas\precomputed\train_256_stride_128\images\train_59_patch_0015.npy,C:\Users\gadda\Documents\FeatureFusionMoNuSAC\SDENet-Fusion\Datasets\Glas\precomputed\train_256_stride_128\masks\train_59_patch_0015.npy,256,384,256,256,522,775,522,775,42391,0.6468353271484375
train_59_patch_0016,train_59.bmp,C:\Users\gadda\Documents\FeatureFusionMoNuSAC\SDENet-Fusion\Datasets\Glas\precomputed\train_256_stride_128\images\train_59_patch_0016.npy,C:\Users\gadda\Documents\FeatureFusionMoNuSAC\SDENet-Fusion\Datasets\Glas\precomputed\train_256_stride_128\masks\train_59_patch_0016.npy,256,512,256,256,522,775,522,775,27281,0.4162750244140625
train_59_patch_0017,train_59.bmp,C:\Users\gadda\Documents\FeatureFusionMoNuSAC\SDENet-Fusion\Datasets\Glas\precomputed\train_256_stride_128\images\train_59_patch_0017.npy,C:\Users\gadda\Documents\FeatureFusionMoNuSAC\SDENet-Fusion\Datasets\Glas\precomputed\train_256_stride_128\masks\train_59_patch_0017.npy,256,519,256,256,522,775,522,775,27211,0.4152069091796875
train_59_patch_0018,train_59.bmp,C:\Users\gadda\Documents\FeatureFusionMoNuSAC\SDENet-Fusion\Datasets\Glas\precomputed\train_256_stride_128\images\train_59_patch_0018.npy,C:\Users\gadda\Documents\FeatureFusionMoNuSAC\SDENet-Fusion\Datasets\Glas\precomputed\train_256_stride_128\masks\train_59_patch_0018.npy,266,0,256,256,522,775,522,775,35968,0.548828125
train_59_patch_0019,train_59.bmp,C:\Users\gadda\Documents\FeatureFusionMoNuSAC\SDENet-Fusion\Datasets\Glas\precomputed\train_256_stride_128\images\train_59_patch_0019.npy,C:\Users\gadda\Documents\FeatureFusionMoNuSAC\SDENet-Fusion\Datasets\Glas\precomputed\train_256_stride_128\masks\train_59_patch_0019.npy,266,128,256,256,522,775,522,775,35988,0.54913330078125
train_59_patch_0020,train_59.bmp,C:\Users\gadda\Documents\FeatureFusionMoNuSAC\SDENet-Fusion\Datasets\Glas\precomputed\train_256_stride_128\images\train_59_patch_0020.npy,C:\Users\gadda\Documents\FeatureFusionMoNuSAC\SDENet-Fusion\Datasets\Glas\precomputed\train_256_stride_128\masks\train_59_patch_0020.npy,266,256,256,256,522,775,522,775,39179,0.5978240966796875
train_59_patch_0021,train_59.bmp,C:\Users\gadda\Documents\FeatureFusionMoNuSAC\SDENet-Fusion\Datasets\Glas\precomputed\train_256_stride_128\images\train_59_patch_0021.npy,C:\Users\gadda\Documents\FeatureFusionMoNuSAC\SDENet-Fusion\Datasets\Glas\precomputed\train_256_stride_128\masks\train_59_patch_0021.npy,266,384,256,256,522,775,522,775,42404,0.64703369140625
train_59_patch_0022,train_59.bmp,C:\Users\gadda\Documents\FeatureFusionMoNuSAC\SDENet-Fusion\Datasets\Glas\precomputed\train_256_stride_128\images\train_59_patch_0022.npy,C:\Users\gadda\Documents\FeatureFusionMoNuSAC\SDENet-Fusion\Datasets\Glas\precomputed\train_256_stride_128\masks\train_59_patch_0022.npy,266,512,256,256,522,775,522,775,26757,0.4082794189453125
train_59_patch_0023,train_59.bmp,C:\Users\gadda\Documents\FeatureFusionMoNuSAC\SDENet-Fusion\Datasets\Glas\precomputed\train_256_stride_128\images\train_59_patch_0023.npy,C:\Users\gadda\Documents\FeatureFusionMoNuSAC\SDENet-Fusion\Datasets\Glas\precomputed\train_256_stride_128\masks\train_59_patch_0023.npy,266,519,256,256,522,775,522,775,26617,0.4061431884765625
train_6_patch_0000,train_6.bmp,C:\Users\gadda\Documents\FeatureFusionMoNuSAC\SDENet-Fusion\Datasets\Glas\precomputed\train_256_stride_128\images\train_6_patch_0000.npy,C:\Users\gadda\Documents\FeatureFusionMoNuSAC\SDENet-Fusion\Datasets\Glas\precomputed\train_256_stride_128\masks\train_6_patch_0000.npy,0,0,256,256,522,775,522,775,20999,0.3204193115234375
train_6_patch_0001,train_6.bmp,C:\Users\gadda\Documents\FeatureFusionMoNuSAC\SDENet-Fusion\Datasets\Glas\precomputed\train_256_stride_128\images\train_6_patch_0001.npy,C:\Users\gadda\Documents\FeatureFusionMoNuSAC\SDENet-Fusion\Datasets\Glas\precomputed\train_256_stride_128\masks\train_6_patch_0001.npy,0,128,256,256,522,775,522,775,17705,0.2701568603515625
train_6_patch_0002,train_6.bmp,C:\Users\gadda\Documents\FeatureFusionMoNuSAC\SDENet-Fusion\Datasets\Glas\precomputed\train_256_stride_128\images\train_6_patch_0002.npy,C:\Users\gadda\Documents\FeatureFusionMoNuSAC\SDENet-Fusion\Datasets\Glas\precomputed\train_256_stride_128\masks\train_6_patch_0002.npy,0,256,256,256,522,775,522,775,7968,0.12158203125
train_6_patch_0003,train_6.bmp,C:\Users\gadda\Documents\FeatureFusionMoNuSAC\SDENet-Fusion\Datasets\Glas\precomputed\train_256_stride_128\images\train_6_patch_0003.npy,C:\Users\gadda\Documents\FeatureFusionMoNuSAC\SDENet-Fusion\Datasets\Glas\precomputed\train_256_stride_128\masks\train_6_patch_0003.npy,0,384,256,256,522,775,522,775,0,0.0
train_6_patch_0004,train_6.bmp,C:\Users\gadda\Documents\FeatureFusionMoNuSAC\SDENet-Fusion\Datasets\Glas\precomputed\train_256_stride_128\images\train_6_patch_0004.npy,C:\Users\gadda\Documents\FeatureFusionMoNuSAC\SDENet-Fusion\Datasets\Glas\precomputed\train_256_stride_128\masks\train_6_patch_0004.npy,0,512,256,256,522,775,522,775,0,0.0
train_6_patch_0005,train_6.bmp,C:\Users\gadda\Documents\FeatureFusionMoNuSAC\SDENet-Fusion\Datasets\Glas\precomputed\train_256_stride_128\images\train_6_patch_0005.npy,C:\Users\gadda\Documents\FeatureFusionMoNuSAC\SDENet-Fusion\Datasets\Glas\precomputed\train_256_stride_128\masks\train_6_patch_0005.npy,0,519,256,256,522,775,522,775,0,0.0
train_6_patch_0006,train_6.bmp,C:\Users\gadda\Documents\FeatureFusionMoNuSAC\SDENet-Fusion\Datasets\Glas\precomputed\train_256_stride_128\images\train_6_patch_0006.npy,C:\Users\gadda\Documents\FeatureFusionMoNuSAC\SDENet-Fusion\Datasets\Glas\precomputed\train_256_stride_128\masks\train_6_patch_0006.npy,128,0,256,256,522,775,522,775,36225,0.5527496337890625
train_6_patch_0007,train_6.bmp,C:\Users\gadda\Documents\FeatureFusionMoNuSAC\SDENet-Fusion\Datasets\Glas\precomputed\train_256_stride_128\images\train_6_patch_0007.npy,C:\Users\gadda\Documents\FeatureFusionMoNuSAC\SDENet-Fusion\Datasets\Glas\precomputed\train_256_stride_128\masks\train_6_patch_0007.npy,128,128,256,256,522,775,522,775,26894,0.410369873046875
train_6_patch_0008,train_6.bmp,C:\Users\gadda\Documents\FeatureFusionMoNuSAC\SDENet-Fusion\Datasets\Glas\precomputed\train_256_stride_128\images\train_6_patch_0008.npy,C:\Users\gadda\Documents\FeatureFusionMoNuSAC\SDENet-Fusion\Datasets\Glas\precomputed\train_256_stride_128\masks\train_6_patch_0008.npy,128,256,256,256,522,775,522,775,7938,0.121124267578125
train_6_patch_0009,train_6.bmp,C:\Users\gadda\Documents\FeatureFusionMoNuSAC\SDENet-Fusion\Datasets\Glas\precomputed\train_256_stride_128\images\train_6_patch_0009.npy,C:\Users\gadda\Documents\FeatureFusionMoNuSAC\SDENet-Fusion\Datasets\Glas\precomputed\train_256_stride_128\masks\train_6_patch_0009.npy,128,384,256,256,522,775,522,775,0,0.0
train_6_patch_0010,train_6.bmp,C:\Users\gadda\Documents\FeatureFusionMoNuSAC\SDENet-Fusion\Datasets\Glas\precomputed\train_256_stride_128\images\train_6_patch_0010.npy,C:\Users\gadda\Documents\FeatureFusionMoNuSAC\SDENet-Fusion\Datasets\Glas\precomputed\train_256_stride_128\masks\train_6_patch_0010.npy,128,512,256,256,522,775,522,775,0,0.0
train_6_patch_0011,train_6.bmp,C:\Users\gadda\Documents\FeatureFusionMoNuSAC\SDENet-Fusion\Datasets\Glas\precomputed\train_256_stride_128\images\train_6_patch_0011.npy,C:\Users\gadda\Documents\FeatureFusionMoNuSAC\SDENet-Fusion\Datasets\Glas\precomputed\train_256_stride_128\masks\train_6_patch_0011.npy,128,519,256,256,522,775,522,775,0,0.0
train_6_patch_0012,train_6.bmp,C:\Users\gadda\Documents\FeatureFusionMoNuSAC\SDENet-Fusion\Datasets\Glas\precomputed\train_256_stride_128\images\train_6_patch_0012.npy,C:\Users\gadda\Documents\FeatureFusionMoNuSAC\SDENet-Fusion\Datasets\Glas\precomputed\train_256_stride_128\masks\train_6_patch_0012.npy,256,0,256,256,522,775,522,775,21807,0.3327484130859375
train_6_patch_0013,train_6.bmp,C:\Users\gadda\Documents\FeatureFusionMoNuSAC\SDENet-Fusion\Datasets\Glas\precomputed\train_256_stride_128\images\train_6_patch_0013.npy,C:\Users\gadda\Documents\FeatureFusionMoNuSAC\SDENet-Fusion\Datasets\Glas\precomputed\train_256_stride_128\masks\train_6_patch_0013.npy,256,128,256,256,522,775,522,775,16193,0.2470855712890625
train_6_patch_0014,train_6.bmp,C:\Users\gadda\Documents\FeatureFusionMoNuSAC\SDENet-Fusion\Datasets\Glas\precomputed\train_256_stride_128\images\train_6_patch_0014.npy,C:\Users\gadda\Documents\FeatureFusionMoNuSAC\SDENet-Fusion\Datasets\Glas\precomputed\train_256_stride_128\masks\train_6_patch_0014.npy,256,256,256,256,522,775,522,775,5530,0.084381103515625
train_6_patch_0015,train_6.bmp,C:\Users\gadda\Documents\FeatureFusionMoNuSAC\SDENet-Fusion\Datasets\Glas\precomputed\train_256_stride_128\images\train_6_patch_0015.npy,C:\Users\gadda\Documents\FeatureFusionMoNuSAC\SDENet-Fusion\Datasets\Glas\precomputed\train_256_stride_128\masks\train_6_patch_0015.npy,256,384,256,256,522,775,522,775,0,0.0
train_6_patch_0016,train_6.bmp,C:\Users\gadda\Documents\FeatureFusionMoNuSAC\SDENet-Fusion\Datasets\Glas\precomputed\train_256_stride_128\images\train_6_patch_0016.npy,C:\Users\gadda\Documents\FeatureFusionMoNuSAC\SDENet-Fusion\Datasets\Glas\precomputed\train_256_stride_128\masks\train_6_patch_0016.npy,256,512,256,256,522,775,522,775,0,0.0
train_6_patch_0017,train_6.bmp,C:\Users\gadda\Documents\FeatureFusionMoNuSAC\SDENet-Fusion\Datasets\Glas\precomputed\train_256_stride_128\images\train_6_patch_0017.npy,C:\Users\gadda\Documents\FeatureFusionMoNuSAC\SDENet-Fusion\Datasets\Glas\precomputed\train_256_stride_128\masks\train_6_patch_0017.npy,256,519,256,256,522,775,522,775,0,0.0
train_6_patch_0018,train_6.bmp,C:\Users\gadda\Documents\FeatureFusionMoNuSAC\SDENet-Fusion\Datasets\Glas\precomputed\train_256_stride_128\images\train_6_patch_0018.npy,C:\Users\gadda\Documents\FeatureFusionMoNuSAC\SDENet-Fusion\Datasets\Glas\precomputed\train_256_stride_128\masks\train_6_patch_0018.npy,266,0,256,256,522,775,522,775,20529,0.3132476806640625
train_6_patch_0019,train_6.bmp,C:\Users\gadda\Documents\FeatureFusionMoNuSAC\SDENet-Fusion\Datasets\Glas\precomputed\train_256_stride_128\images\train_6_patch_0019.npy,C:\Users\gadda\Documents\FeatureFusionMoNuSAC\SDENet-Fusion\Datasets\Glas\precomputed\train_256_stride_128\masks\train_6_patch_0019.npy,266,128,256,256,522,775,522,775,16005,0.2442169189453125
train_6_patch_0020,train_6.bmp,C:\Users\gadda\Documents\FeatureFusionMoNuSAC\SDENet-Fusion\Datasets\Glas\precomputed\train_256_stride_128\images\train_6_patch_0020.npy,C:\Users\gadda\Documents\FeatureFusionMoNuSAC\SDENet-Fusion\Datasets\Glas\precomputed\train_256_stride_128\masks\train_6_patch_0020.npy,266,256,256,256,522,775,522,775,6231,0.0950775146484375
train_6_patch_0021,train_6.bmp,C:\Users\gadda\Documents\FeatureFusionMoNuSAC\SDENet-Fusion\Datasets\Glas\precomputed\train_256_stride_128\images\train_6_patch_0021.npy,C:\Users\gadda\Documents\FeatureFusionMoNuSAC\SDENet-Fusion\Datasets\Glas\precomputed\train_256_stride_128\masks\train_6_patch_0021.npy,266,384,256,256,522,775,522,775,0,0.0
train_6_patch_0022,train_6.bmp,C:\Users\gadda\Documents\FeatureFusionMoNuSAC\SDENet-Fusion\Datasets\Glas\precomputed\train_256_stride_128\images\train_6_patch_0022.npy,C:\Users\gadda\Documents\FeatureFusionMoNuSAC\SDENet-Fusion\Datasets\Glas\precomputed\train_256_stride_128\masks\train_6_patch_0022.npy,266,512,256,256,522,775,522,775,0,0.0
train_6_patch_0023,train_6.bmp,C:\Users\gadda\Documents\FeatureFusionMoNuSAC\SDENet-Fusion\Datasets\Glas\precomputed\train_256_stride_128\images\train_6_patch_0023.npy,C:\Users\gadda\Documents\FeatureFusionMoNuSAC\SDENet-Fusion\Datasets\Glas\precomputed\train_256_stride_128\masks\train_6_patch_0023.npy,266,519,256,256,522,775,522,775,0,0.0
train_60_patch_0000,train_60.bmp,C:\Users\gadda\Documents\FeatureFusionMoNuSAC\SDENet-Fusion\Datasets\Glas\precomputed\train_256_stride_128\images\train_60_patch_0000.npy,C:\Users\gadda\Documents\FeatureFusionMoNuSAC\SDENet-Fusion\Datasets\Glas\precomputed\train_256_stride_128\masks\train_60_patch_0000.npy,0,0,256,256,522,775,522,775,53487,0.8161468505859375
train_60_patch_0001,train_60.bmp,C:\Users\gadda\Documents\FeatureFusionMoNuSAC\SDENet-Fusion\Datasets\Glas\precomputed\train_256_stride_128\images\train_60_patch_0001.npy,C:\Users\gadda\Documents\FeatureFusionMoNuSAC\SDENet-Fusion\Datasets\Glas\precomputed\train_256_stride_128\masks\train_60_patch_0001.npy,0,128,256,256,522,775,522,775,39524,0.60308837890625
train_60_patch_0002,train_60.bmp,C:\Users\gadda\Documents\FeatureFusionMoNuSAC\SDENet-Fusion\Datasets\Glas\precomputed\train_256_stride_128\images\train_60_patch_0002.npy,C:\Users\gadda\Documents\FeatureFusionMoNuSAC\SDENet-Fusion\Datasets\Glas\precomputed\train_256_stride_128\masks\train_60_patch_0002.npy,0,256,256,256,522,775,522,775,41166,0.628143310546875
train_60_patch_0003,train_60.bmp,C:\Users\gadda\Documents\FeatureFusionMoNuSAC\SDENet-Fusion\Datasets\Glas\precomputed\train_256_stride_128\images\train_60_patch_0003.npy,C:\Users\gadda\Documents\FeatureFusionMoNuSAC\SDENet-Fusion\Datasets\Glas\precomputed\train_256_stride_128\masks\train_60_patch_0003.npy,0,384,256,256,522,775,522,775,51102,0.779754638671875
train_60_patch_0004,train_60.bmp,C:\Users\gadda\Documents\FeatureFusionMoNuSAC\SDENet-Fusion\Datasets\Glas\precomputed\train_256_stride_128\images\train_60_patch_0004.npy,C:\Users\gadda\Documents\FeatureFusionMoNuSAC\SDENet-Fusion\Datasets\Glas\precomputed\train_256_stride_128\masks\train_60_patch_0004.npy,0,512,256,256,522,775,522,775,30452,0.46466064453125
train_60_patch_0005,train_60.bmp,C:\Users\gadda\Documents\FeatureFusionMoNuSAC\SDENet-Fusion\Datasets\Glas\precomputed\train_256_stride_128\images\train_60_patch_0005.npy,C:\Users\gadda\Documents\FeatureFusionMoNuSAC\SDENet-Fusion\Datasets\Glas\precomputed\train_256_stride_128\masks\train_60_patch_0005.npy,0,519,256,256,522,775,522,775,29137,0.4445953369140625
train_60_patch_0006,train_60.bmp,C:\Users\gadda\Documents\FeatureFusionMoNuSAC\SDENet-Fusion\Datasets\Glas\precomputed\train_256_stride_128\images\train_60_patch_0006.npy,C:\Users\gadda\Documents\FeatureFusionMoNuSAC\SDENet-Fusion\Datasets\Glas\precomputed\train_256_stride_128\masks\train_60_patch_0006.npy,128,0,256,256,522,775,522,775,52818,0.805938720703125
train_60_patch_0007,train_60.bmp,C:\Users\gadda\Documents\FeatureFusionMoNuSAC\SDENet-Fusion\Datasets\Glas\precomputed\train_256_stride_128\images\train_60_patch_0007.npy,C:\Users\gadda\Documents\FeatureFusionMoNuSAC\SDENet-Fusion\Datasets\Glas\precomputed\train_256_stride_128\masks\train_60_patch_0007.npy,128,128,256,256,522,775,522,775,44687,0.6818695068359375
train_60_patch_0008,train_60.bmp,C:\Users\gadda\Documents\FeatureFusionMoNuSAC\SDENet-Fusion\Datasets\Glas\precomputed\train_256_stride_128\images\train_60_patch_0008.npy,C:\Users\gadda\Documents\FeatureFusionMoNuSAC\SDENet-Fusion\Datasets\Glas\precomputed\train_256_stride_128\masks\train_60_patch_0008.npy,128,256,256,256,522,775,522,775,43599,0.6652679443359375
train_60_patch_0009,train_60.bmp,C:\Users\gadda\Documents\FeatureFusionMoNuSAC\SDENet-Fusion\Datasets\Glas\precomputed\train_256_stride_128\images\train_60_patch_0009.npy,C:\Users\gadda\Documents\FeatureFusionMoNuSAC\SDENet-Fusion\Datasets\Glas\precomputed\train_256_stride_128\masks\train_60_patch_0009.npy,128,384,256,256,522,775,522,775,48563,0.7410125732421875
train_60_patch_0010,train_60.bmp,C:\Users\gadda\Documents\FeatureFusionMoNuSAC\SDENet-Fusion\Datasets\Glas\precomputed\train_256_stride_128\images\train_60_patch_0010.npy,C:\Users\gadda\Documents\FeatureFusionMoNuSAC\SDENet-Fusion\Datasets\Glas\precomputed\train_256_stride_128\masks\train_60_patch_0010.npy,128,512,256,256,522,775,522,775,47548,0.72552490234375
train_60_patch_0011,train_60.bmp,C:\Users\gadda\Documents\FeatureFusionMoNuSAC\SDENet-Fusion\Datasets\Glas\precomputed\train_256_stride_128\images\train_60_patch_0011.npy,C:\Users\gadda\Documents\FeatureFusionMoNuSAC\SDENet-Fusion\Datasets\Glas\precomputed\train_256_stride_128\masks\train_60_patch_0011.npy,128,519,256,256,522,775,522,775,47113,0.7188873291015625
train_60_patch_0012,train_60.bmp,C:\Users\gadda\Documents\FeatureFusionMoNuSAC\SDENet-Fusion\Datasets\Glas\precomputed\train_256_stride_128\images\train_60_patch_0012.npy,C:\Users\gadda\Documents\FeatureFusionMoNuSAC\SDENet-Fusion\Datasets\Glas\precomputed\train_256_stride_128\masks\train_60_patch_0012.npy,256,0,256,256,522,775,522,775,40425,0.6168365478515625
train_60_patch_0013,train_60.bmp,C:\Users\gadda\Documents\FeatureFusionMoNuSAC\SDENet-Fusion\Datasets\Glas\precomputed\train_256_stride_128\images\train_60_patch_0013.npy,C:\Users\gadda\Documents\FeatureFusionMoNuSAC\SDENet-Fusion\Datasets\Glas\precomputed\train_256_stride_128\masks\train_60_patch_0013.npy,256,128,256,256,522,775,522,775,34460,0.52581787109375
train_60_patch_0014,train_60.bmp,C:\Users\gadda\Documents\FeatureFusionMoNuSAC\SDENet-Fusion\Datasets\Glas\precomputed\train_256_stride_128\images\train_60_patch_0014.npy,C:\Users\gadda\Documents\FeatureFusionMoNuSAC\SDENet-Fusion\Datasets\Glas\precomputed\train_256_stride_128\masks\train_60_patch_0014.npy,256,256,256,256,522,775,522,775,38182,0.582611083984375
train_60_patch_0015,train_60.bmp,C:\Users\gadda\Documents\FeatureFusionMoNuSAC\SDENet-Fusion\Datasets\Glas\precomputed\train_256_stride_128\images\train_60_patch_0015.npy,C:\Users\gadda\Documents\FeatureFusionMoNuSAC\SDENet-Fusion\Datasets\Glas\precomputed\train_256_stride_128\masks\train_60_patch_0015.npy,256,384,256,256,522,775,522,775,47922,0.731231689453125
train_60_patch_0016,train_60.bmp,C:\Users\gadda\Documents\FeatureFusionMoNuSAC\SDENet-Fusion\Datasets\Glas\precomputed\train_256_stride_128\images\train_60_patch_0016.npy,C:\Users\gadda\Documents\FeatureFusionMoNuSAC\SDENet-Fusion\Datasets\Glas\precomputed\train_256_stride_128\masks\train_60_patch_0016.npy,256,512,256,256,522,775,522,775,61339,0.9359588623046875
train_60_patch_0017,train_60.bmp,C:\Users\gadda\Documents\FeatureFusionMoNuSAC\SDENet-Fusion\Datasets\Glas\precomputed\train_256_stride_128\images\train_60_patch_0017.npy,C:\Users\gadda\Documents\FeatureFusionMoNuSAC\SDENet-Fusion\Datasets\Glas\precomputed\train_256_stride_128\masks\train_60_patch_0017.npy,256,519,256,256,522,775,522,775,61439,0.9374847412109375
train_60_patch_0018,train_60.bmp,C:\Users\gadda\Documents\FeatureFusionMoNuSAC\SDENet-Fusion\Datasets\Glas\precomputed\train_256_stride_128\images\train_60_patch_0018.npy,C:\Users\gadda\Documents\FeatureFusionMoNuSAC\SDENet-Fusion\Datasets\Glas\precomputed\train_256_stride_128\masks\train_60_patch_0018.npy,266,0,256,256,522,775,522,775,41066,0.626617431640625
train_60_patch_0019,train_60.bmp,C:\Users\gadda\Documents\FeatureFusionMoNuSAC\SDENet-Fusion\Datasets\Glas\precomputed\train_256_stride_128\images\train_60_patch_0019.npy,C:\Users\gadda\Documents\FeatureFusionMoNuSAC\SDENet-Fusion\Datasets\Glas\precomputed\train_256_stride_128\masks\train_60_patch_0019.npy,266,128,256,256,522,775,522,775,34536,0.5269775390625
train_60_patch_0020,train_60.bmp,C:\Users\gadda\Documents\FeatureFusionMoNuSAC\SDENet-Fusion\Datasets\Glas\precomputed\train_256_stride_128\images\train_60_patch_0020.npy,C:\Users\gadda\Documents\FeatureFusionMoNuSAC\SDENet-Fusion\Datasets\Glas\precomputed\train_256_stride_128\masks\train_60_patch_0020.npy,266,256,256,256,522,775,522,775,36882,0.562774658203125
train_60_patch_0021,train_60.bmp,C:\Users\gadda\Documents\FeatureFusionMoNuSAC\SDENet-Fusion\Datasets\Glas\precomputed\train_256_stride_128\images\train_60_patch_0021.npy,C:\Users\gadda\Documents\FeatureFusionMoNuSAC\SDENet-Fusion\Datasets\Glas\precomputed\train_256_stride_128\masks\train_60_patch_0021.npy,266,384,256,256,522,775,522,775,46662,0.712005615234375
train_60_patch_0022,train_60.bmp,C:\Users\gadda\Documents\FeatureFusionMoNuSAC\SDENet-Fusion\Datasets\Glas\precomputed\train_256_stride_128\images\train_60_patch_0022.npy,C:\Users\gadda\Documents\FeatureFusionMoNuSAC\SDENet-Fusion\Datasets\Glas\precomputed\train_256_stride_128\masks\train_60_patch_0022.npy,266,512,256,256,522,775,522,775,60997,0.9307403564453125
train_60_patch_0023,train_60.bmp,C:\Users\gadda\Documents\FeatureFusionMoNuSAC\SDENet-Fusion\Datasets\Glas\precomputed\train_256_stride_128\images\train_60_patch_0023.npy,C:\Users\gadda\Documents\FeatureFusionMoNuSAC\SDENet-Fusion\Datasets\Glas\precomputed\train_256_stride_128\masks\train_60_patch_0023.npy,266,519,256,256,522,775,522,775,61167,0.9333343505859375
train_61_patch_0000,train_61.bmp,C:\Users\gadda\Documents\FeatureFusionMoNuSAC\SDENet-Fusion\Datasets\Glas\precomputed\train_256_stride_128\images\train_61_patch_0000.npy,C:\Users\gadda\Documents\FeatureFusionMoNuSAC\SDENet-Fusion\Datasets\Glas\precomputed\train_256_stride_128\masks\train_61_patch_0000.npy,0,0,256,256,522,775,522,775,38166,0.582366943359375
train_61_patch_0001,train_61.bmp,C:\Users\gadda\Documents\FeatureFusionMoNuSAC\SDENet-Fusion\Datasets\Glas\precomputed\train_256_stride_128\images\train_61_patch_0001.npy,C:\Users\gadda\Documents\FeatureFusionMoNuSAC\SDENet-Fusion\Datasets\Glas\precomputed\train_256_stride_128\masks\train_61_patch_0001.npy,0,128,256,256,522,775,522,775,34784,0.53076171875
train_61_patch_0002,train_61.bmp,C:\Users\gadda\Documents\FeatureFusionMoNuSAC\SDENet-Fusion\Datasets\Glas\precomputed\train_256_stride_128\images\train_61_patch_0002.npy,C:\Users\gadda\Documents\FeatureFusionMoNuSAC\SDENet-Fusion\Datasets\Glas\precomputed\train_256_stride_128\masks\train_61_patch_0002.npy,0,256,256,256,522,775,522,775,28917,0.4412384033203125
train_61_patch_0003,train_61.bmp,C:\Users\gadda\Documents\FeatureFusionMoNuSAC\SDENet-Fusion\Datasets\Glas\precomputed\train_256_stride_128\images\train_61_patch_0003.npy,C:\Users\gadda\Documents\FeatureFusionMoNuSAC\SDENet-Fusion\Datasets\Glas\precomputed\train_256_stride_128\masks\train_61_patch_0003.npy,0,384,256,256,522,775,522,775,22880,0.34912109375
train_61_patch_0004,train_61.bmp,C:\Users\gadda\Documents\FeatureFusionMoNuSAC\SDENet-Fusion\Datasets\Glas\precomputed\train_256_stride_128\images\train_61_patch_0004.npy,C:\Users\gadda\Documents\FeatureFusionMoNuSAC\SDENet-Fusion\Datasets\Glas\precomputed\train_256_stride_128\masks\train_61_patch_0004.npy,0,512,256,256,522,775,522,775,17561,0.2679595947265625
train_61_patch_0005,train_61.bmp,C:\Users\gadda\Documents\FeatureFusionMoNuSAC\SDENet-Fusion\Datasets\Glas\precomputed\train_256_stride_128\images\train_61_patch_0005.npy,C:\Users\gadda\Documents\FeatureFusionMoNuSAC\SDENet-Fusion\Datasets\Glas\precomputed\train_256_stride_128\masks\train_61_patch_0005.npy,0,519,256,256,522,775,522,775,17102,0.260955810546875
train_61_patch_0006,train_61.bmp,C:\Users\gadda\Documents\FeatureFusionMoNuSAC\SDENet-Fusion\Datasets\Glas\precomputed\train_256_stride_128\images\train_61_patch_0006.npy,C:\Users\gadda\Documents\FeatureFusionMoNuSAC\SDENet-Fusion\Datasets\Glas\precomputed\train_256_stride_128\masks\train_61_patch_0006.npy,128,0,256,256,522,775,522,775,22050,0.336456298828125
train_61_patch_0007,train_61.bmp,C:\Users\gadda\Documents\FeatureFusionMoNuSAC\SDENet-Fusion\Datasets\Glas\precomputed\train_256_stride_128\images\train_61_patch_0007.npy,C:\Users\gadda\Documents\FeatureFusionMoNuSAC\SDENet-Fusion\Datasets\Glas\precomputed\train_256_stride_128\masks\train_61_patch_0007.npy,128,128,256,256,522,775,522,775,10865,0.1657867431640625
train_61_patch_0008,train_61.bmp,C:\Users\gadda\Documents\FeatureFusionMoNuSAC\SDENet-Fusion\Datasets\Glas\precomputed\train_256_stride_128\images\train_61_patch_0008.npy,C:\Users\gadda\Documents\FeatureFusionMoNuSAC\SDENet-Fusion\Datasets\Glas\precomputed\train_256_stride_128\masks\train_61_patch_0008.npy,128,256,256,256,522,775,522,775,12815,0.1955413818359375
train_61_patch_0009,train_61.bmp,C:\Users\gadda\Documents\FeatureFusionMoNuSAC\SDENet-Fusion\Datasets\Glas\precomputed\train_256_stride_128\images\train_61_patch_0009.npy,C:\Users\gadda\Documents\FeatureFusionMoNuSAC\SDENet-Fusion\Datasets\Glas\precomputed\train_256_stride_128\masks\train_61_patch_0009.npy,128,384,256,256,522,775,522,775,17659,0.2694549560546875
train_61_patch_0010,train_61.bmp,C:\Users\gadda\Documents\FeatureFusionMoNuSAC\SDENet-Fusion\Datasets\Glas\precomputed\train_256_stride_128\images\train_61_patch_0010.npy,C:\Users\gadda\Documents\FeatureFusionMoNuSAC\SDENet-Fusion\Datasets\Glas\precomputed\train_256_stride_128\masks\train_61_patch_0010.npy,128,512,256,256,522,775,522,775,14201,0.2166900634765625
train_61_patch_0011,train_61.bmp,C:\Users\gadda\Documents\FeatureFusionMoNuSAC\SDENet-Fusion\Datasets\Glas\precomputed\train_256_stride_128\images\train_61_patch_0011.npy,C:\Users\gadda\Documents\FeatureFusionMoNuSAC\SDENet-Fusion\Datasets\Glas\precomputed\train_256_stride_128\masks\train_61_patch_0011.npy,128,519,256,256,522,775,522,775,13808,0.210693359375
train_61_patch_0012,train_61.bmp,C:\Users\gadda\Documents\FeatureFusionMoNuSAC\SDENet-Fusion\Datasets\Glas\precomputed\train_256_stride_128\images\train_61_patch_0012.npy,C:\Users\gadda\Documents\FeatureFusionMoNuSAC\SDENet-Fusion\Datasets\Glas\precomputed\train_256_stride_128\masks\train_61_patch_0012.npy,256,0,256,256,522,775,522,775,1237,0.0188751220703125
train_61_patch_0013,train_61.bmp,C:\Users\gadda\Documents\FeatureFusionMoNuSAC\SDENet-Fusion\Datasets\Glas\precomputed\train_256_stride_128\images\train_61_patch_0013.npy,C:\Users\gadda\Documents\FeatureFusionMoNuSAC\SDENet-Fusion\Datasets\Glas\precomputed\train_256_stride_128\masks\train_61_patch_0013.npy,256,128,256,256,522,775,522,775,2,3.0517578125e-05
train_61_patch_0014,train_61.bmp,C:\Users\gadda\Documents\FeatureFusionMoNuSAC\SDENet-Fusion\Datasets\Glas\precomputed\train_256_stride_128\images\train_61_patch_0014.npy,C:\Users\gadda\Documents\FeatureFusionMoNuSAC\SDENet-Fusion\Datasets\Glas\precomputed\train_256_stride_128\masks\train_61_patch_0014.npy,256,256,256,256,522,775,522,775,510,0.007781982421875
train_61_patch_0015,train_61.bmp,C:\Users\gadda\Documents\FeatureFusionMoNuSAC\SDENet-Fusion\Datasets\Glas\precomputed\train_256_stride_128\images\train_61_patch_0015.npy,C:\Users\gadda\Documents\FeatureFusionMoNuSAC\SDENet-Fusion\Datasets\Glas\precomputed\train_256_stride_128\masks\train_61_patch_0015.npy,256,384,256,256,522,775,522,775,1899,0.0289764404296875
train_61_patch_0016,train_61.bmp,C:\Users\gadda\Documents\FeatureFusionMoNuSAC\SDENet-Fusion\Datasets\Glas\precomputed\train_256_stride_128\images\train_61_patch_0016.npy,C:\Users\gadda\Documents\FeatureFusionMoNuSAC\SDENet-Fusion\Datasets\Glas\precomputed\train_256_stride_128\masks\train_61_patch_0016.npy,256,512,256,256,522,775,522,775,10383,0.1584320068359375
train_61_patch_0017,train_61.bmp,C:\Users\gadda\Documents\FeatureFusionMoNuSAC\SDENet-Fusion\Datasets\Glas\precomputed\train_256_stride_128\images\train_61_patch_0017.npy,C:\Users\gadda\Documents\FeatureFusionMoNuSAC\SDENet-Fusion\Datasets\Glas\precomputed\train_256_stride_128\masks\train_61_patch_0017.npy,256,519,256,256,522,775,522,775,11123,0.1697235107421875
train_61_patch_0018,train_61.bmp,C:\Users\gadda\Documents\FeatureFusionMoNuSAC\SDENet-Fusion\Datasets\Glas\precomputed\train_256_stride_128\images\train_61_patch_0018.npy,C:\Users\gadda\Documents\FeatureFusionMoNuSAC\SDENet-Fusion\Datasets\Glas\precomputed\train_256_stride_128\masks\train_61_patch_0018.npy,266,0,256,256,522,775,522,775,633,0.0096588134765625
train_61_patch_0019,train_61.bmp,C:\Users\gadda\Documents\FeatureFusionMoNuSAC\SDENet-Fusion\Datasets\Glas\precomputed\train_256_stride_128\images\train_61_patch_0019.npy,C:\Users\gadda\Documents\FeatureFusionMoNuSAC\SDENet-Fusion\Datasets\Glas\precomputed\train_256_stride_128\masks\train_61_patch_0019.npy,266,128,256,256,522,775,522,775,0,0.0
train_61_patch_0020,train_61.bmp,C:\Users\gadda\Documents\FeatureFusionMoNuSAC\SDENet-Fusion\Datasets\Glas\precomputed\train_256_stride_128\images\train_61_patch_0020.npy,C:\Users\gadda\Documents\FeatureFusionMoNuSAC\SDENet-Fusion\Datasets\Glas\precomputed\train_256_stride_128\masks\train_61_patch_0020.npy,266,256,256,256,522,775,522,775,312,0.0047607421875
train_61_patch_0021,train_61.bmp,C:\Users\gadda\Documents\FeatureFusionMoNuSAC\SDENet-Fusion\Datasets\Glas\precomputed\train_256_stride_128\images\train_61_patch_0021.npy,C:\Users\gadda\Documents\FeatureFusionMoNuSAC\SDENet-Fusion\Datasets\Glas\precomputed\train_256_stride_128\masks\train_61_patch_0021.npy,266,384,256,256,522,775,522,775,1247,0.0190277099609375
train_61_patch_0022,train_61.bmp,C:\Users\gadda\Documents\FeatureFusionMoNuSAC\SDENet-Fusion\Datasets\Glas\precomputed\train_256_stride_128\images\train_61_patch_0022.npy,C:\Users\gadda\Documents\FeatureFusionMoNuSAC\SDENet-Fusion\Datasets\Glas\precomputed\train_256_stride_128\masks\train_61_patch_0022.npy,266,512,256,256,522,775,522,775,9929,0.1515045166015625
train_61_patch_0023,train_61.bmp,C:\Users\gadda\Documents\FeatureFusionMoNuSAC\SDENet-Fusion\Datasets\Glas\precomputed\train_256_stride_128\images\train_61_patch_0023.npy,C:\Users\gadda\Documents\FeatureFusionMoNuSAC\SDENet-Fusion\Datasets\Glas\precomputed\train_256_stride_128\masks\train_61_patch_0023.npy,266,519,256,256,522,775,522,775,10739,0.1638641357421875
train_62_patch_0000,train_62.bmp,C:\Users\gadda\Documents\FeatureFusionMoNuSAC\SDENet-Fusion\Datasets\Glas\precomputed\train_256_stride_128\images\train_62_patch_0000.npy,C:\Users\gadda\Documents\FeatureFusionMoNuSAC\SDENet-Fusion\Datasets\Glas\precomputed\train_256_stride_128\masks\train_62_patch_0000.npy,0,0,256,256,522,775,522,775,29204,0.44561767578125
train_62_patch_0001,train_62.bmp,C:\Users\gadda\Documents\FeatureFusionMoNuSAC\SDENet-Fusion\Datasets\Glas\precomputed\train_256_stride_128\images\train_62_patch_0001.npy,C:\Users\gadda\Documents\FeatureFusionMoNuSAC\SDENet-Fusion\Datasets\Glas\precomputed\train_256_stride_128\masks\train_62_patch_0001.npy,0,128,256,256,522,775,522,775,34876,0.53216552734375
train_62_patch_0002,train_62.bmp,C:\Users\gadda\Documents\FeatureFusionMoNuSAC\SDENet-Fusion\Datasets\Glas\precomputed\train_256_stride_128\images\train_62_patch_0002.npy,C:\Users\gadda\Documents\FeatureFusionMoNuSAC\SDENet-Fusion\Datasets\Glas\precomputed\train_256_stride_128\masks\train_62_patch_0002.npy,0,256,256,256,522,775,522,775,34176,0.521484375
train_62_patch_0003,train_62.bmp,C:\Users\gadda\Documents\FeatureFusionMoNuSAC\SDENet-Fusion\Datasets\Glas\precomputed\train_256_stride_128\images\train_62_patch_0003.npy,C:\Users\gadda\Documents\FeatureFusionMoNuSAC\SDENet-Fusion\Datasets\Glas\precomputed\train_256_stride_128\masks\train_62_patch_0003.npy,0,384,256,256,522,775,522,775,22079,0.3368988037109375
train_62_patch_0004,train_62.bmp,C:\Users\gadda\Documents\FeatureFusionMoNuSAC\SDENet-Fusion\Datasets\Glas\precomputed\train_256_stride_128\images\train_62_patch_0004.npy,C:\Users\gadda\Documents\FeatureFusionMoNuSAC\SDENet-Fusion\Datasets\Glas\precomputed\train_256_stride_128\masks\train_62_patch_0004.npy,0,512,256,256,522,775,522,775,7384,0.1126708984375
train_62_patch_0005,train_62.bmp,C:\Users\gadda\Documents\FeatureFusionMoNuSAC\SDENet-Fusion\Datasets\Glas\precomputed\train_256_stride_128\images\train_62_patch_0005.npy,C:\Users\gadda\Documents\FeatureFusionMoNuSAC\SDENet-Fusion\Datasets\Glas\precomputed\train_256_stride_128\masks\train_62_patch_0005.npy,0,519,256,256,522,775,522,775,7374,0.112518310546875
train_62_patch_0006,train_62.bmp,C:\Users\gadda\Documents\FeatureFusionMoNuSAC\SDENet-Fusion\Datasets\Glas\precomputed\train_256_stride_128\images\train_62_patch_0006.npy,C:\Users\gadda\Documents\FeatureFusionMoNuSAC\SDENet-Fusion\Datasets\Glas\precomputed\train_256_stride_128\masks\train_62_patch_0006.npy,128,0,256,256,522,775,522,775,32031,0.4887542724609375
train_62_patch_0007,train_62.bmp,C:\Users\gadda\Documents\FeatureFusionMoNuSAC\SDENet-Fusion\Datasets\Glas\precomputed\train_256_stride_128\images\train_62_patch_0007.npy,C:\Users\gadda\Documents\FeatureFusionMoNuSAC\SDENet-Fusion\Datasets\Glas\precomputed\train_256_stride_128\masks\train_62_patch_0007.npy,128,128,256,256,522,775,522,775,40973,0.6251983642578125
train_62_patch_0008,train_62.bmp,C:\Users\gadda\Documents\FeatureFusionMoNuSAC\SDENet-Fusion\Datasets\Glas\precomputed\train_256_stride_128\images\train_62_patch_0008.npy,C:\Users\gadda\Documents\FeatureFusionMoNuSAC\SDENet-Fusion\Datasets\Glas\precomputed\train_256_stride_128\masks\train_62_patch_0008.npy,128,256,256,256,522,775,522,775,47588,0.72613525390625
train_62_patch_0009,train_62.bmp,C:\Users\gadda\Documents\FeatureFusionMoNuSAC\SDENet-Fusion\Datasets\Glas\precomputed\train_256_stride_128\images\train_62_patch_0009.npy,C:\Users\gadda\Documents\FeatureFusionMoNuSAC\SDENet-Fusion\Datasets\Glas\precomputed\train_256_stride_128\masks\train_62_patch_0009.npy,128,384,256,256,522,775,522,775,36841,0.5621490478515625
train_62_patch_0010,train_62.bmp,C:\Users\gadda\Documents\FeatureFusionMoNuSAC\SDENet-Fusion\Datasets\Glas\precomputed\train_256_stride_128\images\train_62_patch_0010.npy,C:\Users\gadda\Documents\FeatureFusionMoNuSAC\SDENet-Fusion\Datasets\Glas\precomputed\train_256_stride_128\masks\train_62_patch_0010.npy,128,512,256,256,522,775,522,775,13139,0.2004852294921875
train_62_patch_0011,train_62.bmp,C:\Users\gadda\Documents\FeatureFusionMoNuSAC\SDENet-Fusion\Datasets\Glas\precomputed\train_256_stride_128\images\train_62_patch_0011.npy,C:\Users\gadda\Documents\FeatureFusionMoNuSAC\SDENet-Fusion\Datasets\Glas\precomputed\train_256_stride_128\masks\train_62_patch_0011.npy,128,519,256,256,522,775,522,775,12299,0.1876678466796875
train_62_patch_0012,train_62.bmp,C:\Users\gadda\Documents\FeatureFusionMoNuSAC\SDENet-Fusion\Datasets\Glas\precomputed\train_256_stride_128\images\train_62_patch_0012.npy,C:\Users\gadda\Documents\FeatureFusionMoNuSAC\SDENet-Fusion\Datasets\Glas\precomputed\train_256_stride_128\masks\train_62_patch_0012.npy,256,0,256,256,522,775,522,775,34100,0.52032470703125
train_62_patch_0013,train_62.bmp,C:\Users\gadda\Documents\FeatureFusionMoNuSAC\SDENet-Fusion\Datasets\Glas\precomputed\train_256_stride_128\images\train_62_patch_0013.npy,C:\Users\gadda\Documents\FeatureFusionMoNuSAC\SDENet-Fusion\Datasets\Glas\precomputed\train_256_stride_128\masks\train_62_patch_0013.npy,256,128,256,256,522,775,522,775,35750,0.545501708984375
train_62_patch_0014,train_62.bmp,C:\Users\gadda\Documents\FeatureFusionMoNuSAC\SDENet-Fusion\Datasets\Glas\precomputed\train_256_stride_128\images\train_62_patch_0014.npy,C:\Users\gadda\Documents\FeatureFusionMoNuSAC\SDENet-Fusion\Datasets\Glas\precomputed\train_256_stride_128\masks\train_62_patch_0014.npy,256,256,256,256,522,775,522,775,39085,0.5963897705078125
train_62_patch_0015,train_62.bmp,C:\Users\gadda\Documents\FeatureFusionMoNuSAC\SDENet-Fusion\Datasets\Glas\precomputed\train_256_stride_128\images\train_62_patch_0015.npy,C:\Users\gadda\Documents\FeatureFusionMoNuSAC\SDENet-Fusion\Datasets\Glas\precomputed\train_256_stride_128\masks\train_62_patch_0015.npy,256,384,256,256,522,775,522,775,25537,0.3896636962890625
train_62_patch_0016,train_62.bmp,C:\Users\gadda\Documents\FeatureFusionMoNuSAC\SDENet-Fusion\Datasets\Glas\precomputed\train_256_stride_128\images\train_62_patch_0016.npy,C:\Users\gadda\Documents\FeatureFusionMoNuSAC\SDENet-Fusion\Datasets\Glas\precomputed\train_256_stride_128\masks\train_62_patch_0016.npy,256,512,256,256,522,775,522,775,5755,0.0878143310546875
train_62_patch_0017,train_62.bmp,C:\Users\gadda\Documents\FeatureFusionMoNuSAC\SDENet-Fusion\Datasets\Glas\precomputed\train_256_stride_128\images\train_62_patch_0017.npy,C:\Users\gadda\Documents\FeatureFusionMoNuSAC\SDENet-Fusion\Datasets\Glas\precomputed\train_256_stride_128\masks\train_62_patch_0017.npy,256,519,256,256,522,775,522,775,4925,0.0751495361328125
train_62_patch_0018,train_62.bmp,C:\Users\gadda\Documents\FeatureFusionMoNuSAC\SDENet-Fusion\Datasets\Glas\precomputed\train_256_stride_128\images\train_62_patch_0018.npy,C:\Users\gadda\Documents\FeatureFusionMoNuSAC\SDENet-Fusion\Datasets\Glas\precomputed\train_256_stride_128\masks\train_62_patch_0018.npy,266,0,256,256,522,775,522,775,35426,0.540557861328125
train_62_patch_0019,train_62.bmp,C:\Users\gadda\Documents\FeatureFusionMoNuSAC\SDENet-Fusion\Datasets\Glas\precomputed\train_256_stride_128\images\train_62_patch_0019.npy,C:\Users\gadda\Documents\FeatureFusionMoNuSAC\SDENet-Fusion\Datasets\Glas\precomputed\train_256_stride_128\masks\train_62_patch_0019.npy,266,128,256,256,522,775,522,775,35996,0.54925537109375
train_62_patch_0020,train_62.bmp,C:\Users\gadda\Documents\FeatureFusionMoNuSAC\SDENet-Fusion\Datasets\Glas\precomputed\train_256_stride_128\images\train_62_patch_0020.npy,C:\Users\gadda\Documents\FeatureFusionMoNuSAC\SDENet-Fusion\Datasets\Glas\precomputed\train_256_stride_128\masks\train_62_patch_0020.npy,266,256,256,256,522,775,522,775,36777,0.5611724853515625
train_62_patch_0021,train_62.bmp,C:\Users\gadda\Documents\FeatureFusionMoNuSAC\SDENet-Fusion\Datasets\Glas\precomputed\train_256_stride_128\images\train_62_patch_0021.npy,C:\Users\gadda\Documents\FeatureFusionMoNuSAC\SDENet-Fusion\Datasets\Glas\precomputed\train_256_stride_128\masks\train_62_patch_0021.npy,266,384,256,256,522,775,522,775,23637,0.3606719970703125
train_62_patch_0022,train_62.bmp,C:\Users\gadda\Documents\FeatureFusionMoNuSAC\SDENet-Fusion\Datasets\Glas\precomputed\train_256_stride_128\images\train_62_patch_0022.npy,C:\Users\gadda\Documents\FeatureFusionMoNuSAC\SDENet-Fusion\Datasets\Glas\precomputed\train_256_stride_128\masks\train_62_patch_0022.npy,266,512,256,256,522,775,522,775,5135,0.0783538818359375
train_62_patch_0023,train_62.bmp,C:\Users\gadda\Documents\FeatureFusionMoNuSAC\SDENet-Fusion\Datasets\Glas\precomputed\train_256_stride_128\images\train_62_patch_0023.npy,C:\Users\gadda\Documents\FeatureFusionMoNuSAC\SDENet-Fusion\Datasets\Glas\precomputed\train_256_stride_128\masks\train_62_patch_0023.npy,266,519,256,256,522,775,522,775,4374,0.066741943359375
train_63_patch_0000,train_63.bmp,C:\Users\gadda\Documents\FeatureFusionMoNuSAC\SDENet-Fusion\Datasets\Glas\precomputed\train_256_stride_128\images\train_63_patch_0000.npy,C:\Users\gadda\Documents\FeatureFusionMoNuSAC\SDENet-Fusion\Datasets\Glas\precomputed\train_256_stride_128\masks\train_63_patch_0000.npy,0,0,256,256,522,775,522,775,4069,0.0620880126953125
train_63_patch_0001,train_63.bmp,C:\Users\gadda\Documents\FeatureFusionMoNuSAC\SDENet-Fusion\Datasets\Glas\precomputed\train_256_stride_128\images\train_63_patch_0001.npy,C:\Users\gadda\Documents\FeatureFusionMoNuSAC\SDENet-Fusion\Datasets\Glas\precomputed\train_256_stride_128\masks\train_63_patch_0001.npy,0,128,256,256,522,775,522,775,11254,0.171722412109375
train_63_patch_0002,train_63.bmp,C:\Users\gadda\Documents\FeatureFusionMoNuSAC\SDENet-Fusion\Datasets\Glas\precomputed\train_256_stride_128\images\train_63_patch_0002.npy,C:\Users\gadda\Documents\FeatureFusionMoNuSAC\SDENet-Fusion\Datasets\Glas\precomputed\train_256_stride_128\masks\train_63_patch_0002.npy,0,256,256,256,522,775,522,775,21909,0.3343048095703125
train_63_patch_0003,train_63.bmp,C:\Users\gadda\Documents\FeatureFusionMoNuSAC\SDENet-Fusion\Datasets\Glas\precomputed\train_256_stride_128\images\train_63_patch_0003.npy,C:\Users\gadda\Documents\FeatureFusionMoNuSAC\SDENet-Fusion\Datasets\Glas\precomputed\train_256_stride_128\masks\train_63_patch_0003.npy,0,384,256,256,522,775,522,775,32354,0.493682861328125
train_63_patch_0004,train_63.bmp,C:\Users\gadda\Documents\FeatureFusionMoNuSAC\SDENet-Fusion\Datasets\Glas\precomputed\train_256_stride_128\images\train_63_patch_0004.npy,C:\Users\gadda\Documents\FeatureFusionMoNuSAC\SDENet-Fusion\Datasets\Glas\precomputed\train_256_stride_128\masks\train_63_patch_0004.npy,0,512,256,256,522,775,522,775,31255,0.4769134521484375
train_63_patch_0005,train_63.bmp,C:\Users\gadda\Documents\FeatureFusionMoNuSAC\SDENet-Fusion\Datasets\Glas\precomputed\train_256_stride_128\images\train_63_patch_0005.npy,C:\Users\gadda\Documents\FeatureFusionMoNuSAC\SDENet-Fusion\Datasets\Glas\precomputed\train_256_stride_128\masks\train_63_patch_0005.npy,0,519,256,256,522,775,522,775,30700,0.46844482421875
train_63_patch_0006,train_63.bmp,C:\Users\gadda\Documents\FeatureFusionMoNuSAC\SDENet-Fusion\Datasets\Glas\precomputed\train_256_stride_128\images\train_63_patch_0006.npy,C:\Users\gadda\Documents\FeatureFusionMoNuSAC\SDENet-Fusion\Datasets\Glas\precomputed\train_256_stride_128\masks\train_63_patch_0006.npy,128,0,256,256,522,775,522,775,4069,0.0620880126953125
train_63_patch_0007,train_63.bmp,C:\Users\gadda\Documents\FeatureFusionMoNuSAC\SDENet-Fusion\Datasets\Glas\precomputed\train_256_stride_128\images\train_63_patch_0007.npy,C:\Users\gadda\Documents\FeatureFusionMoNuSAC\SDENet-Fusion\Datasets\Glas\precomputed\train_256_stride_128\masks\train_63_patch_0007.npy,128,128,256,256,522,775,522,775,19451,0.2967987060546875
train_63_patch_0008,train_63.bmp,C:\Users\gadda\Documents\FeatureFusionMoNuSAC\SDENet-Fusion\Datasets\Glas\precomputed\train_256_stride_128\images\train_63_patch_0008.npy,C:\Users\gadda\Documents\FeatureFusionMoNuSAC\SDENet-Fusion\Datasets\Glas\precomputed\train_256_stride_128\masks\train_63_patch_0008.npy,128,256,256,256,522,775,522,775,31498,0.480621337890625
train_63_patch_0009,train_63.bmp,C:\Users\gadda\Documents\FeatureFusionMoNuSAC\SDENet-Fusion\Datasets\Glas\precomputed\train_256_stride_128\images\train_63_patch_0009.npy,C:\Users\gadda\Documents\FeatureFusionMoNuSAC\SDENet-Fusion\Datasets\Glas\precomputed\train_256_stride_128\masks\train_63_patch_0009.npy,128,384,256,256,522,775,522,775,33845,0.5164337158203125
train_63_patch_0010,train_63.bmp,C:\Users\gadda\Documents\FeatureFusionMoNuSAC\SDENet-Fusion\Datasets\Glas\precomputed\train_256_stride_128\images\train_63_patch_0010.npy,C:\Users\gadda\Documents\FeatureFusionMoNuSAC\SDENet-Fusion\Datasets\Glas\precomputed\train_256_stride_128\masks\train_63_patch_0010.npy,128,512,256,256,522,775,522,775,29691,0.4530487060546875
train_63_patch_0011,train_63.bmp,C:\Users\gadda\Documents\FeatureFusionMoNuSAC\SDENet-Fusion\Datasets\Glas\precomputed\train_256_stride_128\images\train_63_patch_0011.npy,C:\Users\gadda\Documents\FeatureFusionMoNuSAC\SDENet-Fusion\Datasets\Glas\precomputed\train_256_stride_128\masks\train_63_patch_0011.npy,128,519,256,256,522,775,522,775,28552,0.4356689453125
train_63_patch_0012,train_63.bmp,C:\Users\gadda\Documents\FeatureFusionMoNuSAC\SDENet-Fusion\Datasets\Glas\precomputed\train_256_stride_128\images\train_63_patch_0012.npy,C:\Users\gadda\Documents\FeatureFusionMoNuSAC\SDENet-Fusion\Datasets\Glas\precomputed\train_256_stride_128\masks\train_63_patch_0012.npy,256,0,256,256,522,775,522,775,19259,0.2938690185546875
train_63_patch_0013,train_63.bmp,C:\Users\gadda\Documents\FeatureFusionMoNuSAC\SDENet-Fusion\Datasets\Glas\precomputed\train_256_stride_128\images\train_63_patch_0013.npy,C:\Users\gadda\Documents\FeatureFusionMoNuSAC\SDENet-Fusion\Datasets\Glas\precomputed\train_256_stride_128\masks\train_63_patch_0013.npy,256,128,256,256,522,775,522,775,28916,0.44122314453125
train_63_patch_0014,train_63.bmp,C:\Users\gadda\Documents\FeatureFusionMoNuSAC\SDENet-Fusion\Datasets\Glas\precomputed\train_256_stride_128\images\train_63_patch_0014.npy,C:\Users\gadda\Documents\FeatureFusionMoNuSAC\SDENet-Fusion\Datasets\Glas\precomputed\train_256_stride_128\masks\train_63_patch_0014.npy,256,256,256,256,522,775,522,775,36627,0.5588836669921875
train_63_patch_0015,train_63.bmp,C:\Users\gadda\Documents\FeatureFusionMoNuSAC\SDENet-Fusion\Datasets\Glas\precomputed\train_256_stride_128\images\train_63_patch_0015.npy,C:\Users\gadda\Documents\FeatureFusionMoNuSAC\SDENet-Fusion\Datasets\Glas\precomputed\train_256_stride_128\masks\train_63_patch_0015.npy,256,384,256,256,522,775,522,775,36575,0.5580902099609375
train_63_patch_0016,train_63.bmp,C:\Users\gadda\Documents\FeatureFusionMoNuSAC\SDENet-Fusion\Datasets\Glas\precomputed\train_256_stride_128\images\train_63_patch_0016.npy,C:\Users\gadda\Documents\FeatureFusionMoNuSAC\SDENet-Fusion\Datasets\Glas\precomputed\train_256_stride_128\masks\train_63_patch_0016.npy,256,512,256,256,522,775,522,775,31056,0.473876953125
train_63_patch_0017,train_63.bmp,C:\Users\gadda\Documents\FeatureFusionMoNuSAC\SDENet-Fusion\Datasets\Glas\precomputed\train_256_stride_128\images\train_63_patch_0017.npy,C:\Users\gadda\Documents\FeatureFusionMoNuSAC\SDENet-Fusion\Datasets\Glas\precomputed\train_256_stride_128\masks\train_63_patch_0017.npy,256,519,256,256,522,775,522,775,29970,0.457305908203125
train_63_patch_0018,train_63.bmp,C:\Users\gadda\Documents\FeatureFusionMoNuSAC\SDENet-Fusion\Datasets\Glas\precomputed\train_256_stride_128\images\train_63_patch_0018.npy,C:\Users\gadda\Documents\FeatureFusionMoNuSAC\SDENet-Fusion\Datasets\Glas\precomputed\train_256_stride_128\masks\train_63_patch_0018.npy,266,0,256,256,522,775,522,775,19762,0.301544189453125
train_63_patch_0019,train_63.bmp,C:\Users\gadda\Documents\FeatureFusionMoNuSAC\SDENet-Fusion\Datasets\Glas\precomputed\train_256_stride_128\images\train_63_patch_0019.npy,C:\Users\gadda\Documents\FeatureFusionMoNuSAC\SDENet-Fusion\Datasets\Glas\precomputed\train_256_stride_128\masks\train_63_patch_0019.npy,266,128,256,256,522,775,522,775,29684,0.45294189453125
train_63_patch_0020,train_63.bmp,C:\Users\gadda\Documents\FeatureFusionMoNuSAC\SDENet-Fusion\Datasets\Glas\precomputed\train_256_stride_128\images\train_63_patch_0020.npy,C:\Users\gadda\Documents\FeatureFusionMoNuSAC\SDENet-Fusion\Datasets\Glas\precomputed\train_256_stride_128\masks\train_63_patch_0020.npy,266,256,256,256,522,775,522,775,37502,0.572235107421875
train_63_patch_0021,train_63.bmp,C:\Users\gadda\Documents\FeatureFusionMoNuSAC\SDENet-Fusion\Datasets\Glas\precomputed\train_256_stride_128\images\train_63_patch_0021.npy,C:\Users\gadda\Documents\FeatureFusionMoNuSAC\SDENet-Fusion\Datasets\Glas\precomputed\train_256_stride_128\masks\train_63_patch_0021.npy,266,384,256,256,522,775,522,775,36632,0.5589599609375
train_63_patch_0022,train_63.bmp,C:\Users\gadda\Documents\FeatureFusionMoNuSAC\SDENet-Fusion\Datasets\Glas\precomputed\train_256_stride_128\images\train_63_patch_0022.npy,C:\Users\gadda\Documents\FeatureFusionMoNuSAC\SDENet-Fusion\Datasets\Glas\precomputed\train_256_stride_128\masks\train_63_patch_0022.npy,266,512,256,256,522,775,522,775,31300,0.47760009765625
train_63_patch_0023,train_63.bmp,C:\Users\gadda\Documents\FeatureFusionMoNuSAC\SDENet-Fusion\Datasets\Glas\precomputed\train_256_stride_128\images\train_63_patch_0023.npy,C:\Users\gadda\Documents\FeatureFusionMoNuSAC\SDENet-Fusion\Datasets\Glas\precomputed\train_256_stride_128\masks\train_63_patch_0023.npy,266,519,256,256,522,775,522,775,30214,0.461029052734375
train_64_patch_0000,train_64.bmp,C:\Users\gadda\Documents\FeatureFusionMoNuSAC\SDENet-Fusion\Datasets\Glas\precomputed\train_256_stride_128\images\train_64_patch_0000.npy,C:\Users\gadda\Documents\FeatureFusionMoNuSAC\SDENet-Fusion\Datasets\Glas\precomputed\train_256_stride_128\masks\train_64_patch_0000.npy,0,0,256,256,522,775,522,775,8757,0.1336212158203125
train_64_patch_0001,train_64.bmp,C:\Users\gadda\Documents\FeatureFusionMoNuSAC\SDENet-Fusion\Datasets\Glas\precomputed\train_256_stride_128\images\train_64_patch_0001.npy,C:\Users\gadda\Documents\FeatureFusionMoNuSAC\SDENet-Fusion\Datasets\Glas\precomputed\train_256_stride_128\masks\train_64_patch_0001.npy,0,128,256,256,522,775,522,775,27973,0.4268341064453125
train_64_patch_0002,train_64.bmp,C:\Users\gadda\Documents\FeatureFusionMoNuSAC\SDENet-Fusion\Datasets\Glas\precomputed\train_256_stride_128\images\train_64_patch_0002.npy,C:\Users\gadda\Documents\FeatureFusionMoNuSAC\SDENet-Fusion\Datasets\Glas\precomputed\train_256_stride_128\masks\train_64_patch_0002.npy,0,256,256,256,522,775,522,775,40460,0.61737060546875
train_64_patch_0003,train_64.bmp,C:\Users\gadda\Documents\FeatureFusionMoNuSAC\SDENet-Fusion\Datasets\Glas\precomputed\train_256_stride_128\images\train_64_patch_0003.npy,C:\Users\gadda\Documents\FeatureFusionMoNuSAC\SDENet-Fusion\Datasets\Glas\precomputed\train_256_stride_128\masks\train_64_patch_0003.npy,0,384,256,256,522,775,522,775,54012,0.82415771484375
train_64_patch_0004,train_64.bmp,C:\Users\gadda\Documents\FeatureFusionMoNuSAC\SDENet-Fusion\Datasets\Glas\precomputed\train_256_stride_128\images\train_64_patch_0004.npy,C:\Users\gadda\Documents\FeatureFusionMoNuSAC\SDENet-Fusion\Datasets\Glas\precomputed\train_256_stride_128\masks\train_64_patch_0004.npy,0,512,256,256,522,775,522,775,63649,0.9712066650390625
train_64_patch_0005,train_64.bmp,C:\Users\gadda\Documents\FeatureFusionMoNuSAC\SDENet-Fusion\Datasets\Glas\precomputed\train_256_stride_128\images\train_64_patch_0005.npy,C:\Users\gadda\Documents\FeatureFusionMoNuSAC\SDENet-Fusion\Datasets\Glas\precomputed\train_256_stride_128\masks\train_64_patch_0005.npy,0,519,256,256,522,775,522,775,63211,0.9645233154296875
train_64_patch_0006,train_64.bmp,C:\Users\gadda\Documents\FeatureFusionMoNuSAC\SDENet-Fusion\Datasets\Glas\precomputed\train_256_stride_128\images\train_64_patch_0006.npy,C:\Users\gadda\Documents\FeatureFusionMoNuSAC\SDENet-Fusion\Datasets\Glas\precomputed\train_256_stride_128\masks\train_64_patch_0006.npy,128,0,256,256,522,775,522,775,24920,0.3802490234375
train_64_patch_0007,train_64.bmp,C:\Users\gadda\Documents\FeatureFusionMoNuSAC\SDENet-Fusion\Datasets\Glas\precomputed\train_256_stride_128\images\train_64_patch_0007.npy,C:\Users\gadda\Documents\FeatureFusionMoNuSAC\SDENet-Fusion\Datasets\Glas\precomputed\train_256_stride_128\masks\train_64_patch_0007.npy,128,128,256,256,522,775,522,775,51257,0.7821197509765625
train_64_patch_0008,train_64.bmp,C:\Users\gadda\Documents\FeatureFusionMoNuSAC\SDENet-Fusion\Datasets\Glas\precomputed\train_256_stride_128\images\train_64_patch_0008.npy,C:\Users\gadda\Documents\FeatureFusionMoNuSAC\SDENet-Fusion\Datasets\Glas\precomputed\train_256_stride_128\masks\train_64_patch_0008.npy,128,256,256,256,522,775,522,775,58773,0.8968048095703125
train_64_patch_0009,train_64.bmp,C:\Users\gadda\Documents\FeatureFusionMoNuSAC\SDENet-Fusion\Datasets\Glas\precomputed\train_256_stride_128\images\train_64_patch_0009.npy,C:\Users\gadda\Documents\FeatureFusionMoNuSAC\SDENet-Fusion\Datasets\Glas\precomputed\train_256_stride_128\masks\train_64_patch_0009.npy,128,384,256,256,522,775,522,775,55013,0.8394317626953125
train_64_patch_0010,train_64.bmp,C:\Users\gadda\Documents\FeatureFusionMoNuSAC\SDENet-Fusion\Datasets\Glas\precomputed\train_256_stride_128\images\train_64_patch_0010.npy,C:\Users\gadda\Documents\FeatureFusionMoNuSAC\SDENet-Fusion\Datasets\Glas\precomputed\train_256_stride_128\masks\train_64_patch_0010.npy,128,512,256,256,522,775,522,775,43384,0.6619873046875
train_64_patch_0011,train_64.bmp,C:\Users\gadda\Documents\FeatureFusionMoNuSAC\SDENet-Fusion\Datasets\Glas\precomputed\train_256_stride_128\images\train_64_patch_0011.npy,C:\Users\gadda\Documents\FeatureFusionMoNuSAC\SDENet-Fusion\Datasets\Glas\precomputed\train_256_stride_128\masks\train_64_patch_0011.npy,128,519,256,256,522,775,522,775,42287,0.6452484130859375
train_64_patch_0012,train_64.bmp,C:\Users\gadda\Documents\FeatureFusionMoNuSAC\SDENet-Fusion\Datasets\Glas\precomputed\train_256_stride_128\images\train_64_patch_0012.npy,C:\Users\gadda\Documents\FeatureFusionMoNuSAC\SDENet-Fusion\Datasets\Glas\precomputed\train_256_stride_128\masks\train_64_patch_0012.npy,256,0,256,256,522,775,522,775,42729,0.6519927978515625
train_64_patch_0013,train_64.bmp,C:\Users\gadda\Documents\FeatureFusionMoNuSAC\SDENet-Fusion\Datasets\Glas\precomputed\train_256_stride_128\images\train_64_patch_0013.npy,C:\Users\gadda\Documents\FeatureFusionMoNuSAC\SDENet-Fusion\Datasets\Glas\precomputed\train_256_stride_128\masks\train_64_patch_0013.npy,256,128,256,256,522,775,522,775,62139,0.9481658935546875
train_64_patch_0014,train_64.bmp,C:\Users\gadda\Documents\FeatureFusionMoNuSAC\SDENet-Fusion\Datasets\Glas\precomputed\train_256_stride_128\images\train_64_patch_0014.npy,C:\Users\gadda\Documents\FeatureFusionMoNuSAC\SDENet-Fusion\Datasets\Glas\precomputed\train_256_stride_128\masks\train_64_patch_0014.npy,256,256,256,256,522,775,522,775,64499,0.9841766357421875
train_64_patch_0015,train_64.bmp,C:\Users\gadda\Documents\FeatureFusionMoNuSAC\SDENet-Fusion\Datasets\Glas\precomputed\train_256_stride_128\images\train_64_patch_0015.npy,C:\Users\gadda\Documents\FeatureFusionMoNuSAC\SDENet-Fusion\Datasets\Glas\precomputed\train_256_stride_128\masks\train_64_patch_0015.npy,256,384,256,256,522,775,522,775,53949,0.8231964111328125
train_64_patch_0016,train_64.bmp,C:\Users\gadda\Documents\FeatureFusionMoNuSAC\SDENet-Fusion\Datasets\Glas\precomputed\train_256_stride_128\images\train_64_patch_0016.npy,C:\Users\gadda\Documents\FeatureFusionMoNuSAC\SDENet-Fusion\Datasets\Glas\precomputed\train_256_stride_128\masks\train_64_patch_0016.npy,256,512,256,256,522,775,522,775,40709,0.6211700439453125
train_64_patch_0017,train_64.bmp,C:\Users\gadda\Documents\FeatureFusionMoNuSAC\SDENet-Fusion\Datasets\Glas\precomputed\train_256_stride_128\images\train_64_patch_0017.npy,C:\Users\gadda\Documents\FeatureFusionMoNuSAC\SDENet-Fusion\Datasets\Glas\precomputed\train_256_stride_128\masks\train_64_patch_0017.npy,256,519,256,256,522,775,522,775,40340,0.61553955078125
train_64_patch_0018,train_64.bmp,C:\Users\gadda\Documents\FeatureFusionMoNuSAC\SDENet-Fusion\Datasets\Glas\precomputed\train_256_stride_128\images\train_64_patch_0018.npy,C:\Users\gadda\Documents\FeatureFusionMoNuSAC\SDENet-Fusion\Datasets\Glas\precomputed\train_256_stride_128\masks\train_64_patch_0018.npy,266,0,256,256,522,775,522,775,43567,0.6647796630859375
train_64_patch_0019,train_64.bmp,C:\Users\gadda\Documents\FeatureFusionMoNuSAC\SDENet-Fusion\Datasets\Glas\precomputed\train_256_stride_128\images\train_64_patch_0019.npy,C:\Users\gadda\Documents\FeatureFusionMoNuSAC\SDENet-Fusion\Datasets\Glas\precomputed\train_256_stride_128\masks\train_64_patch_0019.npy,266,128,256,256,522,775,522,775,62469,0.9532012939453125
train_64_patch_0020,train_64.bmp,C:\Users\gadda\Documents\FeatureFusionMoNuSAC\SDENet-Fusion\Datasets\Glas\precomputed\train_256_stride_128\images\train_64_patch_0020.npy,C:\Users\gadda\Documents\FeatureFusionMoNuSAC\SDENet-Fusion\Datasets\Glas\precomputed\train_256_stride_128\masks\train_64_patch_0020.npy,266,256,256,256,522,775,522,775,64499,0.9841766357421875
train_64_patch_0021,train_64.bmp,C:\Users\gadda\Documents\FeatureFusionMoNuSAC\SDENet-Fusion\Datasets\Glas\precomputed\train_256_stride_128\images\train_64_patch_0021.npy,C:\Users\gadda\Documents\FeatureFusionMoNuSAC\SDENet-Fusion\Datasets\Glas\precomputed\train_256_stride_128\masks\train_64_patch_0021.npy,266,384,256,256,522,775,522,775,53949,0.8231964111328125
train_64_patch_0022,train_64.bmp,C:\Users\gadda\Documents\FeatureFusionMoNuSAC\SDENet-Fusion\Datasets\Glas\precomputed\train_256_stride_128\images\train_64_patch_0022.npy,C:\Users\gadda\Documents\FeatureFusionMoNuSAC\SDENet-Fusion\Datasets\Glas\precomputed\train_256_stride_128\masks\train_64_patch_0022.npy,266,512,256,256,522,775,522,775,41489,0.6330718994140625
train_64_patch_0023,train_64.bmp,C:\Users\gadda\Documents\FeatureFusionMoNuSAC\SDENet-Fusion\Datasets\Glas\precomputed\train_256_stride_128\images\train_64_patch_0023.npy,C:\Users\gadda\Documents\FeatureFusionMoNuSAC\SDENet-Fusion\Datasets\Glas\precomputed\train_256_stride_128\masks\train_64_patch_0023.npy,266,519,256,256,522,775,522,775,41190,0.628509521484375
train_65_patch_0000,train_65.bmp,C:\Users\gadda\Documents\FeatureFusionMoNuSAC\SDENet-Fusion\Datasets\Glas\precomputed\train_256_stride_128\images\train_65_patch_0000.npy,C:\Users\gadda\Documents\FeatureFusionMoNuSAC\SDENet-Fusion\Datasets\Glas\precomputed\train_256_stride_128\masks\train_65_patch_0000.npy,0,0,256,256,522,775,522,775,29780,0.45440673828125
train_65_patch_0001,train_65.bmp,C:\Users\gadda\Documents\FeatureFusionMoNuSAC\SDENet-Fusion\Datasets\Glas\precomputed\train_256_stride_128\images\train_65_patch_0001.npy,C:\Users\gadda\Documents\FeatureFusionMoNuSAC\SDENet-Fusion\Datasets\Glas\precomputed\train_256_stride_128\masks\train_65_patch_0001.npy,0,128,256,256,522,775,522,775,8612,0.13140869140625
train_65_patch_0002,train_65.bmp,C:\Users\gadda\Documents\FeatureFusionMoNuSAC\SDENet-Fusion\Datasets\Glas\precomputed\train_256_stride_128\images\train_65_patch_0002.npy,C:\Users\gadda\Documents\FeatureFusionMoNuSAC\SDENet-Fusion\Datasets\Glas\precomputed\train_256_stride_128\masks\train_65_patch_0002.npy,0,256,256,256,522,775,522,775,0,0.0
train_65_patch_0003,train_65.bmp,C:\Users\gadda\Documents\FeatureFusionMoNuSAC\SDENet-Fusion\Datasets\Glas\precomputed\train_256_stride_128\images\train_65_patch_0003.npy,C:\Users\gadda\Documents\FeatureFusionMoNuSAC\SDENet-Fusion\Datasets\Glas\precomputed\train_256_stride_128\masks\train_65_patch_0003.npy,0,384,256,256,522,775,522,775,0,0.0
train_65_patch_0004,train_65.bmp,C:\Users\gadda\Documents\FeatureFusionMoNuSAC\SDENet-Fusion\Datasets\Glas\precomputed\train_256_stride_128\images\train_65_patch_0004.npy,C:\Users\gadda\Documents\FeatureFusionMoNuSAC\SDENet-Fusion\Datasets\Glas\precomputed\train_256_stride_128\masks\train_65_patch_0004.npy,0,512,256,256,522,775,522,775,0,0.0
train_65_patch_0005,train_65.bmp,C:\Users\gadda\Documents\FeatureFusionMoNuSAC\SDENet-Fusion\Datasets\Glas\precomputed\train_256_stride_128\images\train_65_patch_0005.npy,C:\Users\gadda\Documents\FeatureFusionMoNuSAC\SDENet-Fusion\Datasets\Glas\precomputed\train_256_stride_128\masks\train_65_patch_0005.npy,0,519,256,256,522,775,522,775,0,0.0
train_65_patch_0006,train_65.bmp,C:\Users\gadda\Documents\FeatureFusionMoNuSAC\SDENet-Fusion\Datasets\Glas\precomputed\train_256_stride_128\images\train_65_patch_0006.npy,C:\Users\gadda\Documents\FeatureFusionMoNuSAC\SDENet-Fusion\Datasets\Glas\precomputed\train_256_stride_128\masks\train_65_patch_0006.npy,128,0,256,256,522,775,522,775,43974,0.670989990234375
train_65_patch_0007,train_65.bmp,C:\Users\gadda\Documents\FeatureFusionMoNuSAC\SDENet-Fusion\Datasets\Glas\precomputed\train_256_stride_128\images\train_65_patch_0007.npy,C:\Users\gadda\Documents\FeatureFusionMoNuSAC\SDENet-Fusion\Datasets\Glas\precomputed\train_256_stride_128\masks\train_65_patch_0007.npy,128,128,256,256,522,775,522,775,17557,0.2678985595703125
train_65_patch_0008,train_65.bmp,C:\Users\gadda\Documents\FeatureFusionMoNuSAC\SDENet-Fusion\Datasets\Glas\precomputed\train_256_stride_128\images\train_65_patch_0008.npy,C:\Users\gadda\Documents\FeatureFusionMoNuSAC\SDENet-Fusion\Datasets\Glas\precomputed\train_256_stride_128\masks\train_65_patch_0008.npy,128,256,256,256,522,775,522,775,3975,0.0606536865234375
train_65_patch_0009,train_65.bmp,C:\Users\gadda\Documents\FeatureFusionMoNuSAC\SDENet-Fusion\Datasets\Glas\precomputed\train_256_stride_128\images\train_65_patch_0009.npy,C:\Users\gadda\Documents\FeatureFusionMoNuSAC\SDENet-Fusion\Datasets\Glas\precomputed\train_256_stride_128\masks\train_65_patch_0009.npy,128,384,256,256,522,775,522,775,0,0.0
train_65_patch_0010,train_65.bmp,C:\Users\gadda\Documents\FeatureFusionMoNuSAC\SDENet-Fusion\Datasets\Glas\precomputed\train_256_stride_128\images\train_65_patch_0010.npy,C:\Users\gadda\Documents\FeatureFusionMoNuSAC\SDENet-Fusion\Datasets\Glas\precomputed\train_256_stride_128\masks\train_65_patch_0010.npy,128,512,256,256,522,775,522,775,0,0.0
train_65_patch_0011,train_65.bmp,C:\Users\gadda\Documents\FeatureFusionMoNuSAC\SDENet-Fusion\Datasets\Glas\precomputed\train_256_stride_128\images\train_65_patch_0011.npy,C:\Users\gadda\Documents\FeatureFusionMoNuSAC\SDENet-Fusion\Datasets\Glas\precomputed\train_256_stride_128\masks\train_65_patch_0011.npy,128,519,256,256,522,775,522,775,0,0.0
train_65_patch_0012,train_65.bmp,C:\Users\gadda\Documents\FeatureFusionMoNuSAC\SDENet-Fusion\Datasets\Glas\precomputed\train_256_stride_128\images\train_65_patch_0012.npy,C:\Users\gadda\Documents\FeatureFusionMoNuSAC\SDENet-Fusion\Datasets\Glas\precomputed\train_256_stride_128\masks\train_65_patch_0012.npy,256,0,256,256,522,775,522,775,48920,0.7464599609375
train_65_patch_0013,train_65.bmp,C:\Users\gadda\Documents\FeatureFusionMoNuSAC\SDENet-Fusion\Datasets\Glas\precomputed\train_256_stride_128\images\train_65_patch_0013.npy,C:\Users\gadda\Documents\FeatureFusionMoNuSAC\SDENet-Fusion\Datasets\Glas\precomputed\train_256_stride_128\masks\train_65_patch_0013.npy,256,128,256,256,522,775,522,775,34094,0.520233154296875
train_65_patch_0014,train_65.bmp,C:\Users\gadda\Documents\FeatureFusionMoNuSAC\SDENet-Fusion\Datasets\Glas\precomputed\train_256_stride_128\images\train_65_patch_0014.npy,C:\Users\gadda\Documents\FeatureFusionMoNuSAC\SDENet-Fusion\Datasets\Glas\precomputed\train_256_stride_128\masks\train_65_patch_0014.npy,256,256,256,256,522,775,522,775,9497,0.1449127197265625
train_65_patch_0015,train_65.bmp,C:\Users\gadda\Documents\FeatureFusionMoNuSAC\SDENet-Fusion\Datasets\Glas\precomputed\train_256_stride_128\images\train_65_patch_0015.npy,C:\Users\gadda\Documents\FeatureFusionMoNuSAC\SDENet-Fusion\Datasets\Glas\precomputed\train_256_stride_128\masks\train_65_patch_0015.npy,256,384,256,256,522,775,522,775,0,0.0
train_65_patch_0016,train_65.bmp,C:\Users\gadda\Documents\FeatureFusionMoNuSAC\SDENet-Fusion\Datasets\Glas\precomputed\train_256_stride_128\images\train_65_patch_0016.npy,C:\Users\gadda\Documents\FeatureFusionMoNuSAC\SDENet-Fusion\Datasets\Glas\precomputed\train_256_stride_128\masks\train_65_patch_0016.npy,256,512,256,256,522,775,522,775,0,0.0
train_65_patch_0017,train_65.bmp,C:\Users\gadda\Documents\FeatureFusionMoNuSAC\SDENet-Fusion\Datasets\Glas\precomputed\train_256_stride_128\images\train_65_patch_0017.npy,C:\Users\gadda\Documents\FeatureFusionMoNuSAC\SDENet-Fusion\Datasets\Glas\precomputed\train_256_stride_128\masks\train_65_patch_0017.npy,256,519,256,256,522,775,522,775,0,0.0
train_65_patch_0018,train_65.bmp,C:\Users\gadda\Documents\FeatureFusionMoNuSAC\SDENet-Fusion\Datasets\Glas\precomputed\train_256_stride_128\images\train_65_patch_0018.npy,C:\Users\gadda\Documents\FeatureFusionMoNuSAC\SDENet-Fusion\Datasets\Glas\precomputed\train_256_stride_128\masks\train_65_patch_0018.npy,266,0,256,256,522,775,522,775,49605,0.7569122314453125
train_65_patch_0019,train_65.bmp,C:\Users\gadda\Documents\FeatureFusionMoNuSAC\SDENet-Fusion\Datasets\Glas\precomputed\train_256_stride_128\images\train_65_patch_0019.npy,C:\Users\gadda\Documents\FeatureFusionMoNuSAC\SDENet-Fusion\Datasets\Glas\precomputed\train_256_stride_128\masks\train_65_patch_0019.npy,266,128,256,256,522,775,522,775,35296,0.53857421875
train_65_patch_0020,train_65.bmp,C:\Users\gadda\Documents\FeatureFusionMoNuSAC\SDENet-Fusion\Datasets\Glas\precomputed\train_256_stride_128\images\train_65_patch_0020.npy,C:\Users\gadda\Documents\FeatureFusionMoNuSAC\SDENet-Fusion\Datasets\Glas\precomputed\train_256_stride_128\masks\train_65_patch_0020.npy,266,256,256,256,522,775,522,775,9680,0.147705078125
train_65_patch_0021,train_65.bmp,C:\Users\gadda\Documents\FeatureFusionMoNuSAC\SDENet-Fusion\Datasets\Glas\precomputed\train_256_stride_128\images\train_65_patch_0021.npy,C:\Users\gadda\Documents\FeatureFusionMoNuSAC\SDENet-Fusion\Datasets\Glas\precomputed\train_256_stride_128\masks\train_65_patch_0021.npy,266,384,256,256,522,775,522,775,0,0.0
train_65_patch_0022,train_65.bmp,C:\Users\gadda\Documents\FeatureFusionMoNuSAC\SDENet-Fusion\Datasets\Glas\precomputed\train_256_stride_128\images\train_65_patch_0022.npy,C:\Users\gadda\Documents\FeatureFusionMoNuSAC\SDENet-Fusion\Datasets\Glas\precomputed\train_256_stride_128\masks\train_65_patch_0022.npy,266,512,256,256,522,775,522,775,0,0.0
train_65_patch_0023,train_65.bmp,C:\Users\gadda\Documents\FeatureFusionMoNuSAC\SDENet-Fusion\Datasets\Glas\precomputed\train_256_stride_128\images\train_65_patch_0023.npy,C:\Users\gadda\Documents\FeatureFusionMoNuSAC\SDENet-Fusion\Datasets\Glas\precomputed\train_256_stride_128\masks\train_65_patch_0023.npy,266,519,256,256,522,775,522,775,0,0.0
train_66_patch_0000,train_66.bmp,C:\Users\gadda\Documents\FeatureFusionMoNuSAC\SDENet-Fusion\Datasets\Glas\precomputed\train_256_stride_128\images\train_66_patch_0000.npy,C:\Users\gadda\Documents\FeatureFusionMoNuSAC\SDENet-Fusion\Datasets\Glas\precomputed\train_256_stride_128\masks\train_66_patch_0000.npy,0,0,256,256,522,775,522,775,16534,0.252288818359375
train_66_patch_0001,train_66.bmp,C:\Users\gadda\Documents\FeatureFusionMoNuSAC\SDENet-Fusion\Datasets\Glas\precomputed\train_256_stride_128\images\train_66_patch_0001.npy,C:\Users\gadda\Documents\FeatureFusionMoNuSAC\SDENet-Fusion\Datasets\Glas\precomputed\train_256_stride_128\masks\train_66_patch_0001.npy,0,128,256,256,522,775,522,775,25530,0.389556884765625
train_66_patch_0002,train_66.bmp,C:\Users\gadda\Documents\FeatureFusionMoNuSAC\SDENet-Fusion\Datasets\Glas\precomputed\train_256_stride_128\images\train_66_patch_0002.npy,C:\Users\gadda\Documents\FeatureFusionMoNuSAC\SDENet-Fusion\Datasets\Glas\precomputed\train_256_stride_128\masks\train_66_patch_0002.npy,0,256,256,256,522,775,522,775,22237,0.3393096923828125
train_66_patch_0003,train_66.bmp,C:\Users\gadda\Documents\FeatureFusionMoNuSAC\SDENet-Fusion\Datasets\Glas\precomputed\train_256_stride_128\images\train_66_patch_0003.npy,C:\Users\gadda\Documents\FeatureFusionMoNuSAC\SDENet-Fusion\Datasets\Glas\precomputed\train_256_stride_128\masks\train_66_patch_0003.npy,0,384,256,256,522,775,522,775,32805,0.5005645751953125
train_66_patch_0004,train_66.bmp,C:\Users\gadda\Documents\FeatureFusionMoNuSAC\SDENet-Fusion\Datasets\Glas\precomputed\train_256_stride_128\images\train_66_patch_0004.npy,C:\Users\gadda\Documents\FeatureFusionMoNuSAC\SDENet-Fusion\Datasets\Glas\precomputed\train_256_stride_128\masks\train_66_patch_0004.npy,0,512,256,256,522,775,522,775,40994,0.625518798828125
train_66_patch_0005,train_66.bmp,C:\Users\gadda\Documents\FeatureFusionMoNuSAC\SDENet-Fusion\Datasets\Glas\precomputed\train_256_stride_128\images\train_66_patch_0005.npy,C:\Users\gadda\Documents\FeatureFusionMoNuSAC\SDENet-Fusion\Datasets\Glas\precomputed\train_256_stride_128\masks\train_66_patch_0005.npy,0,519,256,256,522,775,522,775,41329,0.6306304931640625
train_66_patch_0006,train_66.bmp,C:\Users\gadda\Documents\FeatureFusionMoNuSAC\SDENet-Fusion\Datasets\Glas\precomputed\train_256_stride_128\images\train_66_patch_0006.npy,C:\Users\gadda\Documents\FeatureFusionMoNuSAC\SDENet-Fusion\Datasets\Glas\precomputed\train_256_stride_128\masks\train_66_patch_0006.npy,128,0,256,256,522,775,522,775,23097,0.3524322509765625
train_66_patch_0007,train_66.bmp,C:\Users\gadda\Documents\FeatureFusionMoNuSAC\SDENet-Fusion\Datasets\Glas\precomputed\train_256_stride_128\images\train_66_patch_0007.npy,C:\Users\gadda\Documents\FeatureFusionMoNuSAC\SDENet-Fusion\Datasets\Glas\precomputed\train_256_stride_128\masks\train_66_patch_0007.npy,128,128,256,256,522,775,522,775,28506,0.434967041015625
train_66_patch_0008,train_66.bmp,C:\Users\gadda\Documents\FeatureFusionMoNuSAC\SDENet-Fusion\Datasets\Glas\precomputed\train_256_stride_128\images\train_66_patch_0008.npy,C:\Users\gadda\Documents\FeatureFusionMoNuSAC\SDENet-Fusion\Datasets\Glas\precomputed\train_256_stride_128\masks\train_66_patch_0008.npy,128,256,256,256,522,775,522,775,32349,0.4936065673828125
train_66_patch_0009,train_66.bmp,C:\Users\gadda\Documents\FeatureFusionMoNuSAC\SDENet-Fusion\Datasets\Glas\precomputed\train_256_stride_128\images\train_66_patch_0009.npy,C:\Users\gadda\Documents\FeatureFusionMoNuSAC\SDENet-Fusion\Datasets\Glas\precomputed\train_256_stride_128\masks\train_66_patch_0009.npy,128,384,256,256,522,775,522,775,38924,0.59393310546875
train_66_patch_0010,train_66.bmp,C:\Users\gadda\Documents\FeatureFusionMoNuSAC\SDENet-Fusion\Datasets\Glas\precomputed\train_256_stride_128\images\train_66_patch_0010.npy,C:\Users\gadda\Documents\FeatureFusionMoNuSAC\SDENet-Fusion\Datasets\Glas\precomputed\train_256_stride_128\masks\train_66_patch_0010.npy,128,512,256,256,522,775,522,775,45447,0.6934661865234375
train_66_patch_0011,train_66.bmp,C:\Users\gadda\Documents\FeatureFusionMoNuSAC\SDENet-Fusion\Datasets\Glas\precomputed\train_256_stride_128\images\train_66_patch_0011.npy,C:\Users\gadda\Documents\FeatureFusionMoNuSAC\SDENet-Fusion\Datasets\Glas\precomputed\train_256_stride_128\masks\train_66_patch_0011.npy,128,519,256,256,522,775,522,775,45872,0.699951171875
train_66_patch_0012,train_66.bmp,C:\Users\gadda\Documents\FeatureFusionMoNuSAC\SDENet-Fusion\Datasets\Glas\precomputed\train_256_stride_128\images\train_66_patch_0012.npy,C:\Users\gadda\Documents\FeatureFusionMoNuSAC\SDENet-Fusion\Datasets\Glas\precomputed\train_256_stride_128\masks\train_66_patch_0012.npy,256,0,256,256,522,775,522,775,40943,0.6247406005859375
train_66_patch_0013,train_66.bmp,C:\Users\gadda\Documents\FeatureFusionMoNuSAC\SDENet-Fusion\Datasets\Glas\precomputed\train_256_stride_128\images\train_66_patch_0013.npy,C:\Users\gadda\Documents\FeatureFusionMoNuSAC\SDENet-Fusion\Datasets\Glas\precomputed\train_256_stride_128\masks\train_66_patch_0013.npy,256,128,256,256,522,775,522,775,46681,0.7122955322265625
train_66_patch_0014,train_66.bmp,C:\Users\gadda\Documents\FeatureFusionMoNuSAC\SDENet-Fusion\Datasets\Glas\precomputed\train_256_stride_128\images\train_66_patch_0014.npy,C:\Users\gadda\Documents\FeatureFusionMoNuSAC\SDENet-Fusion\Datasets\Glas\precomputed\train_256_stride_128\masks\train_66_patch_0014.npy,256,256,256,256,522,775,522,775,49925,0.7617950439453125
train_66_patch_0015,train_66.bmp,C:\Users\gadda\Documents\FeatureFusionMoNuSAC\SDENet-Fusion\Datasets\Glas\precomputed\train_256_stride_128\images\train_66_patch_0015.npy,C:\Users\gadda\Documents\FeatureFusionMoNuSAC\SDENet-Fusion\Datasets\Glas\precomputed\train_256_stride_128\masks\train_66_patch_0015.npy,256,384,256,256,522,775,522,775,46080,0.703125
train_66_patch_0016,train_66.bmp,C:\Users\gadda\Documents\FeatureFusionMoNuSAC\SDENet-Fusion\Datasets\Glas\precomputed\train_256_stride_128\images\train_66_patch_0016.npy,C:\Users\gadda\Documents\FeatureFusionMoNuSAC\SDENet-Fusion\Datasets\Glas\precomputed\train_256_stride_128\masks\train_66_patch_0016.npy,256,512,256,256,522,775,522,775,33492,0.51104736328125
train_66_patch_0017,train_66.bmp,C:\Users\gadda\Documents\FeatureFusionMoNuSAC\SDENet-Fusion\Datasets\Glas\precomputed\train_256_stride_128\images\train_66_patch_0017.npy,C:\Users\gadda\Documents\FeatureFusionMoNuSAC\SDENet-Fusion\Datasets\Glas\precomputed\train_256_stride_128\masks\train_66_patch_0017.npy,256,519,256,256,522,775,522,775,33986,0.518585205078125
train_66_patch_0018,train_66.bmp,C:\Users\gadda\Documents\FeatureFusionMoNuSAC\SDENet-Fusion\Datasets\Glas\precomputed\train_256_stride_128\images\train_66_patch_0018.npy,C:\Users\gadda\Documents\FeatureFusionMoNuSAC\SDENet-Fusion\Datasets\Glas\precomputed\train_256_stride_128\masks\train_66_patch_0018.npy,266,0,256,256,522,775,522,775,42291,0.6453094482421875
train_66_patch_0019,train_66.bmp,C:\Users\gadda\Documents\FeatureFusionMoNuSAC\SDENet-Fusion\Datasets\Glas\precomputed\train_256_stride_128\images\train_66_patch_0019.npy,C:\Users\gadda\Documents\FeatureFusionMoNuSAC\SDENet-Fusion\Datasets\Glas\precomputed\train_256_stride_128\masks\train_66_patch_0019.npy,266,128,256,256,522,775,522,775,47880,0.7305908203125
train_66_patch_0020,train_66.bmp,C:\Users\gadda\Documents\FeatureFusionMoNuSAC\SDENet-Fusion\Datasets\Glas\precomputed\train_256_stride_128\images\train_66_patch_0020.npy,C:\Users\gadda\Documents\FeatureFusionMoNuSAC\SDENet-Fusion\Datasets\Glas\precomputed\train_256_stride_128\masks\train_66_patch_0020.npy,266,256,256,256,522,775,522,775,50693,0.7735137939453125
train_66_patch_0021,train_66.bmp,C:\Users\gadda\Documents\FeatureFusionMoNuSAC\SDENet-Fusion\Datasets\Glas\precomputed\train_256_stride_128\images\train_66_patch_0021.npy,C:\Users\gadda\Documents\FeatureFusionMoNuSAC\SDENet-Fusion\Datasets\Glas\precomputed\train_256_stride_128\masks\train_66_patch_0021.npy,266,384,256,256,522,775,522,775,46476,0.70916748046875
train_66_patch_0022,train_66.bmp,C:\Users\gadda\Documents\FeatureFusionMoNuSAC\SDENet-Fusion\Datasets\Glas\precomputed\train_256_stride_128\images\train_66_patch_0022.npy,C:\Users\gadda\Documents\FeatureFusionMoNuSAC\SDENet-Fusion\Datasets\Glas\precomputed\train_256_stride_128\masks\train_66_patch_0022.npy,266,512,256,256,522,775,522,775,32638,0.498016357421875
train_66_patch_0023,train_66.bmp,C:\Users\gadda\Documents\FeatureFusionMoNuSAC\SDENet-Fusion\Datasets\Glas\precomputed\train_256_stride_128\images\train_66_patch_0023.npy,C:\Users\gadda\Documents\FeatureFusionMoNuSAC\SDENet-Fusion\Datasets\Glas\precomputed\train_256_stride_128\masks\train_66_patch_0023.npy,266,519,256,256,522,775,522,775,33132,0.50555419921875
train_67_patch_0000,train_67.bmp,C:\Users\gadda\Documents\FeatureFusionMoNuSAC\SDENet-Fusion\Datasets\Glas\precomputed\train_256_stride_128\images\train_67_patch_0000.npy,C:\Users\gadda\Documents\FeatureFusionMoNuSAC\SDENet-Fusion\Datasets\Glas\precomputed\train_256_stride_128\masks\train_67_patch_0000.npy,0,0,256,256,522,775,522,775,0,0.0
train_67_patch_0001,train_67.bmp,C:\Users\gadda\Documents\FeatureFusionMoNuSAC\SDENet-Fusion\Datasets\Glas\precomputed\train_256_stride_128\images\train_67_patch_0001.npy,C:\Users\gadda\Documents\FeatureFusionMoNuSAC\SDENet-Fusion\Datasets\Glas\precomputed\train_256_stride_128\masks\train_67_patch_0001.npy,0,128,256,256,522,775,522,775,0,0.0
train_67_patch_0002,train_67.bmp,C:\Users\gadda\Documents\FeatureFusionMoNuSAC\SDENet-Fusion\Datasets\Glas\precomputed\train_256_stride_128\images\train_67_patch_0002.npy,C:\Users\gadda\Documents\FeatureFusionMoNuSAC\SDENet-Fusion\Datasets\Glas\precomputed\train_256_stride_128\masks\train_67_patch_0002.npy,0,256,256,256,522,775,522,775,0,0.0
train_67_patch_0003,train_67.bmp,C:\Users\gadda\Documents\FeatureFusionMoNuSAC\SDENet-Fusion\Datasets\Glas\precomputed\train_256_stride_128\images\train_67_patch_0003.npy,C:\Users\gadda\Documents\FeatureFusionMoNuSAC\SDENet-Fusion\Datasets\Glas\precomputed\train_256_stride_128\masks\train_67_patch_0003.npy,0,384,256,256,522,775,522,775,5615,0.0856781005859375
train_67_patch_0004,train_67.bmp,C:\Users\gadda\Documents\FeatureFusionMoNuSAC\SDENet-Fusion\Datasets\Glas\precomputed\train_256_stride_128\images\train_67_patch_0004.npy,C:\Users\gadda\Documents\FeatureFusionMoNuSAC\SDENet-Fusion\Datasets\Glas\precomputed\train_256_stride_128\masks\train_67_patch_0004.npy,0,512,256,256,522,775,522,775,28751,0.4387054443359375
train_67_patch_0005,train_67.bmp,C:\Users\gadda\Documents\FeatureFusionMoNuSAC\SDENet-Fusion\Datasets\Glas\precomputed\train_256_stride_128\images\train_67_patch_0005.npy,C:\Users\gadda\Documents\FeatureFusionMoNuSAC\SDENet-Fusion\Datasets\Glas\precomputed\train_256_stride_128\masks\train_67_patch_0005.npy,0,519,256,256,522,775,522,775,30055,0.4586029052734375
train_67_patch_0006,train_67.bmp,C:\Users\gadda\Documents\FeatureFusionMoNuSAC\SDENet-Fusion\Datasets\Glas\precomputed\train_256_stride_128\images\train_67_patch_0006.npy,C:\Users\gadda\Documents\FeatureFusionMoNuSAC\SDENet-Fusion\Datasets\Glas\precomputed\train_256_stride_128\masks\train_67_patch_0006.npy,128,0,256,256,522,775,522,775,0,0.0
train_67_patch_0007,train_67.bmp,C:\Users\gadda\Documents\FeatureFusionMoNuSAC\SDENet-Fusion\Datasets\Glas\precomputed\train_256_stride_128\images\train_67_patch_0007.npy,C:\Users\gadda\Documents\FeatureFusionMoNuSAC\SDENet-Fusion\Datasets\Glas\precomputed\train_256_stride_128\masks\train_67_patch_0007.npy,128,128,256,256,522,775,522,775,0,0.0
train_67_patch_0008,train_67.bmp,C:\Users\gadda\Documents\FeatureFusionMoNuSAC\SDENet-Fusion\Datasets\Glas\precomputed\train_256_stride_128\images\train_67_patch_0008.npy,C:\Users\gadda\Documents\FeatureFusionMoNuSAC\SDENet-Fusion\Datasets\Glas\precomputed\train_256_stride_128\masks\train_67_patch_0008.npy,128,256,256,256,522,775,522,775,0,0.0
train_67_patch_0009,train_67.bmp,C:\Users\gadda\Documents\FeatureFusionMoNuSAC\SDENet-Fusion\Datasets\Glas\precomputed\train_256_stride_128\images\train_67_patch_0009.npy,C:\Users\gadda\Documents\FeatureFusionMoNuSAC\SDENet-Fusion\Datasets\Glas\precomputed\train_256_stride_128\masks\train_67_patch_0009.npy,128,384,256,256,522,775,522,775,5641,0.0860748291015625
train_67_patch_0010,train_67.bmp,C:\Users\gadda\Documents\FeatureFusionMoNuSAC\SDENet-Fusion\Datasets\Glas\precomputed\train_256_stride_128\images\train_67_patch_0010.npy,C:\Users\gadda\Documents\FeatureFusionMoNuSAC\SDENet-Fusion\Datasets\Glas\precomputed\train_256_stride_128\masks\train_67_patch_0010.npy,128,512,256,256,522,775,522,775,25354,0.386871337890625
train_67_patch_0011,train_67.bmp,C:\Users\gadda\Documents\FeatureFusionMoNuSAC\SDENet-Fusion\Datasets\Glas\precomputed\train_256_stride_128\images\train_67_patch_0011.npy,C:\Users\gadda\Documents\FeatureFusionMoNuSAC\SDENet-Fusion\Datasets\Glas\precomputed\train_256_stride_128\masks\train_67_patch_0011.npy,128,519,256,256,522,775,522,775,26349,0.4020538330078125
train_67_patch_0012,train_67.bmp,C:\Users\gadda\Documents\FeatureFusionMoNuSAC\SDENet-Fusion\Datasets\Glas\precomputed\train_256_stride_128\images\train_67_patch_0012.npy,C:\Users\gadda\Documents\FeatureFusionMoNuSAC\SDENet-Fusion\Datasets\Glas\precomputed\train_256_stride_128\masks\train_67_patch_0012.npy,256,0,256,256,522,775,522,775,0,0.0
train_67_patch_0013,train_67.bmp,C:\Users\gadda\Documents\FeatureFusionMoNuSAC\SDENet-Fusion\Datasets\Glas\precomputed\train_256_stride_128\images\train_67_patch_0013.npy,C:\Users\gadda\Documents\FeatureFusionMoNuSAC\SDENet-Fusion\Datasets\Glas\precomputed\train_256_stride_128\masks\train_67_patch_0013.npy,256,128,256,256,522,775,522,775,0,0.0
train_67_patch_0014,train_67.bmp,C:\Users\gadda\Documents\FeatureFusionMoNuSAC\SDENet-Fusion\Datasets\Glas\precomputed\train_256_stride_128\images\train_67_patch_0014.npy,C:\Users\gadda\Documents\FeatureFusionMoNuSAC\SDENet-Fusion\Datasets\Glas\precomputed\train_256_stride_128\masks\train_67_patch_0014.npy,256,256,256,256,522,775,522,775,0,0.0
train_67_patch_0015,train_67.bmp,C:\Users\gadda\Documents\FeatureFusionMoNuSAC\SDENet-Fusion\Datasets\Glas\precomputed\train_256_stride_128\images\train_67_patch_0015.npy,C:\Users\gadda\Documents\FeatureFusionMoNuSAC\SDENet-Fusion\Datasets\Glas\precomputed\train_256_stride_128\masks\train_67_patch_0015.npy,256,384,256,256,522,775,522,775,100,0.00152587890625
train_67_patch_0016,train_67.bmp,C:\Users\gadda\Documents\FeatureFusionMoNuSAC\SDENet-Fusion\Datasets\Glas\precomputed\train_256_stride_128\images\train_67_patch_0016.npy,C:\Users\gadda\Documents\FeatureFusionMoNuSAC\SDENet-Fusion\Datasets\Glas\precomputed\train_256_stride_128\masks\train_67_patch_0016.npy,256,512,256,256,522,775,522,775,10913,0.1665191650390625
train_67_patch_0017,train_67.bmp,C:\Users\gadda\Documents\FeatureFusionMoNuSAC\SDENet-Fusion\Datasets\Glas\precomputed\train_256_stride_128\images\train_67_patch_0017.npy,C:\Users\gadda\Documents\FeatureFusionMoNuSAC\SDENet-Fusion\Datasets\Glas\precomputed\train_256_stride_128\masks\train_67_patch_0017.npy,256,519,256,256,522,775,522,775,11781,0.1797637939453125
train_67_patch_0018,train_67.bmp,C:\Users\gadda\Documents\FeatureFusionMoNuSAC\SDENet-Fusion\Datasets\Glas\precomputed\train_256_stride_128\images\train_67_patch_0018.npy,C:\Users\gadda\Documents\FeatureFusionMoNuSAC\SDENet-Fusion\Datasets\Glas\precomputed\train_256_stride_128\masks\train_67_patch_0018.npy,266,0,256,256,522,775,522,775,0,0.0
train_67_patch_0019,train_67.bmp,C:\Users\gadda\Documents\FeatureFusionMoNuSAC\SDENet-Fusion\Datasets\Glas\precomputed\train_256_stride_128\images\train_67_patch_0019.npy,C:\Users\gadda\Documents\FeatureFusionMoNuSAC\SDENet-Fusion\Datasets\Glas\precomputed\train_256_stride_128\masks\train_67_patch_0019.npy,266,128,256,256,522,775,522,775,0,0.0
train_67_patch_0020,train_67.bmp,C:\Users\gadda\Documents\FeatureFusionMoNuSAC\SDENet-Fusion\Datasets\Glas\precomputed\train_256_stride_128\images\train_67_patch_0020.npy,C:\Users\gadda\Documents\FeatureFusionMoNuSAC\SDENet-Fusion\Datasets\Glas\precomputed\train_256_stride_128\masks\train_67_patch_0020.npy,266,256,256,256,522,775,522,775,0,0.0
train_67_patch_0021,train_67.bmp,C:\Users\gadda\Documents\FeatureFusionMoNuSAC\SDENet-Fusion\Datasets\Glas\precomputed\train_256_stride_128\images\train_67_patch_0021.npy,C:\Users\gadda\Documents\FeatureFusionMoNuSAC\SDENet-Fusion\Datasets\Glas\precomputed\train_256_stride_128\masks\train_67_patch_0021.npy,266,384,256,256,522,775,522,775,8,0.0001220703125
train_67_patch_0022,train_67.bmp,C:\Users\gadda\Documents\FeatureFusionMoNuSAC\SDENet-Fusion\Datasets\Glas\precomputed\train_256_stride_128\images\train_67_patch_0022.npy,C:\Users\gadda\Documents\FeatureFusionMoNuSAC\SDENet-Fusion\Datasets\Glas\precomputed\train_256_stride_128\masks\train_67_patch_0022.npy,266,512,256,256,522,775,522,775,10345,0.1578521728515625
train_67_patch_0023,train_67.bmp,C:\Users\gadda\Documents\FeatureFusionMoNuSAC\SDENet-Fusion\Datasets\Glas\precomputed\train_256_stride_128\images\train_67_patch_0023.npy,C:\Users\gadda\Documents\FeatureFusionMoNuSAC\SDENet-Fusion\Datasets\Glas\precomputed\train_256_stride_128\masks\train_67_patch_0023.npy,266,519,256,256,522,775,522,775,11213,0.1710968017578125
train_68_patch_0000,train_68.bmp,C:\Users\gadda\Documents\FeatureFusionMoNuSAC\SDENet-Fusion\Datasets\Glas\precomputed\train_256_stride_128\images\train_68_patch_0000.npy,C:\Users\gadda\Documents\FeatureFusionMoNuSAC\SDENet-Fusion\Datasets\Glas\precomputed\train_256_stride_128\masks\train_68_patch_0000.npy,0,0,256,256,522,775,522,775,34347,0.5240936279296875
train_68_patch_0001,train_68.bmp,C:\Users\gadda\Documents\FeatureFusionMoNuSAC\SDENet-Fusion\Datasets\Glas\precomputed\train_256_stride_128\images\train_68_patch_0001.npy,C:\Users\gadda\Documents\FeatureFusionMoNuSAC\SDENet-Fusion\Datasets\Glas\precomputed\train_256_stride_128\masks\train_68_patch_0001.npy,0,128,256,256,522,775,522,775,20879,0.3185882568359375
train_68_patch_0002,train_68.bmp,C:\Users\gadda\Documents\FeatureFusionMoNuSAC\SDENet-Fusion\Datasets\Glas\precomputed\train_256_stride_128\images\train_68_patch_0002.npy,C:\Users\gadda\Documents\FeatureFusionMoNuSAC\SDENet-Fusion\Datasets\Glas\precomputed\train_256_stride_128\masks\train_68_patch_0002.npy,0,256,256,256,522,775,522,775,29729,0.4536285400390625
train_68_patch_0003,train_68.bmp,C:\Users\gadda\Documents\FeatureFusionMoNuSAC\SDENet-Fusion\Datasets\Glas\precomputed\train_256_stride_128\images\train_68_patch_0003.npy,C:\Users\gadda\Documents\FeatureFusionMoNuSAC\SDENet-Fusion\Datasets\Glas\precomputed\train_256_stride_128\masks\train_68_patch_0003.npy,0,384,256,256,522,775,522,775,45516,0.69451904296875
train_68_patch_0004,train_68.bmp,C:\Users\gadda\Documents\FeatureFusionMoNuSAC\SDENet-Fusion\Datasets\Glas\precomputed\train_256_stride_128\images\train_68_patch_0004.npy,C:\Users\gadda\Documents\FeatureFusionMoNuSAC\SDENet-Fusion\Datasets\Glas\precomputed\train_256_stride_128\masks\train_68_patch_0004.npy,0,512,256,256,522,775,522,775,51275,0.7823944091796875
train_68_patch_0005,train_68.bmp,C:\Users\gadda\Documents\FeatureFusionMoNuSAC\SDENet-Fusion\Datasets\Glas\precomputed\train_256_stride_128\images\train_68_patch_0005.npy,C:\Users\gadda\Documents\FeatureFusionMoNuSAC\SDENet-Fusion\Datasets\Glas\precomputed\train_256_stride_128\masks\train_68_patch_0005.npy,0,519,256,256,522,775,522,775,51246,0.781951904296875
train_68_patch_0006,train_68.bmp,C:\Users\gadda\Documents\FeatureFusionMoNuSAC\SDENet-Fusion\Datasets\Glas\precomputed\train_256_stride_128\images\train_68_patch_0006.npy,C:\Users\gadda\Documents\FeatureFusionMoNuSAC\SDENet-Fusion\Datasets\Glas\precomputed\train_256_stride_128\masks\train_68_patch_0006.npy,128,0,256,256,522,775,522,775,11603,0.1770477294921875
train_68_patch_0007,train_68.bmp,C:\Users\gadda\Documents\FeatureFusionMoNuSAC\SDENet-Fusion\Datasets\Glas\precomputed\train_256_stride_128\images\train_68_patch_0007.npy,C:\Users\gadda\Documents\FeatureFusionMoNuSAC\SDENet-Fusion\Datasets\Glas\precomputed\train_256_stride_128\masks\train_68_patch_0007.npy,128,128,256,256,522,775,522,775,12466,0.190216064453125
train_68_patch_0008,train_68.bmp,C:\Users\gadda\Documents\FeatureFusionMoNuSAC\SDENet-Fusion\Datasets\Glas\precomputed\train_256_stride_128\images\train_68_patch_0008.npy,C:\Users\gadda\Documents\FeatureFusionMoNuSAC\SDENet-Fusion\Datasets\Glas\precomputed\train_256_stride_128\masks\train_68_patch_0008.npy,128,256,256,256,522,775,522,775,33149,0.5058135986328125
train_68_patch_0009,train_68.bmp,C:\Users\gadda\Documents\FeatureFusionMoNuSAC\SDENet-Fusion\Datasets\Glas\precomputed\train_256_stride_128\images\train_68_patch_0009.npy,C:\Users\gadda\Documents\FeatureFusionMoNuSAC\SDENet-Fusion\Datasets\Glas\precomputed\train_256_stride_128\masks\train_68_patch_0009.npy,128,384,256,256,522,775,522,775,44129,0.6733551025390625
train_68_patch_0010,train_68.bmp,C:\Users\gadda\Documents\FeatureFusionMoNuSAC\SDENet-Fusion\Datasets\Glas\precomputed\train_256_stride_128\images\train_68_patch_0010.npy,C:\Users\gadda\Documents\FeatureFusionMoNuSAC\SDENet-Fusion\Datasets\Glas\precomputed\train_256_stride_128\masks\train_68_patch_0010.npy,128,512,256,256,522,775,522,775,38703,0.5905609130859375
train_68_patch_0011,train_68.bmp,C:\Users\gadda\Documents\FeatureFusionMoNuSAC\SDENet-Fusion\Datasets\Glas\precomputed\train_256_stride_128\images\train_68_patch_0011.npy,C:\Users\gadda\Documents\FeatureFusionMoNuSAC\SDENet-Fusion\Datasets\Glas\precomputed\train_256_stride_128\masks\train_68_patch_0011.npy,128,519,256,256,522,775,522,775,38225,0.5832672119140625
train_68_patch_0012,train_68.bmp,C:\Users\gadda\Documents\FeatureFusionMoNuSAC\SDENet-Fusion\Datasets\Glas\precomputed\train_256_stride_128\images\train_68_patch_0012.npy,C:\Users\gadda\Documents\FeatureFusionMoNuSAC\SDENet-Fusion\Datasets\Glas\precomputed\train_256_stride_128\masks\train_68_patch_0012.npy,256,0,256,256,522,775,522,775,7514,0.114654541015625
train_68_patch_0013,train_68.bmp,C:\Users\gadda\Documents\FeatureFusionMoNuSAC\SDENet-Fusion\Datasets\Glas\precomputed\train_256_stride_128\images\train_68_patch_0013.npy,C:\Users\gadda\Documents\FeatureFusionMoNuSAC\SDENet-Fusion\Datasets\Glas\precomputed\train_256_stride_128\masks\train_68_patch_0013.npy,256,128,256,256,522,775,522,775,21663,0.3305511474609375
train_68_patch_0014,train_68.bmp,C:\Users\gadda\Documents\FeatureFusionMoNuSAC\SDENet-Fusion\Datasets\Glas\precomputed\train_256_stride_128\images\train_68_patch_0014.npy,C:\Users\gadda\Documents\FeatureFusionMoNuSAC\SDENet-Fusion\Datasets\Glas\precomputed\train_256_stride_128\masks\train_68_patch_0014.npy,256,256,256,256,522,775,522,775,41616,0.635009765625
train_68_patch_0015,train_68.bmp,C:\Users\gadda\Documents\FeatureFusionMoNuSAC\SDENet-Fusion\Datasets\Glas\precomputed\train_256_stride_128\images\train_68_patch_0015.npy,C:\Users\gadda\Documents\FeatureFusionMoNuSAC\SDENet-Fusion\Datasets\Glas\precomputed\train_256_stride_128\masks\train_68_patch_0015.npy,256,384,256,256,522,775,522,775,51014,0.778411865234375
train_68_patch_0016,train_68.bmp,C:\Users\gadda\Documents\FeatureFusionMoNuSAC\SDENet-Fusion\Datasets\Glas\precomputed\train_256_stride_128\images\train_68_patch_0016.npy,C:\Users\gadda\Documents\FeatureFusionMoNuSAC\SDENet-Fusion\Datasets\Glas\precomputed\train_256_stride_128\masks\train_68_patch_0016.npy,256,512,256,256,522,775,522,775,44275,0.6755828857421875
train_68_patch_0017,train_68.bmp,C:\Users\gadda\Documents\FeatureFusionMoNuSAC\SDENet-Fusion\Datasets\Glas\precomputed\train_256_stride_128\images\train_68_patch_0017.npy,C:\Users\gadda\Documents\FeatureFusionMoNuSAC\SDENet-Fusion\Datasets\Glas\precomputed\train_256_stride_128\masks\train_68_patch_0017.npy,256,519,256,256,522,775,522,775,43708,0.66693115234375
train_68_patch_0018,train_68.bmp,C:\Users\gadda\Documents\FeatureFusionMoNuSAC\SDENet-Fusion\Datasets\Glas\precomputed\train_256_stride_128\images\train_68_patch_0018.npy,C:\Users\gadda\Documents\FeatureFusionMoNuSAC\SDENet-Fusion\Datasets\Glas\precomputed\train_256_stride_128\masks\train_68_patch_0018.npy,266,0,256,256,522,775,522,775,7639,0.1165618896484375
train_68_patch_0019,train_68.bmp,C:\Users\gadda\Documents\FeatureFusionMoNuSAC\SDENet-Fusion\Datasets\Glas\precomputed\train_256_stride_128\images\train_68_patch_0019.npy,C:\Users\gadda\Documents\FeatureFusionMoNuSAC\SDENet-Fusion\Datasets\Glas\precomputed\train_256_stride_128\masks\train_68_patch_0019.npy,266,128,256,256,522,775,522,775,23083,0.3522186279296875
train_68_patch_0020,train_68.bmp,C:\Users\gadda\Documents\FeatureFusionMoNuSAC\SDENet-Fusion\Datasets\Glas\precomputed\train_256_stride_128\images\train_68_patch_0020.npy,C:\Users\gadda\Documents\FeatureFusionMoNuSAC\SDENet-Fusion\Datasets\Glas\precomputed\train_256_stride_128\masks\train_68_patch_0020.npy,266,256,256,256,522,775,522,775,42686,0.651336669921875
train_68_patch_0021,train_68.bmp,C:\Users\gadda\Documents\FeatureFusionMoNuSAC\SDENet-Fusion\Datasets\Glas\precomputed\train_256_stride_128\images\train_68_patch_0021.npy,C:\Users\gadda\Documents\FeatureFusionMoNuSAC\SDENet-Fusion\Datasets\Glas\precomputed\train_256_stride_128\masks\train_68_patch_0021.npy,266,384,256,256,522,775,522,775,51654,0.788177490234375
train_68_patch_0022,train_68.bmp,C:\Users\gadda\Documents\FeatureFusionMoNuSAC\SDENet-Fusion\Datasets\Glas\precomputed\train_256_stride_128\images\train_68_patch_0022.npy,C:\Users\gadda\Documents\FeatureFusionMoNuSAC\SDENet-Fusion\Datasets\Glas\precomputed\train_256_stride_128\masks\train_68_patch_0022.npy,266,512,256,256,522,775,522,775,45808,0.698974609375
train_68_patch_0023,train_68.bmp,C:\Users\gadda\Documents\FeatureFusionMoNuSAC\SDENet-Fusion\Datasets\Glas\precomputed\train_256_stride_128\images\train_68_patch_0023.npy,C:\Users\gadda\Documents\FeatureFusionMoNuSAC\SDENet-Fusion\Datasets\Glas\precomputed\train_256_stride_128\masks\train_68_patch_0023.npy,266,519,256,256,522,775,522,775,45255,0.6905364990234375
train_69_patch_0000,train_69.bmp,C:\Users\gadda\Documents\FeatureFusionMoNuSAC\SDENet-Fusion\Datasets\Glas\precomputed\train_256_stride_128\images\train_69_patch_0000.npy,C:\Users\gadda\Documents\FeatureFusionMoNuSAC\SDENet-Fusion\Datasets\Glas\precomputed\train_256_stride_128\masks\train_69_patch_0000.npy,0,0,256,256,522,775,522,775,48261,0.7364044189453125
train_69_patch_0001,train_69.bmp,C:\Users\gadda\Documents\FeatureFusionMoNuSAC\SDENet-Fusion\Datasets\Glas\precomputed\train_256_stride_128\images\train_69_patch_0001.npy,C:\Users\gadda\Documents\FeatureFusionMoNuSAC\SDENet-Fusion\Datasets\Glas\precomputed\train_256_stride_128\masks\train_69_patch_0001.npy,0,128,256,256,522,775,522,775,47854,0.730194091796875
train_69_patch_0002,train_69.bmp,C:\Users\gadda\Documents\FeatureFusionMoNuSAC\SDENet-Fusion\Datasets\Glas\precomputed\train_256_stride_128\images\train_69_patch_0002.npy,C:\Users\gadda\Documents\FeatureFusionMoNuSAC\SDENet-Fusion\Datasets\Glas\precomputed\train_256_stride_128\masks\train_69_patch_0002.npy,0,256,256,256,522,775,522,775,46405,0.7080841064453125
train_69_patch_0003,train_69.bmp,C:\Users\gadda\Documents\FeatureFusionMoNuSAC\SDENet-Fusion\Datasets\Glas\precomputed\train_256_stride_128\images\train_69_patch_0003.npy,C:\Users\gadda\Documents\FeatureFusionMoNuSAC\SDENet-Fusion\Datasets\Glas\precomputed\train_256_stride_128\masks\train_69_patch_0003.npy,0,384,256,256,522,775,522,775,43436,0.66278076171875
train_69_patch_0004,train_69.bmp,C:\Users\gadda\Documents\FeatureFusionMoNuSAC\SDENet-Fusion\Datasets\Glas\precomputed\train_256_stride_128\images\train_69_patch_0004.npy,C:\Users\gadda\Documents\FeatureFusionMoNuSAC\SDENet-Fusion\Datasets\Glas\precomputed\train_256_stride_128\masks\train_69_patch_0004.npy,0,512,256,256,522,775,522,775,39737,0.6063385009765625
train_69_patch_0005,train_69.bmp,C:\Users\gadda\Documents\FeatureFusionMoNuSAC\SDENet-Fusion\Datasets\Glas\precomputed\train_256_stride_128\images\train_69_patch_0005.npy,C:\Users\gadda\Documents\FeatureFusionMoNuSAC\SDENet-Fusion\Datasets\Glas\precomputed\train_256_stride_128\masks\train_69_patch_0005.npy,0,519,256,256,522,775,522,775,39135,0.5971527099609375
train_69_patch_0006,train_69.bmp,C:\Users\gadda\Documents\FeatureFusionMoNuSAC\SDENet-Fusion\Datasets\Glas\precomputed\train_256_stride_128\images\train_69_patch_0006.npy,C:\Users\gadda\Documents\FeatureFusionMoNuSAC\SDENet-Fusion\Datasets\Glas\precomputed\train_256_stride_128\masks\train_69_patch_0006.npy,128,0,256,256,522,775,522,775,47039,0.7177581787109375
train_69_patch_0007,train_69.bmp,C:\Users\gadda\Documents\FeatureFusionMoNuSAC\SDENet-Fusion\Datasets\Glas\precomputed\train_256_stride_128\images\train_69_patch_0007.npy,C:\Users\gadda\Documents\FeatureFusionMoNuSAC\SDENet-Fusion\Datasets\Glas\precomputed\train_256_stride_128\masks\train_69_patch_0007.npy,128,128,256,256,522,775,522,775,44710,0.682220458984375
train_69_patch_0008,train_69.bmp,C:\Users\gadda\Documents\FeatureFusionMoNuSAC\SDENet-Fusion\Datasets\Glas\precomputed\train_256_stride_128\images\train_69_patch_0008.npy,C:\Users\gadda\Documents\FeatureFusionMoNuSAC\SDENet-Fusion\Datasets\Glas\precomputed\train_256_stride_128\masks\train_69_patch_0008.npy,128,256,256,256,522,775,522,775,41282,0.629913330078125
train_69_patch_0009,train_69.bmp,C:\Users\gadda\Documents\FeatureFusionMoNuSAC\SDENet-Fusion\Datasets\Glas\precomputed\train_256_stride_128\images\train_69_patch_0009.npy,C:\Users\gadda\Documents\FeatureFusionMoNuSAC\SDENet-Fusion\Datasets\Glas\precomputed\train_256_stride_128\masks\train_69_patch_0009.npy,128,384,256,256,522,775,522,775,39118,0.596893310546875
train_69_patch_0010,train_69.bmp,C:\Users\gadda\Documents\FeatureFusionMoNuSAC\SDENet-Fusion\Datasets\Glas\precomputed\train_256_stride_128\images\train_69_patch_0010.npy,C:\Users\gadda\Documents\FeatureFusionMoNuSAC\SDENet-Fusion\Datasets\Glas\precomputed\train_256_stride_128\masks\train_69_patch_0010.npy,128,512,256,256,522,775,522,775,43245,0.6598663330078125
train_69_patch_0011,train_69.bmp,C:\Users\gadda\Documents\FeatureFusionMoNuSAC\SDENet-Fusion\Datasets\Glas\precomputed\train_256_stride_128\images\train_69_patch_0011.npy,C:\Users\gadda\Documents\FeatureFusionMoNuSAC\SDENet-Fusion\Datasets\Glas\precomputed\train_256_stride_128\masks\train_69_patch_0011.npy,128,519,256,256,522,775,522,775,43260,0.66009521484375
train_69_patch_0012,train_69.bmp,C:\Users\gadda\Documents\FeatureFusionMoNuSAC\SDENet-Fusion\Datasets\Glas\precomputed\train_256_stride_128\images\train_69_patch_0012.npy,C:\Users\gadda\Documents\FeatureFusionMoNuSAC\SDENet-Fusion\Datasets\Glas\precomputed\train_256_stride_128\masks\train_69_patch_0012.npy,256,0,256,256,522,775,522,775,42815,0.6533050537109375
train_69_patch_0013,train_69.bmp,C:\Users\gadda\Documents\FeatureFusionMoNuSAC\SDENet-Fusion\Datasets\Glas\precomputed\train_256_stride_128\images\train_69_patch_0013.npy,C:\Users\gadda\Documents\FeatureFusionMoNuSAC\SDENet-Fusion\Datasets\Glas\precomputed\train_256_stride_128\masks\train_69_patch_0013.npy,256,128,256,256,522,775,522,775,44745,0.6827545166015625
train_69_patch_0014,train_69.bmp,C:\Users\gadda\Documents\FeatureFusionMoNuSAC\SDENet-Fusion\Datasets\Glas\precomputed\train_256_stride_128\images\train_69_patch_0014.npy,C:\Users\gadda\Documents\FeatureFusionMoNuSAC\SDENet-Fusion\Datasets\Glas\precomputed\train_256_stride_128\masks\train_69_patch_0014.npy,256,256,256,256,522,775,522,775,43434,0.662750244140625
train_69_patch_0015,train_69.bmp,C:\Users\gadda\Documents\FeatureFusionMoNuSAC\SDENet-Fusion\Datasets\Glas\precomputed\train_256_stride_128\images\train_69_patch_0015.npy,C:\Users\gadda\Documents\FeatureFusionMoNuSAC\SDENet-Fusion\Datasets\Glas\precomputed\train_256_stride_128\masks\train_69_patch_0015.npy,256,384,256,256,522,775,522,775,39310,0.599822998046875
train_69_patch_0016,train_69.bmp,C:\Users\gadda\Documents\FeatureFusionMoNuSAC\SDENet-Fusion\Datasets\Glas\precomputed\train_256_stride_128\images\train_69_patch_0016.npy,C:\Users\gadda\Documents\FeatureFusionMoNuSAC\SDENet-Fusion\Datasets\Glas\precomputed\train_256_stride_128\masks\train_69_patch_0016.npy,256,512,256,256,522,775,522,775,45187,0.6894989013671875
train_69_patch_0017,train_69.bmp,C:\Users\gadda\Documents\FeatureFusionMoNuSAC\SDENet-Fusion\Datasets\Glas\precomputed\train_256_stride_128\images\train_69_patch_0017.npy,C:\Users\gadda\Documents\FeatureFusionMoNuSAC\SDENet-Fusion\Datasets\Glas\precomputed\train_256_stride_128\masks\train_69_patch_0017.npy,256,519,256,256,522,775,522,775,45328,0.691650390625
train_69_patch_0018,train_69.bmp,C:\Users\gadda\Documents\FeatureFusionMoNuSAC\SDENet-Fusion\Datasets\Glas\precomputed\train_256_stride_128\images\train_69_patch_0018.npy,C:\Users\gadda\Documents\FeatureFusionMoNuSAC\SDENet-Fusion\Datasets\Glas\precomputed\train_256_stride_128\masks\train_69_patch_0018.npy,266,0,256,256,522,775,522,775,42341,0.6460723876953125
train_69_patch_0019,train_69.bmp,C:\Users\gadda\Documents\FeatureFusionMoNuSAC\SDENet-Fusion\Datasets\Glas\precomputed\train_256_stride_128\images\train_69_patch_0019.npy,C:\Users\gadda\Documents\FeatureFusionMoNuSAC\SDENet-Fusion\Datasets\Glas\precomputed\train_256_stride_128\masks\train_69_patch_0019.npy,266,128,256,256,522,775,522,775,44867,0.6846160888671875
train_69_patch_0020,train_69.bmp,C:\Users\gadda\Documents\FeatureFusionMoNuSAC\SDENet-Fusion\Datasets\Glas\precomputed\train_256_stride_128\images\train_69_patch_0020.npy,C:\Users\gadda\Documents\FeatureFusionMoNuSAC\SDENet-Fusion\Datasets\Glas\precomputed\train_256_stride_128\masks\train_69_patch_0020.npy,266,256,256,256,522,775,522,775,43819,0.6686248779296875
train_69_patch_0021,train_69.bmp,C:\Users\gadda\Documents\FeatureFusionMoNuSAC\SDENet-Fusion\Datasets\Glas\precomputed\train_256_stride_128\images\train_69_patch_0021.npy,C:\Users\gadda\Documents\FeatureFusionMoNuSAC\SDENet-Fusion\Datasets\Glas\precomputed\train_256_stride_128\masks\train_69_patch_0021.npy,266,384,256,256,522,775,522,775,40407,0.6165618896484375
train_69_patch_0022,train_69.bmp,C:\Users\gadda\Documents\FeatureFusionMoNuSAC\SDENet-Fusion\Datasets\Glas\precomputed\train_256_stride_128\images\train_69_patch_0022.npy,C:\Users\gadda\Documents\FeatureFusionMoNuSAC\SDENet-Fusion\Datasets\Glas\precomputed\train_256_stride_128\masks\train_69_patch_0022.npy,266,512,256,256,522,775,522,775,45592,0.6956787109375
train_69_patch_0023,train_69.bmp,C:\Users\gadda\Documents\FeatureFusionMoNuSAC\SDENet-Fusion\Datasets\Glas\precomputed\train_256_stride_128\images\train_69_patch_0023.npy,C:\Users\gadda\Documents\FeatureFusionMoNuSAC\SDENet-Fusion\Datasets\Glas\precomputed\train_256_stride_128\masks\train_69_patch_0023.npy,266,519,256,256,522,775,522,775,45762,0.698272705078125
train_7_patch_0000,train_7.bmp,C:\Users\gadda\Documents\FeatureFusionMoNuSAC\SDENet-Fusion\Datasets\Glas\precomputed\train_256_stride_128\images\train_7_patch_0000.npy,C:\Users\gadda\Documents\FeatureFusionMoNuSAC\SDENet-Fusion\Datasets\Glas\precomputed\train_256_stride_128\masks\train_7_patch_0000.npy,0,0,256,256,453,589,453,589,28341,0.4324493408203125
train_7_patch_0001,train_7.bmp,C:\Users\gadda\Documents\FeatureFusionMoNuSAC\SDENet-Fusion\Datasets\Glas\precomputed\train_256_stride_128\images\train_7_patch_0001.npy,C:\Users\gadda\Documents\FeatureFusionMoNuSAC\SDENet-Fusion\Datasets\Glas\precomputed\train_256_stride_128\masks\train_7_patch_0001.npy,0,128,256,256,453,589,453,589,26672,0.406982421875
train_7_patch_0002,train_7.bmp,C:\Users\gadda\Documents\FeatureFusionMoNuSAC\SDENet-Fusion\Datasets\Glas\precomputed\train_256_stride_128\images\train_7_patch_0002.npy,C:\Users\gadda\Documents\FeatureFusionMoNuSAC\SDENet-Fusion\Datasets\Glas\precomputed\train_256_stride_128\masks\train_7_patch_0002.npy,0,256,256,256,453,589,453,589,40852,0.62335205078125
train_7_patch_0003,train_7.bmp,C:\Users\gadda\Documents\FeatureFusionMoNuSAC\SDENet-Fusion\Datasets\Glas\precomputed\train_256_stride_128\images\train_7_patch_0003.npy,C:\Users\gadda\Documents\FeatureFusionMoNuSAC\SDENet-Fusion\Datasets\Glas\precomputed\train_256_stride_128\masks\train_7_patch_0003.npy,0,333,256,256,453,589,453,589,48537,0.7406158447265625
train_7_patch_0004,train_7.bmp,C:\Users\gadda\Documents\FeatureFusionMoNuSAC\SDENet-Fusion\Datasets\Glas\precomputed\train_256_stride_128\images\train_7_patch_0004.npy,C:\Users\gadda\Documents\FeatureFusionMoNuSAC\SDENet-Fusion\Datasets\Glas\precomputed\train_256_stride_128\masks\train_7_patch_0004.npy,128,0,256,256,453,589,453,589,45858,0.699737548828125
train_7_patch_0005,train_7.bmp,C:\Users\gadda\Documents\FeatureFusionMoNuSAC\SDENet-Fusion\Datasets\Glas\precomputed\train_256_stride_128\images\train_7_patch_0005.npy,C:\Users\gadda\Documents\FeatureFusionMoNuSAC\SDENet-Fusion\Datasets\Glas\precomputed\train_256_stride_128\masks\train_7_patch_0005.npy,128,128,256,256,453,589,453,589,32158,0.490692138671875
train_7_patch_0006,train_7.bmp,C:\Users\gadda\Documents\FeatureFusionMoNuSAC\SDENet-Fusion\Datasets\Glas\precomputed\train_256_stride_128\images\train_7_patch_0006.npy,C:\Users\gadda\Documents\FeatureFusionMoNuSAC\SDENet-Fusion\Datasets\Glas\precomputed\train_256_stride_128\masks\train_7_patch_0006.npy,128,256,256,256,453,589,453,589,16130,0.246124267578125
train_7_patch_0007,train_7.bmp,C:\Users\gadda\Documents\FeatureFusionMoNuSAC\SDENet-Fusion\Datasets\Glas\precomputed\train_256_stride_128\images\train_7_patch_0007.npy,C:\Users\gadda\Documents\FeatureFusionMoNuSAC\SDENet-Fusion\Datasets\Glas\precomputed\train_256_stride_128\masks\train_7_patch_0007.npy,128,333,256,256,453,589,453,589,20349,0.3105010986328125
train_7_patch_0008,train_7.bmp,C:\Users\gadda\Documents\FeatureFusionMoNuSAC\SDENet-Fusion\Datasets\Glas\precomputed\train_256_stride_128\images\train_7_patch_0008.npy,C:\Users\gadda\Documents\FeatureFusionMoNuSAC\SDENet-Fusion\Datasets\Glas\precomputed\train_256_stride_128\masks\train_7_patch_0008.npy,197,0,256,256,453,589,453,589,46802,0.714141845703125
train_7_patch_0009,train_7.bmp,C:\Users\gadda\Documents\FeatureFusionMoNuSAC\SDENet-Fusion\Datasets\Glas\precomputed\train_256_stride_128\images\train_7_patch_0009.npy,C:\Users\gadda\Documents\FeatureFusionMoNuSAC\SDENet-Fusion\Datasets\Glas\precomputed\train_256_stride_128\masks\train_7_patch_0009.npy,197,128,256,256,453,589,453,589,41700,0.63629150390625
train_7_patch_0010,train_7.bmp,C:\Users\gadda\Documents\FeatureFusionMoNuSAC\SDENet-Fusion\Datasets\Glas\precomputed\train_256_stride_128\images\train_7_patch_0010.npy,C:\Users\gadda\Documents\FeatureFusionMoNuSAC\SDENet-Fusion\Datasets\Glas\precomputed\train_256_stride_128\masks\train_7_patch_0010.npy,197,256,256,256,453,589,453,589,13336,0.2034912109375
train_7_patch_0011,train_7.bmp,C:\Users\gadda\Documents\FeatureFusionMoNuSAC\SDENet-Fusion\Datasets\Glas\precomputed\train_256_stride_128\images\train_7_patch_0011.npy,C:\Users\gadda\Documents\FeatureFusionMoNuSAC\SDENet-Fusion\Datasets\Glas\precomputed\train_256_stride_128\masks\train_7_patch_0011.npy,197,333,256,256,453,589,453,589,9058,0.138214111328125
train_70_patch_0000,train_70.bmp,C:\Users\gadda\Documents\FeatureFusionMoNuSAC\SDENet-Fusion\Datasets\Glas\precomputed\train_256_stride_128\images\train_70_patch_0000.npy,C:\Users\gadda\Documents\FeatureFusionMoNuSAC\SDENet-Fusion\Datasets\Glas\precomputed\train_256_stride_128\masks\train_70_patch_0000.npy,0,0,256,256,522,775,522,775,22781,0.3476104736328125
train_70_patch_0001,train_70.bmp,C:\Users\gadda\Documents\FeatureFusionMoNuSAC\SDENet-Fusion\Datasets\Glas\precomputed\train_256_stride_128\images\train_70_patch_0001.npy,C:\Users\gadda\Documents\FeatureFusionMoNuSAC\SDENet-Fusion\Datasets\Glas\precomputed\train_256_stride_128\masks\train_70_patch_0001.npy,0,128,256,256,522,775,522,775,38831,0.5925140380859375
train_70_patch_0002,train_70.bmp,C:\Users\gadda\Documents\FeatureFusionMoNuSAC\SDENet-Fusion\Datasets\Glas\precomputed\train_256_stride_128\images\train_70_patch_0002.npy,C:\Users\gadda\Documents\FeatureFusionMoNuSAC\SDENet-Fusion\Datasets\Glas\precomputed\train_256_stride_128\masks\train_70_patch_0002.npy,0,256,256,256,522,775,522,775,47922,0.731231689453125
train_70_patch_0003,train_70.bmp,C:\Users\gadda\Documents\FeatureFusionMoNuSAC\SDENet-Fusion\Datasets\Glas\precomputed\train_256_stride_128\images\train_70_patch_0003.npy,C:\Users\gadda\Documents\FeatureFusionMoNuSAC\SDENet-Fusion\Datasets\Glas\precomputed\train_256_stride_128\masks\train_70_patch_0003.npy,0,384,256,256,522,775,522,775,48268,0.73651123046875
train_70_patch_0004,train_70.bmp,C:\Users\gadda\Documents\FeatureFusionMoNuSAC\SDENet-Fusion\Datasets\Glas\precomputed\train_256_stride_128\images\train_70_patch_0004.npy,C:\Users\gadda\Documents\FeatureFusionMoNuSAC\SDENet-Fusion\Datasets\Glas\precomputed\train_256_stride_128\masks\train_70_patch_0004.npy,0,512,256,256,522,775,522,775,27714,0.422882080078125
train_70_patch_0005,train_70.bmp,C:\Users\gadda\Documents\FeatureFusionMoNuSAC\SDENet-Fusion\Datasets\Glas\precomputed\train_256_stride_128\images\train_70_patch_0005.npy,C:\Users\gadda\Documents\FeatureFusionMoNuSAC\SDENet-Fusion\Datasets\Glas\precomputed\train_256_stride_128\masks\train_70_patch_0005.npy,0,519,256,256,522,775,522,775,26298,0.401275634765625
train_70_patch_0006,train_70.bmp,C:\Users\gadda\Documents\FeatureFusionMoNuSAC\SDENet-Fusion\Datasets\Glas\precomputed\train_256_stride_128\images\train_70_patch_0006.npy,C:\Users\gadda\Documents\FeatureFusionMoNuSAC\SDENet-Fusion\Datasets\Glas\precomputed\train_256_stride_128\masks\train_70_patch_0006.npy,128,0,256,256,522,775,522,775,26567,0.4053802490234375
train_70_patch_0007,train_70.bmp,C:\Users\gadda\Documents\FeatureFusionMoNuSAC\SDENet-Fusion\Datasets\Glas\precomputed\train_256_stride_128\images\train_70_patch_0007.npy,C:\Users\gadda\Documents\FeatureFusionMoNuSAC\SDENet-Fusion\Datasets\Glas\precomputed\train_256_stride_128\masks\train_70_patch_0007.npy,128,128,256,256,522,775,522,775,24498,0.373809814453125
train_70_patch_0008,train_70.bmp,C:\Users\gadda\Documents\FeatureFusionMoNuSAC\SDENet-Fusion\Datasets\Glas\precomputed\train_256_stride_128\images\train_70_patch_0008.npy,C:\Users\gadda\Documents\FeatureFusionMoNuSAC\SDENet-Fusion\Datasets\Glas\precomputed\train_256_stride_128\masks\train_70_patch_0008.npy,128,256,256,256,522,775,522,775,27274,0.416168212890625
train_70_patch_0009,train_70.bmp,C:\Users\gadda\Documents\FeatureFusionMoNuSAC\SDENet-Fusion\Datasets\Glas\precomputed\train_256_stride_128\images\train_70_patch_0009.npy,C:\Users\gadda\Documents\FeatureFusionMoNuSAC\SDENet-Fusion\Datasets\Glas\precomputed\train_256_stride_128\masks\train_70_patch_0009.npy,128,384,256,256,522,775,522,775,32596,0.49737548828125
train_70_patch_0010,train_70.bmp,C:\Users\gadda\Documents\FeatureFusionMoNuSAC\SDENet-Fusion\Datasets\Glas\precomputed\train_256_stride_128\images\train_70_patch_0010.npy,C:\Users\gadda\Documents\FeatureFusionMoNuSAC\SDENet-Fusion\Datasets\Glas\precomputed\train_256_stride_128\masks\train_70_patch_0010.npy,128,512,256,256,522,775,522,775,33696,0.51416015625
train_70_patch_0011,train_70.bmp,C:\Users\gadda\Documents\FeatureFusionMoNuSAC\SDENet-Fusion\Datasets\Glas\precomputed\train_256_stride_128\images\train_70_patch_0011.npy,C:\Users\gadda\Documents\FeatureFusionMoNuSAC\SDENet-Fusion\Datasets\Glas\precomputed\train_256_stride_128\masks\train_70_patch_0011.npy,128,519,256,256,522,775,522,775,33001,0.5035552978515625
train_70_patch_0012,train_70.bmp,C:\Users\gadda\Documents\FeatureFusionMoNuSAC\SDENet-Fusion\Datasets\Glas\precomputed\train_256_stride_128\images\train_70_patch_0012.npy,C:\Users\gadda\Documents\FeatureFusionMoNuSAC\SDENet-Fusion\Datasets\Glas\precomputed\train_256_stride_128\masks\train_70_patch_0012.npy,256,0,256,256,522,775,522,775,43000,0.6561279296875
train_70_patch_0013,train_70.bmp,C:\Users\gadda\Documents\FeatureFusionMoNuSAC\SDENet-Fusion\Datasets\Glas\precomputed\train_256_stride_128\images\train_70_patch_0013.npy,C:\Users\gadda\Documents\FeatureFusionMoNuSAC\SDENet-Fusion\Datasets\Glas\precomputed\train_256_stride_128\masks\train_70_patch_0013.npy,256,128,256,256,522,775,522,775,23189,0.3538360595703125
train_70_patch_0014,train_70.bmp,C:\Users\gadda\Documents\FeatureFusionMoNuSAC\SDENet-Fusion\Datasets\Glas\precomputed\train_256_stride_128\images\train_70_patch_0014.npy,C:\Users\gadda\Documents\FeatureFusionMoNuSAC\SDENet-Fusion\Datasets\Glas\precomputed\train_256_stride_128\masks\train_70_patch_0014.npy,256,256,256,256,522,775,522,775,26726,0.407806396484375
train_70_patch_0015,train_70.bmp,C:\Users\gadda\Documents\FeatureFusionMoNuSAC\SDENet-Fusion\Datasets\Glas\precomputed\train_256_stride_128\images\train_70_patch_0015.npy,C:\Users\gadda\Documents\FeatureFusionMoNuSAC\SDENet-Fusion\Datasets\Glas\precomputed\train_256_stride_128\masks\train_70_patch_0015.npy,256,384,256,256,522,775,522,775,37347,0.5698699951171875
train_70_patch_0016,train_70.bmp,C:\Users\gadda\Documents\FeatureFusionMoNuSAC\SDENet-Fusion\Datasets\Glas\precomputed\train_256_stride_128\images\train_70_patch_0016.npy,C:\Users\gadda\Documents\FeatureFusionMoNuSAC\SDENet-Fusion\Datasets\Glas\precomputed\train_256_stride_128\masks\train_70_patch_0016.npy,256,512,256,256,522,775,522,775,41970,0.640411376953125
train_70_patch_0017,train_70.bmp,C:\Users\gadda\Documents\FeatureFusionMoNuSAC\SDENet-Fusion\Datasets\Glas\precomputed\train_256_stride_128\images\train_70_patch_0017.npy,C:\Users\gadda\Documents\FeatureFusionMoNuSAC\SDENet-Fusion\Datasets\Glas\precomputed\train_256_stride_128\masks\train_70_patch_0017.npy,256,519,256,256,522,775,522,775,42149,0.6431427001953125
train_70_patch_0018,train_70.bmp,C:\Users\gadda\Documents\FeatureFusionMoNuSAC\SDENet-Fusion\Datasets\Glas\precomputed\train_256_stride_128\images\train_70_patch_0018.npy,C:\Users\gadda\Documents\FeatureFusionMoNuSAC\SDENet-Fusion\Datasets\Glas\precomputed\train_256_stride_128\masks\train_70_patch_0018.npy,266,0,256,256,522,775,522,775,45109,0.6883087158203125
train_70_patch_0019,train_70.bmp,C:\Users\gadda\Documents\FeatureFusionMoNuSAC\SDENet-Fusion\Datasets\Glas\precomputed\train_256_stride_128\images\train_70_patch_0019.npy,C:\Users\gadda\Documents\FeatureFusionMoNuSAC\SDENet-Fusion\Datasets\Glas\precomputed\train_256_stride_128\masks\train_70_patch_0019.npy,266,128,256,256,522,775,522,775,24961,0.3808746337890625
train_70_patch_0020,train_70.bmp,C:\Users\gadda\Documents\FeatureFusionMoNuSAC\SDENet-Fusion\Datasets\Glas\precomputed\train_256_stride_128\images\train_70_patch_0020.npy,C:\Users\gadda\Documents\FeatureFusionMoNuSAC\SDENet-Fusion\Datasets\Glas\precomputed\train_256_stride_128\masks\train_70_patch_0020.npy,266,256,256,256,522,775,522,775,27784,0.4239501953125
train_70_patch_0021,train_70.bmp,C:\Users\gadda\Documents\FeatureFusionMoNuSAC\SDENet-Fusion\Datasets\Glas\precomputed\train_256_stride_128\images\train_70_patch_0021.npy,C:\Users\gadda\Documents\FeatureFusionMoNuSAC\SDENet-Fusion\Datasets\Glas\precomputed\train_256_stride_128\masks\train_70_patch_0021.npy,266,384,256,256,522,775,522,775,37849,0.5775299072265625
train_70_patch_0022,train_70.bmp,C:\Users\gadda\Documents\FeatureFusionMoNuSAC\SDENet-Fusion\Datasets\Glas\precomputed\train_256_stride_128\images\train_70_patch_0022.npy,C:\Users\gadda\Documents\FeatureFusionMoNuSAC\SDENet-Fusion\Datasets\Glas\precomputed\train_256_stride_128\masks\train_70_patch_0022.npy,266,512,256,256,522,775,522,775,42404,0.64703369140625
train_70_patch_0023,train_70.bmp,C:\Users\gadda\Documents\FeatureFusionMoNuSAC\SDENet-Fusion\Datasets\Glas\precomputed\train_256_stride_128\images\train_70_patch_0023.npy,C:\Users\gadda\Documents\FeatureFusionMoNuSAC\SDENet-Fusion\Datasets\Glas\precomputed\train_256_stride_128\masks\train_70_patch_0023.npy,266,519,256,256,522,775,522,775,42653,0.6508331298828125
train_71_patch_0000,train_71.bmp,C:\Users\gadda\Documents\FeatureFusionMoNuSAC\SDENet-Fusion\Datasets\Glas\precomputed\train_256_stride_128\images\train_71_patch_0000.npy,C:\Users\gadda\Documents\FeatureFusionMoNuSAC\SDENet-Fusion\Datasets\Glas\precomputed\train_256_stride_128\masks\train_71_patch_0000.npy,0,0,256,256,522,775,522,775,21690,0.330963134765625
train_71_patch_0001,train_71.bmp,C:\Users\gadda\Documents\FeatureFusionMoNuSAC\SDENet-Fusion\Datasets\Glas\precomputed\train_256_stride_128\images\train_71_patch_0001.npy,C:\Users\gadda\Documents\FeatureFusionMoNuSAC\SDENet-Fusion\Datasets\Glas\precomputed\train_256_stride_128\masks\train_71_patch_0001.npy,0,128,256,256,522,775,522,775,16401,0.2502593994140625
train_71_patch_0002,train_71.bmp,C:\Users\gadda\Documents\FeatureFusionMoNuSAC\SDENet-Fusion\Datasets\Glas\precomputed\train_256_stride_128\images\train_71_patch_0002.npy,C:\Users\gadda\Documents\FeatureFusionMoNuSAC\SDENet-Fusion\Datasets\Glas\precomputed\train_256_stride_128\masks\train_71_patch_0002.npy,0,256,256,256,522,775,522,775,9582,0.146209716796875
train_71_patch_0003,train_71.bmp,C:\Users\gadda\Documents\FeatureFusionMoNuSAC\SDENet-Fusion\Datasets\Glas\precomputed\train_256_stride_128\images\train_71_patch_0003.npy,C:\Users\gadda\Documents\FeatureFusionMoNuSAC\SDENet-Fusion\Datasets\Glas\precomputed\train_256_stride_128\masks\train_71_patch_0003.npy,0,384,256,256,522,775,522,775,23441,0.3576812744140625
train_71_patch_0004,train_71.bmp,C:\Users\gadda\Documents\FeatureFusionMoNuSAC\SDENet-Fusion\Datasets\Glas\precomputed\train_256_stride_128\images\train_71_patch_0004.npy,C:\Users\gadda\Documents\FeatureFusionMoNuSAC\SDENet-Fusion\Datasets\Glas\precomputed\train_256_stride_128\masks\train_71_patch_0004.npy,0,512,256,256,522,775,522,775,34467,0.5259246826171875
train_71_patch_0005,train_71.bmp,C:\Users\gadda\Documents\FeatureFusionMoNuSAC\SDENet-Fusion\Datasets\Glas\precomputed\train_256_stride_128\images\train_71_patch_0005.npy,C:\Users\gadda\Documents\FeatureFusionMoNuSAC\SDENet-Fusion\Datasets\Glas\precomputed\train_256_stride_128\masks\train_71_patch_0005.npy,0,519,256,256,522,775,522,775,34672,0.529052734375
train_71_patch_0006,train_71.bmp,C:\Users\gadda\Documents\FeatureFusionMoNuSAC\SDENet-Fusion\Datasets\Glas\precomputed\train_256_stride_128\images\train_71_patch_0006.npy,C:\Users\gadda\Documents\FeatureFusionMoNuSAC\SDENet-Fusion\Datasets\Glas\precomputed\train_256_stride_128\masks\train_71_patch_0006.npy,128,0,256,256,522,775,522,775,18867,0.2878875732421875
train_71_patch_0007,train_71.bmp,C:\Users\gadda\Documents\FeatureFusionMoNuSAC\SDENet-Fusion\Datasets\Glas\precomputed\train_256_stride_128\images\train_71_patch_0007.npy,C:\Users\gadda\Documents\FeatureFusionMoNuSAC\SDENet-Fusion\Datasets\Glas\precomputed\train_256_stride_128\masks\train_71_patch_0007.npy,128,128,256,256,522,775,522,775,6916,0.10552978515625
train_71_patch_0008,train_71.bmp,C:\Users\gadda\Documents\FeatureFusionMoNuSAC\SDENet-Fusion\Datasets\Glas\precomputed\train_256_stride_128\images\train_71_patch_0008.npy,C:\Users\gadda\Documents\FeatureFusionMoNuSAC\SDENet-Fusion\Datasets\Glas\precomputed\train_256_stride_128\masks\train_71_patch_0008.npy,128,256,256,256,522,775,522,775,6765,0.1032257080078125
train_71_patch_0009,train_71.bmp,C:\Users\gadda\Documents\FeatureFusionMoNuSAC\SDENet-Fusion\Datasets\Glas\precomputed\train_256_stride_128\images\train_71_patch_0009.npy,C:\Users\gadda\Documents\FeatureFusionMoNuSAC\SDENet-Fusion\Datasets\Glas\precomputed\train_256_stride_128\masks\train_71_patch_0009.npy,128,384,256,256,522,775,522,775,23831,0.3636322021484375
train_71_patch_0010,train_71.bmp,C:\Users\gadda\Documents\FeatureFusionMoNuSAC\SDENet-Fusion\Datasets\Glas\precomputed\train_256_stride_128\images\train_71_patch_0010.npy,C:\Users\gadda\Documents\FeatureFusionMoNuSAC\SDENet-Fusion\Datasets\Glas\precomputed\train_256_stride_128\masks\train_71_patch_0010.npy,128,512,256,256,522,775,522,775,35956,0.54864501953125
train_71_patch_0011,train_71.bmp,C:\Users\gadda\Documents\FeatureFusionMoNuSAC\SDENet-Fusion\Datasets\Glas\precomputed\train_256_stride_128\images\train_71_patch_0011.npy,C:\Users\gadda\Documents\FeatureFusionMoNuSAC\SDENet-Fusion\Datasets\Glas\precomputed\train_256_stride_128\masks\train_71_patch_0011.npy,128,519,256,256,522,775,522,775,36167,0.5518646240234375
train_71_patch_0012,train_71.bmp,C:\Users\gadda\Documents\FeatureFusionMoNuSAC\SDENet-Fusion\Datasets\Glas\precomputed\train_256_stride_128\images\train_71_patch_0012.npy,C:\Users\gadda\Documents\FeatureFusionMoNuSAC\SDENet-Fusion\Datasets\Glas\precomputed\train_256_stride_128\masks\train_71_patch_0012.npy,256,0,256,256,522,775,522,775,21252,0.32427978515625
train_71_patch_0013,train_71.bmp,C:\Users\gadda\Documents\FeatureFusionMoNuSAC\SDENet-Fusion\Datasets\Glas\precomputed\train_256_stride_128\images\train_71_patch_0013.npy,C:\Users\gadda\Documents\FeatureFusionMoNuSAC\SDENet-Fusion\Datasets\Glas\precomputed\train_256_stride_128\masks\train_71_patch_0013.npy,256,128,256,256,522,775,522,775,14695,0.2242279052734375
train_71_patch_0014,train_71.bmp,C:\Users\gadda\Documents\FeatureFusionMoNuSAC\SDENet-Fusion\Datasets\Glas\precomputed\train_256_stride_128\images\train_71_patch_0014.npy,C:\Users\gadda\Documents\FeatureFusionMoNuSAC\SDENet-Fusion\Datasets\Glas\precomputed\train_256_stride_128\masks\train_71_patch_0014.npy,256,256,256,256,522,775,522,775,15702,0.239593505859375
train_71_patch_0015,train_71.bmp,C:\Users\gadda\Documents\FeatureFusionMoNuSAC\SDENet-Fusion\Datasets\Glas\precomputed\train_256_stride_128\images\train_71_patch_0015.npy,C:\Users\gadda\Documents\FeatureFusionMoNuSAC\SDENet-Fusion\Datasets\Glas\precomputed\train_256_stride_128\masks\train_71_patch_0015.npy,256,384,256,256,522,775,522,775,21990,0.335540771484375
train_71_patch_0016,train_71.bmp,C:\Users\gadda\Documents\FeatureFusionMoNuSAC\SDENet-Fusion\Datasets\Glas\precomputed\train_256_stride_128\images\train_71_patch_0016.npy,C:\Users\gadda\Documents\FeatureFusionMoNuSAC\SDENet-Fusion\Datasets\Glas\precomputed\train_256_stride_128\masks\train_71_patch_0016.npy,256,512,256,256,522,775,522,775,32935,0.5025482177734375
train_71_patch_0017,train_71.bmp,C:\Users\gadda\Documents\FeatureFusionMoNuSAC\SDENet-Fusion\Datasets\Glas\precomputed\train_256_stride_128\images\train_71_patch_0017.npy,C:\Users\gadda\Documents\FeatureFusionMoNuSAC\SDENet-Fusion\Datasets\Glas\precomputed\train_256_stride_128\masks\train_71_patch_0017.npy,256,519,256,256,522,775,522,775,32549,0.4966583251953125
train_71_patch_0018,train_71.bmp,C:\Users\gadda\Documents\FeatureFusionMoNuSAC\SDENet-Fusion\Datasets\Glas\precomputed\train_256_stride_128\images\train_71_patch_0018.npy,C:\Users\gadda\Documents\FeatureFusionMoNuSAC\SDENet-Fusion\Datasets\Glas\precomputed\train_256_stride_128\masks\train_71_patch_0018.npy,266,0,256,256,522,775,522,775,21864,0.3336181640625
train_71_patch_0019,train_71.bmp,C:\Users\gadda\Documents\FeatureFusionMoNuSAC\SDENet-Fusion\Datasets\Glas\precomputed\train_256_stride_128\images\train_71_patch_0019.npy,C:\Users\gadda\Documents\FeatureFusionMoNuSAC\SDENet-Fusion\Datasets\Glas\precomputed\train_256_stride_128\masks\train_71_patch_0019.npy,266,128,256,256,522,775,522,775,15271,0.2330169677734375
train_71_patch_0020,train_71.bmp,C:\Users\gadda\Documents\FeatureFusionMoNuSAC\SDENet-Fusion\Datasets\Glas\precomputed\train_256_stride_128\images\train_71_patch_0020.npy,C:\Users\gadda\Documents\FeatureFusionMoNuSAC\SDENet-Fusion\Datasets\Glas\precomputed\train_256_stride_128\masks\train_71_patch_0020.npy,266,256,256,256,522,775,522,775,15888,0.242431640625
train_71_patch_0021,train_71.bmp,C:\Users\gadda\Documents\FeatureFusionMoNuSAC\SDENet-Fusion\Datasets\Glas\precomputed\train_256_stride_128\images\train_71_patch_0021.npy,C:\Users\gadda\Documents\FeatureFusionMoNuSAC\SDENet-Fusion\Datasets\Glas\precomputed\train_256_stride_128\masks\train_71_patch_0021.npy,266,384,256,256,522,775,522,775,22147,0.3379364013671875
train_71_patch_0022,train_71.bmp,C:\Users\gadda\Documents\FeatureFusionMoNuSAC\SDENet-Fusion\Datasets\Glas\precomputed\train_256_stride_128\images\train_71_patch_0022.npy,C:\Users\gadda\Documents\FeatureFusionMoNuSAC\SDENet-Fusion\Datasets\Glas\precomputed\train_256_stride_128\masks\train_71_patch_0022.npy,266,512,256,256,522,775,522,775,32459,0.4952850341796875
train_71_patch_0023,train_71.bmp,C:\Users\gadda\Documents\FeatureFusionMoNuSAC\SDENet-Fusion\Datasets\Glas\precomputed\train_256_stride_128\images\train_71_patch_0023.npy,C:\Users\gadda\Documents\FeatureFusionMoNuSAC\SDENet-Fusion\Datasets\Glas\precomputed\train_256_stride_128\masks\train_71_patch_0023.npy,266,519,256,256,522,775,522,775,32003,0.4883270263671875
train_72_patch_0000,train_72.bmp,C:\Users\gadda\Documents\FeatureFusionMoNuSAC\SDENet-Fusion\Datasets\Glas\precomputed\train_256_stride_128\images\train_72_patch_0000.npy,C:\Users\gadda\Documents\FeatureFusionMoNuSAC\SDENet-Fusion\Datasets\Glas\precomputed\train_256_stride_128\masks\train_72_patch_0000.npy,0,0,256,256,522,775,522,775,32175,0.4909515380859375
train_72_patch_0001,train_72.bmp,C:\Users\gadda\Documents\FeatureFusionMoNuSAC\SDENet-Fusion\Datasets\Glas\precomputed\train_256_stride_128\images\train_72_patch_0001.npy,C:\Users\gadda\Documents\FeatureFusionMoNuSAC\SDENet-Fusion\Datasets\Glas\precomputed\train_256_stride_128\masks\train_72_patch_0001.npy,0,128,256,256,522,775,522,775,35549,0.5424346923828125
train_72_patch_0002,train_72.bmp,C:\Users\gadda\Documents\FeatureFusionMoNuSAC\SDENet-Fusion\Datasets\Glas\precomputed\train_256_stride_128\images\train_72_patch_0002.npy,C:\Users\gadda\Documents\FeatureFusionMoNuSAC\SDENet-Fusion\Datasets\Glas\precomputed\train_256_stride_128\masks\train_72_patch_0002.npy,0,256,256,256,522,775,522,775,40220,0.61370849609375
train_72_patch_0003,train_72.bmp,C:\Users\gadda\Documents\FeatureFusionMoNuSAC\SDENet-Fusion\Datasets\Glas\precomputed\train_256_stride_128\images\train_72_patch_0003.npy,C:\Users\gadda\Documents\FeatureFusionMoNuSAC\SDENet-Fusion\Datasets\Glas\precomputed\train_256_stride_128\masks\train_72_patch_0003.npy,0,384,256,256,522,775,522,775,43697,0.6667633056640625
train_72_patch_0004,train_72.bmp,C:\Users\gadda\Documents\FeatureFusionMoNuSAC\SDENet-Fusion\Datasets\Glas\precomputed\train_256_stride_128\images\train_72_patch_0004.npy,C:\Users\gadda\Documents\FeatureFusionMoNuSAC\SDENet-Fusion\Datasets\Glas\precomputed\train_256_stride_128\masks\train_72_patch_0004.npy,0,512,256,256,522,775,522,775,35284,0.53839111328125
train_72_patch_0005,train_72.bmp,C:\Users\gadda\Documents\FeatureFusionMoNuSAC\SDENet-Fusion\Datasets\Glas\precomputed\train_256_stride_128\images\train_72_patch_0005.npy,C:\Users\gadda\Documents\FeatureFusionMoNuSAC\SDENet-Fusion\Datasets\Glas\precomputed\train_256_stride_128\masks\train_72_patch_0005.npy,0,519,256,256,522,775,522,775,34459,0.5258026123046875
train_72_patch_0006,train_72.bmp,C:\Users\gadda\Documents\FeatureFusionMoNuSAC\SDENet-Fusion\Datasets\Glas\precomputed\train_256_stride_128\images\train_72_patch_0006.npy,C:\Users\gadda\Documents\FeatureFusionMoNuSAC\SDENet-Fusion\Datasets\Glas\precomputed\train_256_stride_128\masks\train_72_patch_0006.npy,128,0,256,256,522,775,522,775,32849,0.5012359619140625
train_72_patch_0007,train_72.bmp,C:\Users\gadda\Documents\FeatureFusionMoNuSAC\SDENet-Fusion\Datasets\Glas\precomputed\train_256_stride_128\images\train_72_patch_0007.npy,C:\Users\gadda\Documents\FeatureFusionMoNuSAC\SDENet-Fusion\Datasets\Glas\precomputed\train_256_stride_128\masks\train_72_patch_0007.npy,128,128,256,256,522,775,522,775,38603,0.5890350341796875
train_72_patch_0008,train_72.bmp,C:\Users\gadda\Documents\FeatureFusionMoNuSAC\SDENet-Fusion\Datasets\Glas\precomputed\train_256_stride_128\images\train_72_patch_0008.npy,C:\Users\gadda\Documents\FeatureFusionMoNuSAC\SDENet-Fusion\Datasets\Glas\precomputed\train_256_stride_128\masks\train_72_patch_0008.npy,128,256,256,256,522,775,522,775,46236,0.70550537109375
train_72_patch_0009,train_72.bmp,C:\Users\gadda\Documents\FeatureFusionMoNuSAC\SDENet-Fusion\Datasets\Glas\precomputed\train_256_stride_128\images\train_72_patch_0009.npy,C:\Users\gadda\Documents\FeatureFusionMoNuSAC\SDENet-Fusion\Datasets\Glas\precomputed\train_256_stride_128\masks\train_72_patch_0009.npy,128,384,256,256,522,775,522,775,44203,0.6744842529296875
train_72_patch_0010,train_72.bmp,C:\Users\gadda\Documents\FeatureFusionMoNuSAC\SDENet-Fusion\Datasets\Glas\precomputed\train_256_stride_128\images\train_72_patch_0010.npy,C:\Users\gadda\Documents\FeatureFusionMoNuSAC\SDENet-Fusion\Datasets\Glas\precomputed\train_256_stride_128\masks\train_72_patch_0010.npy,128,512,256,256,522,775,522,775,33118,0.505340576171875
train_72_patch_0011,train_72.bmp,C:\Users\gadda\Documents\FeatureFusionMoNuSAC\SDENet-Fusion\Datasets\Glas\precomputed\train_256_stride_128\images\train_72_patch_0011.npy,C:\Users\gadda\Documents\FeatureFusionMoNuSAC\SDENet-Fusion\Datasets\Glas\precomputed\train_256_stride_128\masks\train_72_patch_0011.npy,128,519,256,256,522,775,522,775,32916,0.50225830078125
train_72_patch_0012,train_72.bmp,C:\Users\gadda\Documents\FeatureFusionMoNuSAC\SDENet-Fusion\Datasets\Glas\precomputed\train_256_stride_128\images\train_72_patch_0012.npy,C:\Users\gadda\Documents\FeatureFusionMoNuSAC\SDENet-Fusion\Datasets\Glas\precomputed\train_256_stride_128\masks\train_72_patch_0012.npy,256,0,256,256,522,775,522,775,49905,0.7614898681640625
train_72_patch_0013,train_72.bmp,C:\Users\gadda\Documents\FeatureFusionMoNuSAC\SDENet-Fusion\Datasets\Glas\precomputed\train_256_stride_128\images\train_72_patch_0013.npy,C:\Users\gadda\Documents\FeatureFusionMoNuSAC\SDENet-Fusion\Datasets\Glas\precomputed\train_256_stride_128\masks\train_72_patch_0013.npy,256,128,256,256,522,775,522,775,47673,0.7274322509765625
train_72_patch_0014,train_72.bmp,C:\Users\gadda\Documents\FeatureFusionMoNuSAC\SDENet-Fusion\Datasets\Glas\precomputed\train_256_stride_128\images\train_72_patch_0014.npy,C:\Users\gadda\Documents\FeatureFusionMoNuSAC\SDENet-Fusion\Datasets\Glas\precomputed\train_256_stride_128\masks\train_72_patch_0014.npy,256,256,256,256,522,775,522,775,40777,0.6222076416015625
train_72_patch_0015,train_72.bmp,C:\Users\gadda\Documents\FeatureFusionMoNuSAC\SDENet-Fusion\Datasets\Glas\precomputed\train_256_stride_128\images\train_72_patch_0015.npy,C:\Users\gadda\Documents\FeatureFusionMoNuSAC\SDENet-Fusion\Datasets\Glas\precomputed\train_256_stride_128\masks\train_72_patch_0015.npy,256,384,256,256,522,775,522,775,39440,0.601806640625
train_72_patch_0016,train_72.bmp,C:\Users\gadda\Documents\FeatureFusionMoNuSAC\SDENet-Fusion\Datasets\Glas\precomputed\train_256_stride_128\images\train_72_patch_0016.npy,C:\Users\gadda\Documents\FeatureFusionMoNuSAC\SDENet-Fusion\Datasets\Glas\precomputed\train_256_stride_128\masks\train_72_patch_0016.npy,256,512,256,256,522,775,522,775,33885,0.5170440673828125
train_72_patch_0017,train_72.bmp,C:\Users\gadda\Documents\FeatureFusionMoNuSAC\SDENet-Fusion\Datasets\Glas\precomputed\train_256_stride_128\images\train_72_patch_0017.npy,C:\Users\gadda\Documents\FeatureFusionMoNuSAC\SDENet-Fusion\Datasets\Glas\precomputed\train_256_stride_128\masks\train_72_patch_0017.npy,256,519,256,256,522,775,522,775,33961,0.5182037353515625
train_72_patch_0018,train_72.bmp,C:\Users\gadda\Documents\FeatureFusionMoNuSAC\SDENet-Fusion\Datasets\Glas\precomputed\train_256_stride_128\images\train_72_patch_0018.npy,C:\Users\gadda\Documents\FeatureFusionMoNuSAC\SDENet-Fusion\Datasets\Glas\precomputed\train_256_stride_128\masks\train_72_patch_0018.npy,266,0,256,256,522,775,522,775,51453,0.7851104736328125
train_72_patch_0019,train_72.bmp,C:\Users\gadda\Documents\FeatureFusionMoNuSAC\SDENet-Fusion\Datasets\Glas\precomputed\train_256_stride_128\images\train_72_patch_0019.npy,C:\Users\gadda\Documents\FeatureFusionMoNuSAC\SDENet-Fusion\Datasets\Glas\precomputed\train_256_stride_128\masks\train_72_patch_0019.npy,266,128,256,256,522,775,522,775,47306,0.721832275390625
train_72_patch_0020,train_72.bmp,C:\Users\gadda\Documents\FeatureFusionMoNuSAC\SDENet-Fusion\Datasets\Glas\precomputed\train_256_stride_128\images\train_72_patch_0020.npy,C:\Users\gadda\Documents\FeatureFusionMoNuSAC\SDENet-Fusion\Datasets\Glas\precomputed\train_256_stride_128\masks\train_72_patch_0020.npy,266,256,256,256,522,775,522,775,39271,0.5992279052734375
train_72_patch_0021,train_72.bmp,C:\Users\gadda\Documents\FeatureFusionMoNuSAC\SDENet-Fusion\Datasets\Glas\precomputed\train_256_stride_128\images\train_72_patch_0021.npy,C:\Users\gadda\Documents\FeatureFusionMoNuSAC\SDENet-Fusion\Datasets\Glas\precomputed\train_256_stride_128\masks\train_72_patch_0021.npy,266,384,256,256,522,775,522,775,38362,0.585357666015625
train_72_patch_0022,train_72.bmp,C:\Users\gadda\Documents\FeatureFusionMoNuSAC\SDENet-Fusion\Datasets\Glas\precomputed\train_256_stride_128\images\train_72_patch_0022.npy,C:\Users\gadda\Documents\FeatureFusionMoNuSAC\SDENet-Fusion\Datasets\Glas\precomputed\train_256_stride_128\masks\train_72_patch_0022.npy,266,512,256,256,522,775,522,775,33847,0.5164642333984375
train_72_patch_0023,train_72.bmp,C:\Users\gadda\Documents\FeatureFusionMoNuSAC\SDENet-Fusion\Datasets\Glas\precomputed\train_256_stride_128\images\train_72_patch_0023.npy,C:\Users\gadda\Documents\FeatureFusionMoNuSAC\SDENet-Fusion\Datasets\Glas\precomputed\train_256_stride_128\masks\train_72_patch_0023.npy,266,519,256,256,522,775,522,775,33988,0.51861572265625
train_73_patch_0000,train_73.bmp,C:\Users\gadda\Documents\FeatureFusionMoNuSAC\SDENet-Fusion\Datasets\Glas\precomputed\train_256_stride_128\images\train_73_patch_0000.npy,C:\Users\gadda\Documents\FeatureFusionMoNuSAC\SDENet-Fusion\Datasets\Glas\precomputed\train_256_stride_128\masks\train_73_patch_0000.npy,0,0,256,256,522,775,522,775,41463,0.6326751708984375
train_73_patch_0001,train_73.bmp,C:\Users\gadda\Documents\FeatureFusionMoNuSAC\SDENet-Fusion\Datasets\Glas\precomputed\train_256_stride_128\images\train_73_patch_0001.npy,C:\Users\gadda\Documents\FeatureFusionMoNuSAC\SDENet-Fusion\Datasets\Glas\precomputed\train_256_stride_128\masks\train_73_patch_0001.npy,0,128,256,256,522,775,522,775,34596,0.52789306640625
train_73_patch_0002,train_73.bmp,C:\Users\gadda\Documents\FeatureFusionMoNuSAC\SDENet-Fusion\Datasets\Glas\precomputed\train_256_stride_128\images\train_73_patch_0002.npy,C:\Users\gadda\Documents\FeatureFusionMoNuSAC\SDENet-Fusion\Datasets\Glas\precomputed\train_256_stride_128\masks\train_73_patch_0002.npy,0,256,256,256,522,775,522,775,32533,0.4964141845703125
train_73_patch_0003,train_73.bmp,C:\Users\gadda\Documents\FeatureFusionMoNuSAC\SDENet-Fusion\Datasets\Glas\precomputed\train_256_stride_128\images\train_73_patch_0003.npy,C:\Users\gadda\Documents\FeatureFusionMoNuSAC\SDENet-Fusion\Datasets\Glas\precomputed\train_256_stride_128\masks\train_73_patch_0003.npy,0,384,256,256,522,775,522,775,29699,0.4531707763671875
train_73_patch_0004,train_73.bmp,C:\Users\gadda\Documents\FeatureFusionMoNuSAC\SDENet-Fusion\Datasets\Glas\precomputed\train_256_stride_128\images\train_73_patch_0004.npy,C:\Users\gadda\Documents\FeatureFusionMoNuSAC\SDENet-Fusion\Datasets\Glas\precomputed\train_256_stride_128\masks\train_73_patch_0004.npy,0,512,256,256,522,775,522,775,41293,0.6300811767578125
train_73_patch_0005,train_73.bmp,C:\Users\gadda\Documents\FeatureFusionMoNuSAC\SDENet-Fusion\Datasets\Glas\precomputed\train_256_stride_128\images\train_73_patch_0005.npy,C:\Users\gadda\Documents\FeatureFusionMoNuSAC\SDENet-Fusion\Datasets\Glas\precomputed\train_256_stride_128\masks\train_73_patch_0005.npy,0,519,256,256,522,775,522,775,42083,0.6421356201171875
train_73_patch_0006,train_73.bmp,C:\Users\gadda\Documents\FeatureFusionMoNuSAC\SDENet-Fusion\Datasets\Glas\precomputed\train_256_stride_128\images\train_73_patch_0006.npy,C:\Users\gadda\Documents\FeatureFusionMoNuSAC\SDENet-Fusion\Datasets\Glas\precomputed\train_256_stride_128\masks\train_73_patch_0006.npy,128,0,256,256,522,775,522,775,49235,0.7512664794921875
train_73_patch_0007,train_73.bmp,C:\Users\gadda\Documents\FeatureFusionMoNuSAC\SDENet-Fusion\Datasets\Glas\precomputed\train_256_stride_128\images\train_73_patch_0007.npy,C:\Users\gadda\Documents\FeatureFusionMoNuSAC\SDENet-Fusion\Datasets\Glas\precomputed\train_256_stride_128\masks\train_73_patch_0007.npy,128,128,256,256,522,775,522,775,42948,0.65533447265625
train_73_patch_0008,train_73.bmp,C:\Users\gadda\Documents\FeatureFusionMoNuSAC\SDENet-Fusion\Datasets\Glas\precomputed\train_256_stride_128\images\train_73_patch_0008.npy,C:\Users\gadda\Documents\FeatureFusionMoNuSAC\SDENet-Fusion\Datasets\Glas\precomputed\train_256_stride_128\masks\train_73_patch_0008.npy,128,256,256,256,522,775,522,775,39712,0.60595703125
train_73_patch_0009,train_73.bmp,C:\Users\gadda\Documents\FeatureFusionMoNuSAC\SDENet-Fusion\Datasets\Glas\precomputed\train_256_stride_128\images\train_73_patch_0009.npy,C:\Users\gadda\Documents\FeatureFusionMoNuSAC\SDENet-Fusion\Datasets\Glas\precomputed\train_256_stride_128\masks\train_73_patch_0009.npy,128,384,256,256,522,775,522,775,40857,0.6234283447265625
train_73_patch_0010,train_73.bmp,C:\Users\gadda\Documents\FeatureFusionMoNuSAC\SDENet-Fusion\Datasets\Glas\precomputed\train_256_stride_128\images\train_73_patch_0010.npy,C:\Users\gadda\Documents\FeatureFusionMoNuSAC\SDENet-Fusion\Datasets\Glas\precomputed\train_256_stride_128\masks\train_73_patch_0010.npy,128,512,256,256,522,775,522,775,49385,0.7535552978515625
train_73_patch_0011,train_73.bmp,C:\Users\gadda\Documents\FeatureFusionMoNuSAC\SDENet-Fusion\Datasets\Glas\precomputed\train_256_stride_128\images\train_73_patch_0011.npy,C:\Users\gadda\Documents\FeatureFusionMoNuSAC\SDENet-Fusion\Datasets\Glas\precomputed\train_256_stride_128\masks\train_73_patch_0011.npy,128,519,256,256,522,775,522,775,50024,0.7633056640625
train_73_patch_0012,train_73.bmp,C:\Users\gadda\Documents\FeatureFusionMoNuSAC\SDENet-Fusion\Datasets\Glas\precomputed\train_256_stride_128\images\train_73_patch_0012.npy,C:\Users\gadda\Documents\FeatureFusionMoNuSAC\SDENet-Fusion\Datasets\Glas\precomputed\train_256_stride_128\masks\train_73_patch_0012.npy,256,0,256,256,522,775,522,775,55766,0.850921630859375
train_73_patch_0013,train_73.bmp,C:\Users\gadda\Documents\FeatureFusionMoNuSAC\SDENet-Fusion\Datasets\Glas\precomputed\train_256_stride_128\images\train_73_patch_0013.npy,C:\Users\gadda\Documents\FeatureFusionMoNuSAC\SDENet-Fusion\Datasets\Glas\precomputed\train_256_stride_128\masks\train_73_patch_0013.npy,256,128,256,256,522,775,522,775,47919,0.7311859130859375
train_73_patch_0014,train_73.bmp,C:\Users\gadda\Documents\FeatureFusionMoNuSAC\SDENet-Fusion\Datasets\Glas\precomputed\train_256_stride_128\images\train_73_patch_0014.npy,C:\Users\gadda\Documents\FeatureFusionMoNuSAC\SDENet-Fusion\Datasets\Glas\precomputed\train_256_stride_128\masks\train_73_patch_0014.npy,256,256,256,256,522,775,522,775,37582,0.573455810546875
train_73_patch_0015,train_73.bmp,C:\Users\gadda\Documents\FeatureFusionMoNuSAC\SDENet-Fusion\Datasets\Glas\precomputed\train_256_stride_128\images\train_73_patch_0015.npy,C:\Users\gadda\Documents\FeatureFusionMoNuSAC\SDENet-Fusion\Datasets\Glas\precomputed\train_256_stride_128\masks\train_73_patch_0015.npy,256,384,256,256,522,775,522,775,46105,0.7035064697265625
train_73_patch_0016,train_73.bmp,C:\Users\gadda\Documents\FeatureFusionMoNuSAC\SDENet-Fusion\Datasets\Glas\precomputed\train_256_stride_128\images\train_73_patch_0016.npy,C:\Users\gadda\Documents\FeatureFusionMoNuSAC\SDENet-Fusion\Datasets\Glas\precomputed\train_256_stride_128\masks\train_73_patch_0016.npy,256,512,256,256,522,775,522,775,58489,0.8924713134765625
train_73_patch_0017,train_73.bmp,C:\Users\gadda\Documents\FeatureFusionMoNuSAC\SDENet-Fusion\Datasets\Glas\precomputed\train_256_stride_128\images\train_73_patch_0017.npy,C:\Users\gadda\Documents\FeatureFusionMoNuSAC\SDENet-Fusion\Datasets\Glas\precomputed\train_256_stride_128\masks\train_73_patch_0017.npy,256,519,256,256,522,775,522,775,58742,0.896331787109375
train_73_patch_0018,train_73.bmp,C:\Users\gadda\Documents\FeatureFusionMoNuSAC\SDENet-Fusion\Datasets\Glas\precomputed\train_256_stride_128\images\train_73_patch_0018.npy,C:\Users\gadda\Documents\FeatureFusionMoNuSAC\SDENet-Fusion\Datasets\Glas\precomputed\train_256_stride_128\masks\train_73_patch_0018.npy,266,0,256,256,522,775,522,775,55245,0.8429718017578125
train_73_patch_0019,train_73.bmp,C:\Users\gadda\Documents\FeatureFusionMoNuSAC\SDENet-Fusion\Datasets\Glas\precomputed\train_256_stride_128\images\train_73_patch_0019.npy,C:\Users\gadda\Documents\FeatureFusionMoNuSAC\SDENet-Fusion\Datasets\Glas\precomputed\train_256_stride_128\masks\train_73_patch_0019.npy,266,128,256,256,522,775,522,775,48122,0.734283447265625
train_73_patch_0020,train_73.bmp,C:\Users\gadda\Documents\FeatureFusionMoNuSAC\SDENet-Fusion\Datasets\Glas\precomputed\train_256_stride_128\images\train_73_patch_0020.npy,C:\Users\gadda\Documents\FeatureFusionMoNuSAC\SDENet-Fusion\Datasets\Glas\precomputed\train_256_stride_128\masks\train_73_patch_0020.npy,266,256,256,256,522,775,522,775,38583,0.5887298583984375
train_73_patch_0021,train_73.bmp,C:\Users\gadda\Documents\FeatureFusionMoNuSAC\SDENet-Fusion\Datasets\Glas\precomputed\train_256_stride_128\images\train_73_patch_0021.npy,C:\Users\gadda\Documents\FeatureFusionMoNuSAC\SDENet-Fusion\Datasets\Glas\precomputed\train_256_stride_128\masks\train_73_patch_0021.npy,266,384,256,256,522,775,522,775,46879,0.7153167724609375
train_73_patch_0022,train_73.bmp,C:\Users\gadda\Documents\FeatureFusionMoNuSAC\SDENet-Fusion\Datasets\Glas\precomputed\train_256_stride_128\images\train_73_patch_0022.npy,C:\Users\gadda\Documents\FeatureFusionMoNuSAC\SDENet-Fusion\Datasets\Glas\precomputed\train_256_stride_128\masks\train_73_patch_0022.npy,266,512,256,256,522,775,522,775,58971,0.8998260498046875
train_73_patch_0023,train_73.bmp,C:\Users\gadda\Documents\FeatureFusionMoNuSAC\SDENet-Fusion\Datasets\Glas\precomputed\train_256_stride_128\images\train_73_patch_0023.npy,C:\Users\gadda\Documents\FeatureFusionMoNuSAC\SDENet-Fusion\Datasets\Glas\precomputed\train_256_stride_128\masks\train_73_patch_0023.npy,266,519,256,256,522,775,522,775,59294,0.904754638671875
train_74_patch_0000,train_74.bmp,C:\Users\gadda\Documents\FeatureFusionMoNuSAC\SDENet-Fusion\Datasets\Glas\precomputed\train_256_stride_128\images\train_74_patch_0000.npy,C:\Users\gadda\Documents\FeatureFusionMoNuSAC\SDENet-Fusion\Datasets\Glas\precomputed\train_256_stride_128\masks\train_74_patch_0000.npy,0,0,256,256,522,775,522,775,41419,0.6320037841796875
train_74_patch_0001,train_74.bmp,C:\Users\gadda\Documents\FeatureFusionMoNuSAC\SDENet-Fusion\Datasets\Glas\precomputed\train_256_stride_128\images\train_74_patch_0001.npy,C:\Users\gadda\Documents\FeatureFusionMoNuSAC\SDENet-Fusion\Datasets\Glas\precomputed\train_256_stride_128\masks\train_74_patch_0001.npy,0,128,256,256,522,775,522,775,39007,0.5951995849609375
train_74_patch_0002,train_74.bmp,C:\Users\gadda\Documents\FeatureFusionMoNuSAC\SDENet-Fusion\Datasets\Glas\precomputed\train_256_stride_128\images\train_74_patch_0002.npy,C:\Users\gadda\Documents\FeatureFusionMoNuSAC\SDENet-Fusion\Datasets\Glas\precomputed\train_256_stride_128\masks\train_74_patch_0002.npy,0,256,256,256,522,775,522,775,18725,0.2857208251953125
train_74_patch_0003,train_74.bmp,C:\Users\gadda\Documents\FeatureFusionMoNuSAC\SDENet-Fusion\Datasets\Glas\precomputed\train_256_stride_128\images\train_74_patch_0003.npy,C:\Users\gadda\Documents\FeatureFusionMoNuSAC\SDENet-Fusion\Datasets\Glas\precomputed\train_256_stride_128\masks\train_74_patch_0003.npy,0,384,256,256,522,775,522,775,11913,0.1817779541015625
train_74_patch_0004,train_74.bmp,C:\Users\gadda\Documents\FeatureFusionMoNuSAC\SDENet-Fusion\Datasets\Glas\precomputed\train_256_stride_128\images\train_74_patch_0004.npy,C:\Users\gadda\Documents\FeatureFusionMoNuSAC\SDENet-Fusion\Datasets\Glas\precomputed\train_256_stride_128\masks\train_74_patch_0004.npy,0,512,256,256,522,775,522,775,34161,0.5212554931640625
train_74_patch_0005,train_74.bmp,C:\Users\gadda\Documents\FeatureFusionMoNuSAC\SDENet-Fusion\Datasets\Glas\precomputed\train_256_stride_128\images\train_74_patch_0005.npy,C:\Users\gadda\Documents\FeatureFusionMoNuSAC\SDENet-Fusion\Datasets\Glas\precomputed\train_256_stride_128\masks\train_74_patch_0005.npy,0,519,256,256,522,775,522,775,35104,0.53564453125
train_74_patch_0006,train_74.bmp,C:\Users\gadda\Documents\FeatureFusionMoNuSAC\SDENet-Fusion\Datasets\Glas\precomputed\train_256_stride_128\images\train_74_patch_0006.npy,C:\Users\gadda\Documents\FeatureFusionMoNuSAC\SDENet-Fusion\Datasets\Glas\precomputed\train_256_stride_128\masks\train_74_patch_0006.npy,128,0,256,256,522,775,522,775,45104,0.688232421875
train_74_patch_0007,train_74.bmp,C:\Users\gadda\Documents\FeatureFusionMoNuSAC\SDENet-Fusion\Datasets\Glas\precomputed\train_256_stride_128\images\train_74_patch_0007.npy,C:\Users\gadda\Documents\FeatureFusionMoNuSAC\SDENet-Fusion\Datasets\Glas\precomputed\train_256_stride_128\masks\train_74_patch_0007.npy,128,128,256,256,522,775,522,775,34213,0.5220489501953125
train_74_patch_0008,train_74.bmp,C:\Users\gadda\Documents\FeatureFusionMoNuSAC\SDENet-Fusion\Datasets\Glas\precomputed\train_256_stride_128\images\train_74_patch_0008.npy,C:\Users\gadda\Documents\FeatureFusionMoNuSAC\SDENet-Fusion\Datasets\Glas\precomputed\train_256_stride_128\masks\train_74_patch_0008.npy,128,256,256,256,522,775,522,775,27736,0.4232177734375
train_74_patch_0009,train_74.bmp,C:\Users\gadda\Documents\FeatureFusionMoNuSAC\SDENet-Fusion\Datasets\Glas\precomputed\train_256_stride_128\images\train_74_patch_0009.npy,C:\Users\gadda\Documents\FeatureFusionMoNuSAC\SDENet-Fusion\Datasets\Glas\precomputed\train_256_stride_128\masks\train_74_patch_0009.npy,128,384,256,256,522,775,522,775,32172,0.49090576171875
train_74_patch_0010,train_74.bmp,C:\Users\gadda\Documents\FeatureFusionMoNuSAC\SDENet-Fusion\Datasets\Glas\precomputed\train_256_stride_128\images\train_74_patch_0010.npy,C:\Users\gadda\Documents\FeatureFusionMoNuSAC\SDENet-Fusion\Datasets\Glas\precomputed\train_256_stride_128\masks\train_74_patch_0010.npy,128,512,256,256,522,775,522,775,30414,0.464080810546875
train_74_patch_0011,train_74.bmp,C:\Users\gadda\Documents\FeatureFusionMoNuSAC\SDENet-Fusion\Datasets\Glas\precomputed\train_256_stride_128\images\train_74_patch_0011.npy,C:\Users\gadda\Documents\FeatureFusionMoNuSAC\SDENet-Fusion\Datasets\Glas\precomputed\train_256_stride_128\masks\train_74_patch_0011.npy,128,519,256,256,522,775,522,775,29932,0.45672607421875
train_74_patch_0012,train_74.bmp,C:\Users\gadda\Documents\FeatureFusionMoNuSAC\SDENet-Fusion\Datasets\Glas\precomputed\train_256_stride_128\images\train_74_patch_0012.npy,C:\Users\gadda\Documents\FeatureFusionMoNuSAC\SDENet-Fusion\Datasets\Glas\precomputed\train_256_stride_128\masks\train_74_patch_0012.npy,256,0,256,256,522,775,522,775,42846,0.653778076171875
train_74_patch_0013,train_74.bmp,C:\Users\gadda\Documents\FeatureFusionMoNuSAC\SDENet-Fusion\Datasets\Glas\precomputed\train_256_stride_128\images\train_74_patch_0013.npy,C:\Users\gadda\Documents\FeatureFusionMoNuSAC\SDENet-Fusion\Datasets\Glas\precomputed\train_256_stride_128\masks\train_74_patch_0013.npy,256,128,256,256,522,775,522,775,30178,0.460479736328125
train_74_patch_0014,train_74.bmp,C:\Users\gadda\Documents\FeatureFusionMoNuSAC\SDENet-Fusion\Datasets\Glas\precomputed\train_256_stride_128\images\train_74_patch_0014.npy,C:\Users\gadda\Documents\FeatureFusionMoNuSAC\SDENet-Fusion\Datasets\Glas\precomputed\train_256_stride_128\masks\train_74_patch_0014.npy,256,256,256,256,522,775,522,775,39271,0.5992279052734375
train_74_patch_0015,train_74.bmp,C:\Users\gadda\Documents\FeatureFusionMoNuSAC\SDENet-Fusion\Datasets\Glas\precomputed\train_256_stride_128\images\train_74_patch_0015.npy,C:\Users\gadda\Documents\FeatureFusionMoNuSAC\SDENet-Fusion\Datasets\Glas\precomputed\train_256_stride_128\masks\train_74_patch_0015.npy,256,384,256,256,522,775,522,775,58213,0.8882598876953125
train_74_patch_0016,train_74.bmp,C:\Users\gadda\Documents\FeatureFusionMoNuSAC\SDENet-Fusion\Datasets\Glas\precomputed\train_256_stride_128\images\train_74_patch_0016.npy,C:\Users\gadda\Documents\FeatureFusionMoNuSAC\SDENet-Fusion\Datasets\Glas\precomputed\train_256_stride_128\masks\train_74_patch_0016.npy,256,512,256,256,522,775,522,775,40650,0.620269775390625
train_74_patch_0017,train_74.bmp,C:\Users\gadda\Documents\FeatureFusionMoNuSAC\SDENet-Fusion\Datasets\Glas\precomputed\train_256_stride_128\images\train_74_patch_0017.npy,C:\Users\gadda\Documents\FeatureFusionMoNuSAC\SDENet-Fusion\Datasets\Glas\precomputed\train_256_stride_128\masks\train_74_patch_0017.npy,256,519,256,256,522,775,522,775,39679,0.6054534912109375
train_74_patch_0018,train_74.bmp,C:\Users\gadda\Documents\FeatureFusionMoNuSAC\SDENet-Fusion\Datasets\Glas\precomputed\train_256_stride_128\images\train_74_patch_0018.npy,C:\Users\gadda\Documents\FeatureFusionMoNuSAC\SDENet-Fusion\Datasets\Glas\precomputed\train_256_stride_128\masks\train_74_patch_0018.npy,266,0,256,256,522,775,522,775,42227,0.6443328857421875
train_74_patch_0019,train_74.bmp,C:\Users\gadda\Documents\FeatureFusionMoNuSAC\SDENet-Fusion\Datasets\Glas\precomputed\train_256_stride_128\images\train_74_patch_0019.npy,C:\Users\gadda\Documents\FeatureFusionMoNuSAC\SDENet-Fusion\Datasets\Glas\precomputed\train_256_stride_128\masks\train_74_patch_0019.npy,266,128,256,256,522,775,522,775,30382,0.463592529296875
train_74_patch_0020,train_74.bmp,C:\Users\gadda\Documents\FeatureFusionMoNuSAC\SDENet-Fusion\Datasets\Glas\precomputed\train_256_stride_128\images\train_74_patch_0020.npy,C:\Users\gadda\Documents\FeatureFusionMoNuSAC\SDENet-Fusion\Datasets\Glas\precomputed\train_256_stride_128\masks\train_74_patch_0020.npy,266,256,256,256,522,775,522,775,40697,0.6209869384765625
train_74_patch_0021,train_74.bmp,C:\Users\gadda\Documents\FeatureFusionMoNuSAC\SDENet-Fusion\Datasets\Glas\precomputed\train_256_stride_128\images\train_74_patch_0021.npy,C:\Users\gadda\Documents\FeatureFusionMoNuSAC\SDENet-Fusion\Datasets\Glas\precomputed\train_256_stride_128\masks\train_74_patch_0021.npy,266,384,256,256,522,775,522,775,59986,0.915313720703125
train_74_patch_0022,train_74.bmp,C:\Users\gadda\Documents\FeatureFusionMoNuSAC\SDENet-Fusion\Datasets\Glas\precomputed\train_256_stride_128\images\train_74_patch_0022.npy,C:\Users\gadda\Documents\FeatureFusionMoNuSAC\SDENet-Fusion\Datasets\Glas\precomputed\train_256_stride_128\masks\train_74_patch_0022.npy,266,512,256,256,522,775,522,775,41558,0.634124755859375
train_74_patch_0023,train_74.bmp,C:\Users\gadda\Documents\FeatureFusionMoNuSAC\SDENet-Fusion\Datasets\Glas\precomputed\train_256_stride_128\images\train_74_patch_0023.npy,C:\Users\gadda\Documents\FeatureFusionMoNuSAC\SDENet-Fusion\Datasets\Glas\precomputed\train_256_stride_128\masks\train_74_patch_0023.npy,266,519,256,256,522,775,522,775,40587,0.6193084716796875
train_75_patch_0000,train_75.bmp,C:\Users\gadda\Documents\FeatureFusionMoNuSAC\SDENet-Fusion\Datasets\Glas\precomputed\train_256_stride_128\images\train_75_patch_0000.npy,C:\Users\gadda\Documents\FeatureFusionMoNuSAC\SDENet-Fusion\Datasets\Glas\precomputed\train_256_stride_128\masks\train_75_patch_0000.npy,0,0,256,256,522,775,522,775,31085,0.4743194580078125
train_75_patch_0001,train_75.bmp,C:\Users\gadda\Documents\FeatureFusionMoNuSAC\SDENet-Fusion\Datasets\Glas\precomputed\train_256_stride_128\images\train_75_patch_0001.npy,C:\Users\gadda\Documents\FeatureFusionMoNuSAC\SDENet-Fusion\Datasets\Glas\precomputed\train_256_stride_128\masks\train_75_patch_0001.npy,0,128,256,256,522,775,522,775,47066,0.718170166015625
train_75_patch_0002,train_75.bmp,C:\Users\gadda\Documents\FeatureFusionMoNuSAC\SDENet-Fusion\Datasets\Glas\precomputed\train_256_stride_128\images\train_75_patch_0002.npy,C:\Users\gadda\Documents\FeatureFusionMoNuSAC\SDENet-Fusion\Datasets\Glas\precomputed\train_256_stride_128\masks\train_75_patch_0002.npy,0,256,256,256,522,775,522,775,48542,0.740692138671875
train_75_patch_0003,train_75.bmp,C:\Users\gadda\Documents\FeatureFusionMoNuSAC\SDENet-Fusion\Datasets\Glas\precomputed\train_256_stride_128\images\train_75_patch_0003.npy,C:\Users\gadda\Documents\FeatureFusionMoNuSAC\SDENet-Fusion\Datasets\Glas\precomputed\train_256_stride_128\masks\train_75_patch_0003.npy,0,384,256,256,522,775,522,775,39848,0.6080322265625
train_75_patch_0004,train_75.bmp,C:\Users\gadda\Documents\FeatureFusionMoNuSAC\SDENet-Fusion\Datasets\Glas\precomputed\train_256_stride_128\images\train_75_patch_0004.npy,C:\Users\gadda\Documents\FeatureFusionMoNuSAC\SDENet-Fusion\Datasets\Glas\precomputed\train_256_stride_128\masks\train_75_patch_0004.npy,0,512,256,256,522,775,522,775,36393,0.5553131103515625
train_75_patch_0005,train_75.bmp,C:\Users\gadda\Documents\FeatureFusionMoNuSAC\SDENet-Fusion\Datasets\Glas\precomputed\train_256_stride_128\images\train_75_patch_0005.npy,C:\Users\gadda\Documents\FeatureFusionMoNuSAC\SDENet-Fusion\Datasets\Glas\precomputed\train_256_stride_128\masks\train_75_patch_0005.npy,0,519,256,256,522,775,522,775,37140,0.56671142578125
train_75_patch_0006,train_75.bmp,C:\Users\gadda\Documents\FeatureFusionMoNuSAC\SDENet-Fusion\Datasets\Glas\precomputed\train_256_stride_128\images\train_75_patch_0006.npy,C:\Users\gadda\Documents\FeatureFusionMoNuSAC\SDENet-Fusion\Datasets\Glas\precomputed\train_256_stride_128\masks\train_75_patch_0006.npy,128,0,256,256,522,775,522,775,39080,0.5963134765625
train_75_patch_0007,train_75.bmp,C:\Users\gadda\Documents\FeatureFusionMoNuSAC\SDENet-Fusion\Datasets\Glas\precomputed\train_256_stride_128\images\train_75_patch_0007.npy,C:\Users\gadda\Documents\FeatureFusionMoNuSAC\SDENet-Fusion\Datasets\Glas\precomputed\train_256_stride_128\masks\train_75_patch_0007.npy,128,128,256,256,522,775,522,775,56186,0.857330322265625
train_75_patch_0008,train_75.bmp,C:\Users\gadda\Documents\FeatureFusionMoNuSAC\SDENet-Fusion\Datasets\Glas\precomputed\train_256_stride_128\images\train_75_patch_0008.npy,C:\Users\gadda\Documents\FeatureFusionMoNuSAC\SDENet-Fusion\Datasets\Glas\precomputed\train_256_stride_128\masks\train_75_patch_0008.npy,128,256,256,256,522,775,522,775,55115,0.8409881591796875
train_75_patch_0009,train_75.bmp,C:\Users\gadda\Documents\FeatureFusionMoNuSAC\SDENet-Fusion\Datasets\Glas\precomputed\train_256_stride_128\images\train_75_patch_0009.npy,C:\Users\gadda\Documents\FeatureFusionMoNuSAC\SDENet-Fusion\Datasets\Glas\precomputed\train_256_stride_128\masks\train_75_patch_0009.npy,128,384,256,256,522,775,522,775,47544,0.7254638671875
train_75_patch_0010,train_75.bmp,C:\Users\gadda\Documents\FeatureFusionMoNuSAC\SDENet-Fusion\Datasets\Glas\precomputed\train_256_stride_128\images\train_75_patch_0010.npy,C:\Users\gadda\Documents\FeatureFusionMoNuSAC\SDENet-Fusion\Datasets\Glas\precomputed\train_256_stride_128\masks\train_75_patch_0010.npy,128,512,256,256,522,775,522,775,50394,0.768951416015625
train_75_patch_0011,train_75.bmp,C:\Users\gadda\Documents\FeatureFusionMoNuSAC\SDENet-Fusion\Datasets\Glas\precomputed\train_256_stride_128\images\train_75_patch_0011.npy,C:\Users\gadda\Documents\FeatureFusionMoNuSAC\SDENet-Fusion\Datasets\Glas\precomputed\train_256_stride_128\masks\train_75_patch_0011.npy,128,519,256,256,522,775,522,775,51295,0.7826995849609375
train_75_patch_0012,train_75.bmp,C:\Users\gadda\Documents\FeatureFusionMoNuSAC\SDENet-Fusion\Datasets\Glas\precomputed\train_256_stride_128\images\train_75_patch_0012.npy,C:\Users\gadda\Documents\FeatureFusionMoNuSAC\SDENet-Fusion\Datasets\Glas\precomputed\train_256_stride_128\masks\train_75_patch_0012.npy,256,0,256,256,522,775,522,775,40863,0.6235198974609375
train_75_patch_0013,train_75.bmp,C:\Users\gadda\Documents\FeatureFusionMoNuSAC\SDENet-Fusion\Datasets\Glas\precomputed\train_256_stride_128\images\train_75_patch_0013.npy,C:\Users\gadda\Documents\FeatureFusionMoNuSAC\SDENet-Fusion\Datasets\Glas\precomputed\train_256_stride_128\masks\train_75_patch_0013.npy,256,128,256,256,522,775,522,775,45359,0.6921234130859375
train_75_patch_0014,train_75.bmp,C:\Users\gadda\Documents\FeatureFusionMoNuSAC\SDENet-Fusion\Datasets\Glas\precomputed\train_256_stride_128\images\train_75_patch_0014.npy,C:\Users\gadda\Documents\FeatureFusionMoNuSAC\SDENet-Fusion\Datasets\Glas\precomputed\train_256_stride_128\masks\train_75_patch_0014.npy,256,256,256,256,522,775,522,775,44249,0.6751861572265625
train_75_patch_0015,train_75.bmp,C:\Users\gadda\Documents\FeatureFusionMoNuSAC\SDENet-Fusion\Datasets\Glas\precomputed\train_256_stride_128\images\train_75_patch_0015.npy,C:\Users\gadda\Documents\FeatureFusionMoNuSAC\SDENet-Fusion\Datasets\Glas\precomputed\train_256_stride_128\masks\train_75_patch_0015.npy,256,384,256,256,522,775,522,775,53707,0.8195037841796875
train_75_patch_0016,train_75.bmp,C:\Users\gadda\Documents\FeatureFusionMoNuSAC\SDENet-Fusion\Datasets\Glas\precomputed\train_256_stride_128\images\train_75_patch_0016.npy,C:\Users\gadda\Documents\FeatureFusionMoNuSAC\SDENet-Fusion\Datasets\Glas\precomputed\train_256_stride_128\masks\train_75_patch_0016.npy,256,512,256,256,522,775,522,775,55308,0.84393310546875
train_75_patch_0017,train_75.bmp,C:\Users\gadda\Documents\FeatureFusionMoNuSAC\SDENet-Fusion\Datasets\Glas\precomputed\train_256_stride_128\images\train_75_patch_0017.npy,C:\Users\gadda\Documents\FeatureFusionMoNuSAC\SDENet-Fusion\Datasets\Glas\precomputed\train_256_stride_128\masks\train_75_patch_0017.npy,256,519,256,256,522,775,522,775,55452,0.84613037109375
train_75_patch_0018,train_75.bmp,C:\Users\gadda\Documents\FeatureFusionMoNuSAC\SDENet-Fusion\Datasets\Glas\precomputed\train_256_stride_128\images\train_75_patch_0018.npy,C:\Users\gadda\Documents\FeatureFusionMoNuSAC\SDENet-Fusion\Datasets\Glas\precomputed\train_256_stride_128\masks\train_75_patch_0018.npy,266,0,256,256,522,775,522,775,39008,0.59521484375
train_75_patch_0019,train_75.bmp,C:\Users\gadda\Documents\FeatureFusionMoNuSAC\SDENet-Fusion\Datasets\Glas\precomputed\train_256_stride_128\images\train_75_patch_0019.npy,C:\Users\gadda\Documents\FeatureFusionMoNuSAC\SDENet-Fusion\Datasets\Glas\precomputed\train_256_stride_128\masks\train_75_patch_0019.npy,266,128,256,256,522,775,522,775,43114,0.657867431640625
train_75_patch_0020,train_75.bmp,C:\Users\gadda\Documents\FeatureFusionMoNuSAC\SDENet-Fusion\Datasets\Glas\precomputed\train_256_stride_128\images\train_75_patch_0020.npy,C:\Users\gadda\Documents\FeatureFusionMoNuSAC\SDENet-Fusion\Datasets\Glas\precomputed\train_256_stride_128\masks\train_75_patch_0020.npy,266,256,256,256,522,775,522,775,42988,0.65594482421875
train_75_patch_0021,train_75.bmp,C:\Users\gadda\Documents\FeatureFusionMoNuSAC\SDENet-Fusion\Datasets\Glas\precomputed\train_256_stride_128\images\train_75_patch_0021.npy,C:\Users\gadda\Documents\FeatureFusionMoNuSAC\SDENet-Fusion\Datasets\Glas\precomputed\train_256_stride_128\masks\train_75_patch_0021.npy,266,384,256,256,522,775,522,775,53481,0.8160552978515625
train_75_patch_0022,train_75.bmp,C:\Users\gadda\Documents\FeatureFusionMoNuSAC\SDENet-Fusion\Datasets\Glas\precomputed\train_256_stride_128\images\train_75_patch_0022.npy,C:\Users\gadda\Documents\FeatureFusionMoNuSAC\SDENet-Fusion\Datasets\Glas\precomputed\train_256_stride_128\masks\train_75_patch_0022.npy,266,512,256,256,522,775,522,775,54803,0.8362274169921875
train_75_patch_0023,train_75.bmp,C:\Users\gadda\Documents\FeatureFusionMoNuSAC\SDENet-Fusion\Datasets\Glas\precomputed\train_256_stride_128\images\train_75_patch_0023.npy,C:\Users\gadda\Documents\FeatureFusionMoNuSAC\SDENet-Fusion\Datasets\Glas\precomputed\train_256_stride_128\masks\train_75_patch_0023.npy,266,519,256,256,522,775,522,775,54941,0.8383331298828125
train_76_patch_0000,train_76.bmp,C:\Users\gadda\Documents\FeatureFusionMoNuSAC\SDENet-Fusion\Datasets\Glas\precomputed\train_256_stride_128\images\train_76_patch_0000.npy,C:\Users\gadda\Documents\FeatureFusionMoNuSAC\SDENet-Fusion\Datasets\Glas\precomputed\train_256_stride_128\masks\train_76_patch_0000.npy,0,0,256,256,522,775,522,775,59379,0.9060516357421875
train_76_patch_0001,train_76.bmp,C:\Users\gadda\Documents\FeatureFusionMoNuSAC\SDENet-Fusion\Datasets\Glas\precomputed\train_256_stride_128\images\train_76_patch_0001.npy,C:\Users\gadda\Documents\FeatureFusionMoNuSAC\SDENet-Fusion\Datasets\Glas\precomputed\train_256_stride_128\masks\train_76_patch_0001.npy,0,128,256,256,522,775,522,775,55963,0.8539276123046875
train_76_patch_0002,train_76.bmp,C:\Users\gadda\Documents\FeatureFusionMoNuSAC\SDENet-Fusion\Datasets\Glas\precomputed\train_256_stride_128\images\train_76_patch_0002.npy,C:\Users\gadda\Documents\FeatureFusionMoNuSAC\SDENet-Fusion\Datasets\Glas\precomputed\train_256_stride_128\masks\train_76_patch_0002.npy,0,256,256,256,522,775,522,775,58783,0.8969573974609375
train_76_patch_0003,train_76.bmp,C:\Users\gadda\Documents\FeatureFusionMoNuSAC\SDENet-Fusion\Datasets\Glas\precomputed\train_256_stride_128\images\train_76_patch_0003.npy,C:\Users\gadda\Documents\FeatureFusionMoNuSAC\SDENet-Fusion\Datasets\Glas\precomputed\train_256_stride_128\masks\train_76_patch_0003.npy,0,384,256,256,522,775,522,775,58027,0.8854217529296875
train_76_patch_0004,train_76.bmp,C:\Users\gadda\Documents\FeatureFusionMoNuSAC\SDENet-Fusion\Datasets\Glas\precomputed\train_256_stride_128\images\train_76_patch_0004.npy,C:\Users\gadda\Documents\FeatureFusionMoNuSAC\SDENet-Fusion\Datasets\Glas\precomputed\train_256_stride_128\masks\train_76_patch_0004.npy,0,512,256,256,522,775,522,775,58123,0.8868865966796875
train_76_patch_0005,train_76.bmp,C:\Users\gadda\Documents\FeatureFusionMoNuSAC\SDENet-Fusion\Datasets\Glas\precomputed\train_256_stride_128\images\train_76_patch_0005.npy,C:\Users\gadda\Documents\FeatureFusionMoNuSAC\SDENet-Fusion\Datasets\Glas\precomputed\train_256_stride_128\masks\train_76_patch_0005.npy,0,519,256,256,522,775,522,775,58228,0.88848876953125
train_76_patch_0006,train_76.bmp,C:\Users\gadda\Documents\FeatureFusionMoNuSAC\SDENet-Fusion\Datasets\Glas\precomputed\train_256_stride_128\images\train_76_patch_0006.npy,C:\Users\gadda\Documents\FeatureFusionMoNuSAC\SDENet-Fusion\Datasets\Glas\precomputed\train_256_stride_128\masks\train_76_patch_0006.npy,128,0,256,256,522,775,522,775,57514,0.877593994140625
train_76_patch_0007,train_76.bmp,C:\Users\gadda\Documents\FeatureFusionMoNuSAC\SDENet-Fusion\Datasets\Glas\precomputed\train_256_stride_128\images\train_76_patch_0007.npy,C:\Users\gadda\Documents\FeatureFusionMoNuSAC\SDENet-Fusion\Datasets\Glas\precomputed\train_256_stride_128\masks\train_76_patch_0007.npy,128,128,256,256,522,775,522,775,56451,0.8613739013671875
train_76_patch_0008,train_76.bmp,C:\Users\gadda\Documents\FeatureFusionMoNuSAC\SDENet-Fusion\Datasets\Glas\precomputed\train_256_stride_128\images\train_76_patch_0008.npy,C:\Users\gadda\Documents\FeatureFusionMoNuSAC\SDENet-Fusion\Datasets\Glas\precomputed\train_256_stride_128\masks\train_76_patch_0008.npy,128,256,256,256,522,775,522,775,58918,0.899017333984375
train_76_patch_0009,train_76.bmp,C:\Users\gadda\Documents\FeatureFusionMoNuSAC\SDENet-Fusion\Datasets\Glas\precomputed\train_256_stride_128\images\train_76_patch_0009.npy,C:\Users\gadda\Documents\FeatureFusionMoNuSAC\SDENet-Fusion\Datasets\Glas\precomputed\train_256_stride_128\masks\train_76_patch_0009.npy,128,384,256,256,522,775,522,775,64135,0.9786224365234375
train_76_patch_0010,train_76.bmp,C:\Users\gadda\Documents\FeatureFusionMoNuSAC\SDENet-Fusion\Datasets\Glas\precomputed\train_256_stride_128\images\train_76_patch_0010.npy,C:\Users\gadda\Documents\FeatureFusionMoNuSAC\SDENet-Fusion\Datasets\Glas\precomputed\train_256_stride_128\masks\train_76_patch_0010.npy,128,512,256,256,522,775,522,775,65536,1.0
train_76_patch_0011,train_76.bmp,C:\Users\gadda\Documents\FeatureFusionMoNuSAC\SDENet-Fusion\Datasets\Glas\precomputed\train_256_stride_128\images\train_76_patch_0011.npy,C:\Users\gadda\Documents\FeatureFusionMoNuSAC\SDENet-Fusion\Datasets\Glas\precomputed\train_256_stride_128\masks\train_76_patch_0011.npy,128,519,256,256,522,775,522,775,65536,1.0
train_76_patch_0012,train_76.bmp,C:\Users\gadda\Documents\FeatureFusionMoNuSAC\SDENet-Fusion\Datasets\Glas\precomputed\train_256_stride_128\images\train_76_patch_0012.npy,C:\Users\gadda\Documents\FeatureFusionMoNuSAC\SDENet-Fusion\Datasets\Glas\precomputed\train_256_stride_128\masks\train_76_patch_0012.npy,256,0,256,256,522,775,522,775,53464,0.8157958984375
train_76_patch_0013,train_76.bmp,C:\Users\gadda\Documents\FeatureFusionMoNuSAC\SDENet-Fusion\Datasets\Glas\precomputed\train_256_stride_128\images\train_76_patch_0013.npy,C:\Users\gadda\Documents\FeatureFusionMoNuSAC\SDENet-Fusion\Datasets\Glas\precomputed\train_256_stride_128\masks\train_76_patch_0013.npy,256,128,256,256,522,775,522,775,57427,0.8762664794921875
train_76_patch_0014,train_76.bmp,C:\Users\gadda\Documents\FeatureFusionMoNuSAC\SDENet-Fusion\Datasets\Glas\precomputed\train_256_stride_128\images\train_76_patch_0014.npy,C:\Users\gadda\Documents\FeatureFusionMoNuSAC\SDENet-Fusion\Datasets\Glas\precomputed\train_256_stride_128\masks\train_76_patch_0014.npy,256,256,256,256,522,775,522,775,62284,0.95037841796875
train_76_patch_0015,train_76.bmp,C:\Users\gadda\Documents\FeatureFusionMoNuSAC\SDENet-Fusion\Datasets\Glas\precomputed\train_256_stride_128\images\train_76_patch_0015.npy,C:\Users\gadda\Documents\FeatureFusionMoNuSAC\SDENet-Fusion\Datasets\Glas\precomputed\train_256_stride_128\masks\train_76_patch_0015.npy,256,384,256,256,522,775,522,775,60758,0.927093505859375
train_76_patch_0016,train_76.bmp,C:\Users\gadda\Documents\FeatureFusionMoNuSAC\SDENet-Fusion\Datasets\Glas\precomputed\train_256_stride_128\images\train_76_patch_0016.npy,C:\Users\gadda\Documents\FeatureFusionMoNuSAC\SDENet-Fusion\Datasets\Glas\precomputed\train_256_stride_128\masks\train_76_patch_0016.npy,256,512,256,256,522,775,522,775,60753,0.9270172119140625
train_76_patch_0017,train_76.bmp,C:\Users\gadda\Documents\FeatureFusionMoNuSAC\SDENet-Fusion\Datasets\Glas\precomputed\train_256_stride_128\images\train_76_patch_0017.npy,C:\Users\gadda\Documents\FeatureFusionMoNuSAC\SDENet-Fusion\Datasets\Glas\precomputed\train_256_stride_128\masks\train_76_patch_0017.npy,256,519,256,256,522,775,522,775,61092,0.93218994140625
train_76_patch_0018,train_76.bmp,C:\Users\gadda\Documents\FeatureFusionMoNuSAC\SDENet-Fusion\Datasets\Glas\precomputed\train_256_stride_128\images\train_76_patch_0018.npy,C:\Users\gadda\Documents\FeatureFusionMoNuSAC\SDENet-Fusion\Datasets\Glas\precomputed\train_256_stride_128\masks\train_76_patch_0018.npy,266,0,256,256,522,775,522,775,53088,0.81005859375
train_76_patch_0019,train_76.bmp,C:\Users\gadda\Documents\FeatureFusionMoNuSAC\SDENet-Fusion\Datasets\Glas\precomputed\train_256_stride_128\images\train_76_patch_0019.npy,C:\Users\gadda\Documents\FeatureFusionMoNuSAC\SDENet-Fusion\Datasets\Glas\precomputed\train_256_stride_128\masks\train_76_patch_0019.npy,266,128,256,256,522,775,522,775,57185,0.8725738525390625
train_76_patch_0020,train_76.bmp,C:\Users\gadda\Documents\FeatureFusionMoNuSAC\SDENet-Fusion\Datasets\Glas\precomputed\train_256_stride_128\images\train_76_patch_0020.npy,C:\Users\gadda\Documents\FeatureFusionMoNuSAC\SDENet-Fusion\Datasets\Glas\precomputed\train_256_stride_128\masks\train_76_patch_0020.npy,266,256,256,256,522,775,522,775,62413,0.9523468017578125
train_76_patch_0021,train_76.bmp,C:\Users\gadda\Documents\FeatureFusionMoNuSAC\SDENet-Fusion\Datasets\Glas\precomputed\train_256_stride_128\images\train_76_patch_0021.npy,C:\Users\gadda\Documents\FeatureFusionMoNuSAC\SDENet-Fusion\Datasets\Glas\precomputed\train_256_stride_128\masks\train_76_patch_0021.npy,266,384,256,256,522,775,522,775,59468,0.90740966796875
train_76_patch_0022,train_76.bmp,C:\Users\gadda\Documents\FeatureFusionMoNuSAC\SDENet-Fusion\Datasets\Glas\precomputed\train_256_stride_128\images\train_76_patch_0022.npy,C:\Users\gadda\Documents\FeatureFusionMoNuSAC\SDENet-Fusion\Datasets\Glas\precomputed\train_256_stride_128\masks\train_76_patch_0022.npy,266,512,256,256,522,775,522,775,59328,0.9052734375
train_76_patch_0023,train_76.bmp,C:\Users\gadda\Documents\FeatureFusionMoNuSAC\SDENet-Fusion\Datasets\Glas\precomputed\train_256_stride_128\images\train_76_patch_0023.npy,C:\Users\gadda\Documents\FeatureFusionMoNuSAC\SDENet-Fusion\Datasets\Glas\precomputed\train_256_stride_128\masks\train_76_patch_0023.npy,266,519,256,256,522,775,522,775,59737,0.9115142822265625
train_77_patch_0000,train_77.bmp,C:\Users\gadda\Documents\FeatureFusionMoNuSAC\SDENet-Fusion\Datasets\Glas\precomputed\train_256_stride_128\images\train_77_patch_0000.npy,C:\Users\gadda\Documents\FeatureFusionMoNuSAC\SDENet-Fusion\Datasets\Glas\precomputed\train_256_stride_128\masks\train_77_patch_0000.npy,0,0,256,256,522,775,522,775,12351,0.1884613037109375
train_77_patch_0001,train_77.bmp,C:\Users\gadda\Documents\FeatureFusionMoNuSAC\SDENet-Fusion\Datasets\Glas\precomputed\train_256_stride_128\images\train_77_patch_0001.npy,C:\Users\gadda\Documents\FeatureFusionMoNuSAC\SDENet-Fusion\Datasets\Glas\precomputed\train_256_stride_128\masks\train_77_patch_0001.npy,0,128,256,256,522,775,522,775,36198,0.552337646484375
train_77_patch_0002,train_77.bmp,C:\Users\gadda\Documents\FeatureFusionMoNuSAC\SDENet-Fusion\Datasets\Glas\precomputed\train_256_stride_128\images\train_77_patch_0002.npy,C:\Users\gadda\Documents\FeatureFusionMoNuSAC\SDENet-Fusion\Datasets\Glas\precomputed\train_256_stride_128\masks\train_77_patch_0002.npy,0,256,256,256,522,775,522,775,53301,0.8133087158203125
train_77_patch_0003,train_77.bmp,C:\Users\gadda\Documents\FeatureFusionMoNuSAC\SDENet-Fusion\Datasets\Glas\precomputed\train_256_stride_128\images\train_77_patch_0003.npy,C:\Users\gadda\Documents\FeatureFusionMoNuSAC\SDENet-Fusion\Datasets\Glas\precomputed\train_256_stride_128\masks\train_77_patch_0003.npy,0,384,256,256,522,775,522,775,49562,0.756256103515625
train_77_patch_0004,train_77.bmp,C:\Users\gadda\Documents\FeatureFusionMoNuSAC\SDENet-Fusion\Datasets\Glas\precomputed\train_256_stride_128\images\train_77_patch_0004.npy,C:\Users\gadda\Documents\FeatureFusionMoNuSAC\SDENet-Fusion\Datasets\Glas\precomputed\train_256_stride_128\masks\train_77_patch_0004.npy,0,512,256,256,522,775,522,775,46722,0.712921142578125
train_77_patch_0005,train_77.bmp,C:\Users\gadda\Documents\FeatureFusionMoNuSAC\SDENet-Fusion\Datasets\Glas\precomputed\train_256_stride_128\images\train_77_patch_0005.npy,C:\Users\gadda\Documents\FeatureFusionMoNuSAC\SDENet-Fusion\Datasets\Glas\precomputed\train_256_stride_128\masks\train_77_patch_0005.npy,0,519,256,256,522,775,522,775,47225,0.7205963134765625
train_77_patch_0006,train_77.bmp,C:\Users\gadda\Documents\FeatureFusionMoNuSAC\SDENet-Fusion\Datasets\Glas\precomputed\train_256_stride_128\images\train_77_patch_0006.npy,C:\Users\gadda\Documents\FeatureFusionMoNuSAC\SDENet-Fusion\Datasets\Glas\precomputed\train_256_stride_128\masks\train_77_patch_0006.npy,128,0,256,256,522,775,522,775,10190,0.155487060546875
train_77_patch_0007,train_77.bmp,C:\Users\gadda\Documents\FeatureFusionMoNuSAC\SDENet-Fusion\Datasets\Glas\precomputed\train_256_stride_128\images\train_77_patch_0007.npy,C:\Users\gadda\Documents\FeatureFusionMoNuSAC\SDENet-Fusion\Datasets\Glas\precomputed\train_256_stride_128\masks\train_77_patch_0007.npy,128,128,256,256,522,775,522,775,25741,0.3927764892578125
train_77_patch_0008,train_77.bmp,C:\Users\gadda\Documents\FeatureFusionMoNuSAC\SDENet-Fusion\Datasets\Glas\precomputed\train_256_stride_128\images\train_77_patch_0008.npy,C:\Users\gadda\Documents\FeatureFusionMoNuSAC\SDENet-Fusion\Datasets\Glas\precomputed\train_256_stride_128\masks\train_77_patch_0008.npy,128,256,256,256,522,775,522,775,37457,0.5715484619140625
train_77_patch_0009,train_77.bmp,C:\Users\gadda\Documents\FeatureFusionMoNuSAC\SDENet-Fusion\Datasets\Glas\precomputed\train_256_stride_128\images\train_77_patch_0009.npy,C:\Users\gadda\Documents\FeatureFusionMoNuSAC\SDENet-Fusion\Datasets\Glas\precomputed\train_256_stride_128\masks\train_77_patch_0009.npy,128,384,256,256,522,775,522,775,44765,0.6830596923828125
train_77_patch_0010,train_77.bmp,C:\Users\gadda\Documents\FeatureFusionMoNuSAC\SDENet-Fusion\Datasets\Glas\precomputed\train_256_stride_128\images\train_77_patch_0010.npy,C:\Users\gadda\Documents\FeatureFusionMoNuSAC\SDENet-Fusion\Datasets\Glas\precomputed\train_256_stride_128\masks\train_77_patch_0010.npy,128,512,256,256,522,775,522,775,50163,0.7654266357421875
train_77_patch_0011,train_77.bmp,C:\Users\gadda\Documents\FeatureFusionMoNuSAC\SDENet-Fusion\Datasets\Glas\precomputed\train_256_stride_128\images\train_77_patch_0011.npy,C:\Users\gadda\Documents\FeatureFusionMoNuSAC\SDENet-Fusion\Datasets\Glas\precomputed\train_256_stride_128\masks\train_77_patch_0011.npy,128,519,256,256,522,775,522,775,50216,0.7662353515625
train_77_patch_0012,train_77.bmp,C:\Users\gadda\Documents\FeatureFusionMoNuSAC\SDENet-Fusion\Datasets\Glas\precomputed\train_256_stride_128\images\train_77_patch_0012.npy,C:\Users\gadda\Documents\FeatureFusionMoNuSAC\SDENet-Fusion\Datasets\Glas\precomputed\train_256_stride_128\masks\train_77_patch_0012.npy,256,0,256,256,522,775,522,775,11931,0.1820526123046875
train_77_patch_0013,train_77.bmp,C:\Users\gadda\Documents\FeatureFusionMoNuSAC\SDENet-Fusion\Datasets\Glas\precomputed\train_256_stride_128\images\train_77_patch_0013.npy,C:\Users\gadda\Documents\FeatureFusionMoNuSAC\SDENet-Fusion\Datasets\Glas\precomputed\train_256_stride_128\masks\train_77_patch_0013.npy,256,128,256,256,522,775,522,775,33204,0.50665283203125
train_77_patch_0014,train_77.bmp,C:\Users\gadda\Documents\FeatureFusionMoNuSAC\SDENet-Fusion\Datasets\Glas\precomputed\train_256_stride_128\images\train_77_patch_0014.npy,C:\Users\gadda\Documents\FeatureFusionMoNuSAC\SDENet-Fusion\Datasets\Glas\precomputed\train_256_stride_128\masks\train_77_patch_0014.npy,256,256,256,256,522,775,522,775,39180,0.59783935546875
train_77_patch_0015,train_77.bmp,C:\Users\gadda\Documents\FeatureFusionMoNuSAC\SDENet-Fusion\Datasets\Glas\precomputed\train_256_stride_128\images\train_77_patch_0015.npy,C:\Users\gadda\Documents\FeatureFusionMoNuSAC\SDENet-Fusion\Datasets\Glas\precomputed\train_256_stride_128\masks\train_77_patch_0015.npy,256,384,256,256,522,775,522,775,37431,0.5711517333984375
train_77_patch_0016,train_77.bmp,C:\Users\gadda\Documents\FeatureFusionMoNuSAC\SDENet-Fusion\Datasets\Glas\precomputed\train_256_stride_128\images\train_77_patch_0016.npy,C:\Users\gadda\Documents\FeatureFusionMoNuSAC\SDENet-Fusion\Datasets\Glas\precomputed\train_256_stride_128\masks\train_77_patch_0016.npy,256,512,256,256,522,775,522,775,41395,0.6316375732421875
train_77_patch_0017,train_77.bmp,C:\Users\gadda\Documents\FeatureFusionMoNuSAC\SDENet-Fusion\Datasets\Glas\precomputed\train_256_stride_128\images\train_77_patch_0017.npy,C:\Users\gadda\Documents\FeatureFusionMoNuSAC\SDENet-Fusion\Datasets\Glas\precomputed\train_256_stride_128\masks\train_77_patch_0017.npy,256,519,256,256,522,775,522,775,41858,0.638702392578125
train_77_patch_0018,train_77.bmp,C:\Users\gadda\Documents\FeatureFusionMoNuSAC\SDENet-Fusion\Datasets\Glas\precomputed\train_256_stride_128\images\train_77_patch_0018.npy,C:\Users\gadda\Documents\FeatureFusionMoNuSAC\SDENet-Fusion\Datasets\Glas\precomputed\train_256_stride_128\masks\train_77_patch_0018.npy,266,0,256,256,522,775,522,775,11977,0.1827545166015625
train_77_patch_0019,train_77.bmp,C:\Users\gadda\Documents\FeatureFusionMoNuSAC\SDENet-Fusion\Datasets\Glas\precomputed\train_256_stride_128\images\train_77_patch_0019.npy,C:\Users\gadda\Documents\FeatureFusionMoNuSAC\SDENet-Fusion\Datasets\Glas\precomputed\train_256_stride_128\masks\train_77_patch_0019.npy,266,128,256,256,522,775,522,775,32423,0.4947357177734375
train_77_patch_0020,train_77.bmp,C:\Users\gadda\Documents\FeatureFusionMoNuSAC\SDENet-Fusion\Datasets\Glas\precomputed\train_256_stride_128\images\train_77_patch_0020.npy,C:\Users\gadda\Documents\FeatureFusionMoNuSAC\SDENet-Fusion\Datasets\Glas\precomputed\train_256_stride_128\masks\train_77_patch_0020.npy,266,256,256,256,522,775,522,775,39141,0.5972442626953125
train_77_patch_0021,train_77.bmp,C:\Users\gadda\Documents\FeatureFusionMoNuSAC\SDENet-Fusion\Datasets\Glas\precomputed\train_256_stride_128\images\train_77_patch_0021.npy,C:\Users\gadda\Documents\FeatureFusionMoNuSAC\SDENet-Fusion\Datasets\Glas\precomputed\train_256_stride_128\masks\train_77_patch_0021.npy,266,384,256,256,522,775,522,775,38489,0.5872955322265625
train_77_patch_0022,train_77.bmp,C:\Users\gadda\Documents\FeatureFusionMoNuSAC\SDENet-Fusion\Datasets\Glas\precomputed\train_256_stride_128\images\train_77_patch_0022.npy,C:\Users\gadda\Documents\FeatureFusionMoNuSAC\SDENet-Fusion\Datasets\Glas\precomputed\train_256_stride_128\masks\train_77_patch_0022.npy,266,512,256,256,522,775,522,775,41751,0.6370697021484375
train_77_patch_0023,train_77.bmp,C:\Users\gadda\Documents\FeatureFusionMoNuSAC\SDENet-Fusion\Datasets\Glas\precomputed\train_256_stride_128\images\train_77_patch_0023.npy,C:\Users\gadda\Documents\FeatureFusionMoNuSAC\SDENet-Fusion\Datasets\Glas\precomputed\train_256_stride_128\masks\train_77_patch_0023.npy,266,519,256,256,522,775,522,775,42144,0.64306640625
train_78_patch_0000,train_78.bmp,C:\Users\gadda\Documents\FeatureFusionMoNuSAC\SDENet-Fusion\Datasets\Glas\precomputed\train_256_stride_128\images\train_78_patch_0000.npy,C:\Users\gadda\Documents\FeatureFusionMoNuSAC\SDENet-Fusion\Datasets\Glas\precomputed\train_256_stride_128\masks\train_78_patch_0000.npy,0,0,256,256,522,775,522,775,28077,0.4284210205078125
train_78_patch_0001,train_78.bmp,C:\Users\gadda\Documents\FeatureFusionMoNuSAC\SDENet-Fusion\Datasets\Glas\precomputed\train_256_stride_128\images\train_78_patch_0001.npy,C:\Users\gadda\Documents\FeatureFusionMoNuSAC\SDENet-Fusion\Datasets\Glas\precomputed\train_256_stride_128\masks\train_78_patch_0001.npy,0,128,256,256,522,775,522,775,27246,0.415740966796875
train_78_patch_0002,train_78.bmp,C:\Users\gadda\Documents\FeatureFusionMoNuSAC\SDENet-Fusion\Datasets\Glas\precomputed\train_256_stride_128\images\train_78_patch_0002.npy,C:\Users\gadda\Documents\FeatureFusionMoNuSAC\SDENet-Fusion\Datasets\Glas\precomputed\train_256_stride_128\masks\train_78_patch_0002.npy,0,256,256,256,522,775,522,775,28271,0.4313812255859375
train_78_patch_0003,train_78.bmp,C:\Users\gadda\Documents\FeatureFusionMoNuSAC\SDENet-Fusion\Datasets\Glas\precomputed\train_256_stride_128\images\train_78_patch_0003.npy,C:\Users\gadda\Documents\FeatureFusionMoNuSAC\SDENet-Fusion\Datasets\Glas\precomputed\train_256_stride_128\masks\train_78_patch_0003.npy,0,384,256,256,522,775,522,775,32343,0.4935150146484375
train_78_patch_0004,train_78.bmp,C:\Users\gadda\Documents\FeatureFusionMoNuSAC\SDENet-Fusion\Datasets\Glas\precomputed\train_256_stride_128\images\train_78_patch_0004.npy,C:\Users\gadda\Documents\FeatureFusionMoNuSAC\SDENet-Fusion\Datasets\Glas\precomputed\train_256_stride_128\masks\train_78_patch_0004.npy,0,512,256,256,522,775,522,775,43605,0.6653594970703125
train_78_patch_0005,train_78.bmp,C:\Users\gadda\Documents\FeatureFusionMoNuSAC\SDENet-Fusion\Datasets\Glas\precomputed\train_256_stride_128\images\train_78_patch_0005.npy,C:\Users\gadda\Documents\FeatureFusionMoNuSAC\SDENet-Fusion\Datasets\Glas\precomputed\train_256_stride_128\masks\train_78_patch_0005.npy,0,519,256,256,522,775,522,775,44373,0.6770782470703125
train_78_patch_0006,train_78.bmp,C:\Users\gadda\Documents\FeatureFusionMoNuSAC\SDENet-Fusion\Datasets\Glas\precomputed\train_256_stride_128\images\train_78_patch_0006.npy,C:\Users\gadda\Documents\FeatureFusionMoNuSAC\SDENet-Fusion\Datasets\Glas\precomputed\train_256_stride_128\masks\train_78_patch_0006.npy,128,0,256,256,522,775,522,775,27890,0.425567626953125
train_78_patch_0007,train_78.bmp,C:\Users\gadda\Documents\FeatureFusionMoNuSAC\SDENet-Fusion\Datasets\Glas\precomputed\train_256_stride_128\images\train_78_patch_0007.npy,C:\Users\gadda\Documents\FeatureFusionMoNuSAC\SDENet-Fusion\Datasets\Glas\precomputed\train_256_stride_128\masks\train_78_patch_0007.npy,128,128,256,256,522,775,522,775,41826,0.638214111328125
train_78_patch_0008,train_78.bmp,C:\Users\gadda\Documents\FeatureFusionMoNuSAC\SDENet-Fusion\Datasets\Glas\precomputed\train_256_stride_128\images\train_78_patch_0008.npy,C:\Users\gadda\Documents\FeatureFusionMoNuSAC\SDENet-Fusion\Datasets\Glas\precomputed\train_256_stride_128\masks\train_78_patch_0008.npy,128,256,256,256,522,775,522,775,37385,0.5704498291015625
train_78_patch_0009,train_78.bmp,C:\Users\gadda\Documents\FeatureFusionMoNuSAC\SDENet-Fusion\Datasets\Glas\precomputed\train_256_stride_128\images\train_78_patch_0009.npy,C:\Users\gadda\Documents\FeatureFusionMoNuSAC\SDENet-Fusion\Datasets\Glas\precomputed\train_256_stride_128\masks\train_78_patch_0009.npy,128,384,256,256,522,775,522,775,40077,0.6115264892578125
train_78_patch_0010,train_78.bmp,C:\Users\gadda\Documents\FeatureFusionMoNuSAC\SDENet-Fusion\Datasets\Glas\precomputed\train_256_stride_128\images\train_78_patch_0010.npy,C:\Users\gadda\Documents\FeatureFusionMoNuSAC\SDENet-Fusion\Datasets\Glas\precomputed\train_256_stride_128\masks\train_78_patch_0010.npy,128,512,256,256,522,775,522,775,42449,0.6477203369140625
train_78_patch_0011,train_78.bmp,C:\Users\gadda\Documents\FeatureFusionMoNuSAC\SDENet-Fusion\Datasets\Glas\precomputed\train_256_stride_128\images\train_78_patch_0011.npy,C:\Users\gadda\Documents\FeatureFusionMoNuSAC\SDENet-Fusion\Datasets\Glas\precomputed\train_256_stride_128\masks\train_78_patch_0011.npy,128,519,256,256,522,775,522,775,42698,0.651519775390625
train_78_patch_0012,train_78.bmp,C:\Users\gadda\Documents\FeatureFusionMoNuSAC\SDENet-Fusion\Datasets\Glas\precomputed\train_256_stride_128\images\train_78_patch_0012.npy,C:\Users\gadda\Documents\FeatureFusionMoNuSAC\SDENet-Fusion\Datasets\Glas\precomputed\train_256_stride_128\masks\train_78_patch_0012.npy,256,0,256,256,522,775,522,775,20010,0.305328369140625
train_78_patch_0013,train_78.bmp,C:\Users\gadda\Documents\FeatureFusionMoNuSAC\SDENet-Fusion\Datasets\Glas\precomputed\train_256_stride_128\images\train_78_patch_0013.npy,C:\Users\gadda\Documents\FeatureFusionMoNuSAC\SDENet-Fusion\Datasets\Glas\precomputed\train_256_stride_128\masks\train_78_patch_0013.npy,256,128,256,256,522,775,522,775,38234,0.583404541015625
train_78_patch_0014,train_78.bmp,C:\Users\gadda\Documents\FeatureFusionMoNuSAC\SDENet-Fusion\Datasets\Glas\precomputed\train_256_stride_128\images\train_78_patch_0014.npy,C:\Users\gadda\Documents\FeatureFusionMoNuSAC\SDENet-Fusion\Datasets\Glas\precomputed\train_256_stride_128\masks\train_78_patch_0014.npy,256,256,256,256,522,775,522,775,44213,0.6746368408203125
train_78_patch_0015,train_78.bmp,C:\Users\gadda\Documents\FeatureFusionMoNuSAC\SDENet-Fusion\Datasets\Glas\precomputed\train_256_stride_128\images\train_78_patch_0015.npy,C:\Users\gadda\Documents\FeatureFusionMoNuSAC\SDENet-Fusion\Datasets\Glas\precomputed\train_256_stride_128\masks\train_78_patch_0015.npy,256,384,256,256,522,775,522,775,47479,0.7244720458984375
train_78_patch_0016,train_78.bmp,C:\Users\gadda\Documents\FeatureFusionMoNuSAC\SDENet-Fusion\Datasets\Glas\precomputed\train_256_stride_128\images\train_78_patch_0016.npy,C:\Users\gadda\Documents\FeatureFusionMoNuSAC\SDENet-Fusion\Datasets\Glas\precomputed\train_256_stride_128\masks\train_78_patch_0016.npy,256,512,256,256,522,775,522,775,49417,0.7540435791015625
train_78_patch_0017,train_78.bmp,C:\Users\gadda\Documents\FeatureFusionMoNuSAC\SDENet-Fusion\Datasets\Glas\precomputed\train_256_stride_128\images\train_78_patch_0017.npy,C:\Users\gadda\Documents\FeatureFusionMoNuSAC\SDENet-Fusion\Datasets\Glas\precomputed\train_256_stride_128\masks\train_78_patch_0017.npy,256,519,256,256,522,775,522,775,49773,0.7594757080078125
train_78_patch_0018,train_78.bmp,C:\Users\gadda\Documents\FeatureFusionMoNuSAC\SDENet-Fusion\Datasets\Glas\precomputed\train_256_stride_128\images\train_78_patch_0018.npy,C:\Users\gadda\Documents\FeatureFusionMoNuSAC\SDENet-Fusion\Datasets\Glas\precomputed\train_256_stride_128\masks\train_78_patch_0018.npy,266,0,256,256,522,775,522,775,20686,0.315643310546875
train_78_patch_0019,train_78.bmp,C:\Users\gadda\Documents\FeatureFusionMoNuSAC\SDENet-Fusion\Datasets\Glas\precomputed\train_256_stride_128\images\train_78_patch_0019.npy,C:\Users\gadda\Documents\FeatureFusionMoNuSAC\SDENet-Fusion\Datasets\Glas\precomputed\train_256_stride_128\masks\train_78_patch_0019.npy,266,128,256,256,522,775,522,775,37632,0.57421875
train_78_patch_0020,train_78.bmp,C:\Users\gadda\Documents\FeatureFusionMoNuSAC\SDENet-Fusion\Datasets\Glas\precomputed\train_256_stride_128\images\train_78_patch_0020.npy,C:\Users\gadda\Documents\FeatureFusionMoNuSAC\SDENet-Fusion\Datasets\Glas\precomputed\train_256_stride_128\masks\train_78_patch_0020.npy,266,256,256,256,522,775,522,775,43723,0.6671600341796875
train_78_patch_0021,train_78.bmp,C:\Users\gadda\Documents\FeatureFusionMoNuSAC\SDENet-Fusion\Datasets\Glas\precomputed\train_256_stride_128\images\train_78_patch_0021.npy,C:\Users\gadda\Documents\FeatureFusionMoNuSAC\SDENet-Fusion\Datasets\Glas\precomputed\train_256_stride_128\masks\train_78_patch_0021.npy,266,384,256,256,522,775,522,775,47013,0.7173614501953125
train_78_patch_0022,train_78.bmp,C:\Users\gadda\Documents\FeatureFusionMoNuSAC\SDENet-Fusion\Datasets\Glas\precomputed\train_256_stride_128\images\train_78_patch_0022.npy,C:\Users\gadda\Documents\FeatureFusionMoNuSAC\SDENet-Fusion\Datasets\Glas\precomputed\train_256_stride_128\masks\train_78_patch_0022.npy,266,512,256,256,522,775,522,775,49841,0.7605133056640625
train_78_patch_0023,train_78.bmp,C:\Users\gadda\Documents\FeatureFusionMoNuSAC\SDENet-Fusion\Datasets\Glas\precomputed\train_256_stride_128\images\train_78_patch_0023.npy,C:\Users\gadda\Documents\FeatureFusionMoNuSAC\SDENet-Fusion\Datasets\Glas\precomputed\train_256_stride_128\masks\train_78_patch_0023.npy,266,519,256,256,522,775,522,775,50197,0.7659454345703125
train_79_patch_0000,train_79.bmp,C:\Users\gadda\Documents\FeatureFusionMoNuSAC\SDENet-Fusion\Datasets\Glas\precomputed\train_256_stride_128\images\train_79_patch_0000.npy,C:\Users\gadda\Documents\FeatureFusionMoNuSAC\SDENet-Fusion\Datasets\Glas\precomputed\train_256_stride_128\masks\train_79_patch_0000.npy,0,0,256,256,522,775,522,775,28268,0.43133544921875
train_79_patch_0001,train_79.bmp,C:\Users\gadda\Documents\FeatureFusionMoNuSAC\SDENet-Fusion\Datasets\Glas\precomputed\train_256_stride_128\images\train_79_patch_0001.npy,C:\Users\gadda\Documents\FeatureFusionMoNuSAC\SDENet-Fusion\Datasets\Glas\precomputed\train_256_stride_128\masks\train_79_patch_0001.npy,0,128,256,256,522,775,522,775,36134,0.551361083984375
train_79_patch_0002,train_79.bmp,C:\Users\gadda\Documents\FeatureFusionMoNuSAC\SDENet-Fusion\Datasets\Glas\precomputed\train_256_stride_128\images\train_79_patch_0002.npy,C:\Users\gadda\Documents\FeatureFusionMoNuSAC\SDENet-Fusion\Datasets\Glas\precomputed\train_256_stride_128\masks\train_79_patch_0002.npy,0,256,256,256,522,775,522,775,37585,0.5735015869140625
train_79_patch_0003,train_79.bmp,C:\Users\gadda\Documents\FeatureFusionMoNuSAC\SDENet-Fusion\Datasets\Glas\precomputed\train_256_stride_128\images\train_79_patch_0003.npy,C:\Users\gadda\Documents\FeatureFusionMoNuSAC\SDENet-Fusion\Datasets\Glas\precomputed\train_256_stride_128\masks\train_79_patch_0003.npy,0,384,256,256,522,775,522,775,33338,0.508697509765625
train_79_patch_0004,train_79.bmp,C:\Users\gadda\Documents\FeatureFusionMoNuSAC\SDENet-Fusion\Datasets\Glas\precomputed\train_256_stride_128\images\train_79_patch_0004.npy,C:\Users\gadda\Documents\FeatureFusionMoNuSAC\SDENet-Fusion\Datasets\Glas\precomputed\train_256_stride_128\masks\train_79_patch_0004.npy,0,512,256,256,522,775,522,775,38053,0.5806427001953125
train_79_patch_0005,train_79.bmp,C:\Users\gadda\Documents\FeatureFusionMoNuSAC\SDENet-Fusion\Datasets\Glas\precomputed\train_256_stride_128\images\train_79_patch_0005.npy,C:\Users\gadda\Documents\FeatureFusionMoNuSAC\SDENet-Fusion\Datasets\Glas\precomputed\train_256_stride_128\masks\train_79_patch_0005.npy,0,519,256,256,522,775,522,775,37530,0.572662353515625
train_79_patch_0006,train_79.bmp,C:\Users\gadda\Documents\FeatureFusionMoNuSAC\SDENet-Fusion\Datasets\Glas\precomputed\train_256_stride_128\images\train_79_patch_0006.npy,C:\Users\gadda\Documents\FeatureFusionMoNuSAC\SDENet-Fusion\Datasets\Glas\precomputed\train_256_stride_128\masks\train_79_patch_0006.npy,128,0,256,256,522,775,522,775,25070,0.382537841796875
train_79_patch_0007,train_79.bmp,C:\Users\gadda\Documents\FeatureFusionMoNuSAC\SDENet-Fusion\Datasets\Glas\precomputed\train_256_stride_128\images\train_79_patch_0007.npy,C:\Users\gadda\Documents\FeatureFusionMoNuSAC\SDENet-Fusion\Datasets\Glas\precomputed\train_256_stride_128\masks\train_79_patch_0007.npy,128,128,256,256,522,775,522,775,37873,0.5778961181640625
train_79_patch_0008,train_79.bmp,C:\Users\gadda\Documents\FeatureFusionMoNuSAC\SDENet-Fusion\Datasets\Glas\precomputed\train_256_stride_128\images\train_79_patch_0008.npy,C:\Users\gadda\Documents\FeatureFusionMoNuSAC\SDENet-Fusion\Datasets\Glas\precomputed\train_256_stride_128\masks\train_79_patch_0008.npy,128,256,256,256,522,775,522,775,40395,0.6163787841796875
train_79_patch_0009,train_79.bmp,C:\Users\gadda\Documents\FeatureFusionMoNuSAC\SDENet-Fusion\Datasets\Glas\precomputed\train_256_stride_128\images\train_79_patch_0009.npy,C:\Users\gadda\Documents\FeatureFusionMoNuSAC\SDENet-Fusion\Datasets\Glas\precomputed\train_256_stride_128\masks\train_79_patch_0009.npy,128,384,256,256,522,775,522,775,32671,0.4985198974609375
train_79_patch_0010,train_79.bmp,C:\Users\gadda\Documents\FeatureFusionMoNuSAC\SDENet-Fusion\Datasets\Glas\precomputed\train_256_stride_128\images\train_79_patch_0010.npy,C:\Users\gadda\Documents\FeatureFusionMoNuSAC\SDENet-Fusion\Datasets\Glas\precomputed\train_256_stride_128\masks\train_79_patch_0010.npy,128,512,256,256,522,775,522,775,33881,0.5169830322265625
train_79_patch_0011,train_79.bmp,C:\Users\gadda\Documents\FeatureFusionMoNuSAC\SDENet-Fusion\Datasets\Glas\precomputed\train_256_stride_128\images\train_79_patch_0011.npy,C:\Users\gadda\Documents\FeatureFusionMoNuSAC\SDENet-Fusion\Datasets\Glas\precomputed\train_256_stride_128\masks\train_79_patch_0011.npy,128,519,256,256,522,775,522,775,32776,0.5001220703125
train_79_patch_0012,train_79.bmp,C:\Users\gadda\Documents\FeatureFusionMoNuSAC\SDENet-Fusion\Datasets\Glas\precomputed\train_256_stride_128\images\train_79_patch_0012.npy,C:\Users\gadda\Documents\FeatureFusionMoNuSAC\SDENet-Fusion\Datasets\Glas\precomputed\train_256_stride_128\masks\train_79_patch_0012.npy,256,0,256,256,522,775,522,775,24420,0.37261962890625
train_79_patch_0013,train_79.bmp,C:\Users\gadda\Documents\FeatureFusionMoNuSAC\SDENet-Fusion\Datasets\Glas\precomputed\train_256_stride_128\images\train_79_patch_0013.npy,C:\Users\gadda\Documents\FeatureFusionMoNuSAC\SDENet-Fusion\Datasets\Glas\precomputed\train_256_stride_128\masks\train_79_patch_0013.npy,256,128,256,256,522,775,522,775,39330,0.600128173828125
train_79_patch_0014,train_79.bmp,C:\Users\gadda\Documents\FeatureFusionMoNuSAC\SDENet-Fusion\Datasets\Glas\precomputed\train_256_stride_128\images\train_79_patch_0014.npy,C:\Users\gadda\Documents\FeatureFusionMoNuSAC\SDENet-Fusion\Datasets\Glas\precomputed\train_256_stride_128\masks\train_79_patch_0014.npy,256,256,256,256,522,775,522,775,42606,0.650115966796875
train_79_patch_0015,train_79.bmp,C:\Users\gadda\Documents\FeatureFusionMoNuSAC\SDENet-Fusion\Datasets\Glas\precomputed\train_256_stride_128\images\train_79_patch_0015.npy,C:\Users\gadda\Documents\FeatureFusionMoNuSAC\SDENet-Fusion\Datasets\Glas\precomputed\train_256_stride_128\masks\train_79_patch_0015.npy,256,384,256,256,522,775,522,775,35933,0.5482940673828125
train_79_patch_0016,train_79.bmp,C:\Users\gadda\Documents\FeatureFusionMoNuSAC\SDENet-Fusion\Datasets\Glas\precomputed\train_256_stride_128\images\train_79_patch_0016.npy,C:\Users\gadda\Documents\FeatureFusionMoNuSAC\SDENet-Fusion\Datasets\Glas\precomputed\train_256_stride_128\masks\train_79_patch_0016.npy,256,512,256,256,522,775,522,775,35065,0.5350494384765625
train_79_patch_0017,train_79.bmp,C:\Users\gadda\Documents\FeatureFusionMoNuSAC\SDENet-Fusion\Datasets\Glas\precomputed\train_256_stride_128\images\train_79_patch_0017.npy,C:\Users\gadda\Documents\FeatureFusionMoNuSAC\SDENet-Fusion\Datasets\Glas\precomputed\train_256_stride_128\masks\train_79_patch_0017.npy,256,519,256,256,522,775,522,775,34484,0.52618408203125
train_79_patch_0018,train_79.bmp,C:\Users\gadda\Documents\FeatureFusionMoNuSAC\SDENet-Fusion\Datasets\Glas\precomputed\train_256_stride_128\images\train_79_patch_0018.npy,C:\Users\gadda\Documents\FeatureFusionMoNuSAC\SDENet-Fusion\Datasets\Glas\precomputed\train_256_stride_128\masks\train_79_patch_0018.npy,266,0,256,256,522,775,522,775,23325,0.3559112548828125
train_79_patch_0019,train_79.bmp,C:\Users\gadda\Documents\FeatureFusionMoNuSAC\SDENet-Fusion\Datasets\Glas\precomputed\train_256_stride_128\images\train_79_patch_0019.npy,C:\Users\gadda\Documents\FeatureFusionMoNuSAC\SDENet-Fusion\Datasets\Glas\precomputed\train_256_stride_128\masks\train_79_patch_0019.npy,266,128,256,256,522,775,522,775,38736,0.591064453125
train_79_patch_0020,train_79.bmp,C:\Users\gadda\Documents\FeatureFusionMoNuSAC\SDENet-Fusion\Datasets\Glas\precomputed\train_256_stride_128\images\train_79_patch_0020.npy,C:\Users\gadda\Documents\FeatureFusionMoNuSAC\SDENet-Fusion\Datasets\Glas\precomputed\train_256_stride_128\masks\train_79_patch_0020.npy,266,256,256,256,522,775,522,775,42789,0.6529083251953125
train_79_patch_0021,train_79.bmp,C:\Users\gadda\Documents\FeatureFusionMoNuSAC\SDENet-Fusion\Datasets\Glas\precomputed\train_256_stride_128\images\train_79_patch_0021.npy,C:\Users\gadda\Documents\FeatureFusionMoNuSAC\SDENet-Fusion\Datasets\Glas\precomputed\train_256_stride_128\masks\train_79_patch_0021.npy,266,384,256,256,522,775,522,775,35939,0.5483856201171875
train_79_patch_0022,train_79.bmp,C:\Users\gadda\Documents\FeatureFusionMoNuSAC\SDENet-Fusion\Datasets\Glas\precomputed\train_256_stride_128\images\train_79_patch_0022.npy,C:\Users\gadda\Documents\FeatureFusionMoNuSAC\SDENet-Fusion\Datasets\Glas\precomputed\train_256_stride_128\masks\train_79_patch_0022.npy,266,512,256,256,522,775,522,775,34139,0.5209197998046875
train_79_patch_0023,train_79.bmp,C:\Users\gadda\Documents\FeatureFusionMoNuSAC\SDENet-Fusion\Datasets\Glas\precomputed\train_256_stride_128\images\train_79_patch_0023.npy,C:\Users\gadda\Documents\FeatureFusionMoNuSAC\SDENet-Fusion\Datasets\Glas\precomputed\train_256_stride_128\masks\train_79_patch_0023.npy,266,519,256,256,522,775,522,775,33558,0.512054443359375
train_8_patch_0000,train_8.bmp,C:\Users\gadda\Documents\FeatureFusionMoNuSAC\SDENet-Fusion\Datasets\Glas\precomputed\train_256_stride_128\images\train_8_patch_0000.npy,C:\Users\gadda\Documents\FeatureFusionMoNuSAC\SDENet-Fusion\Datasets\Glas\precomputed\train_256_stride_128\masks\train_8_patch_0000.npy,0,0,256,256,522,775,522,775,25569,0.3901519775390625
train_8_patch_0001,train_8.bmp,C:\Users\gadda\Documents\FeatureFusionMoNuSAC\SDENet-Fusion\Datasets\Glas\precomputed\train_256_stride_128\images\train_8_patch_0001.npy,C:\Users\gadda\Documents\FeatureFusionMoNuSAC\SDENet-Fusion\Datasets\Glas\precomputed\train_256_stride_128\masks\train_8_patch_0001.npy,0,128,256,256,522,775,522,775,16001,0.2441558837890625
train_8_patch_0002,train_8.bmp,C:\Users\gadda\Documents\FeatureFusionMoNuSAC\SDENet-Fusion\Datasets\Glas\precomputed\train_256_stride_128\images\train_8_patch_0002.npy,C:\Users\gadda\Documents\FeatureFusionMoNuSAC\SDENet-Fusion\Datasets\Glas\precomputed\train_256_stride_128\masks\train_8_patch_0002.npy,0,256,256,256,522,775,522,775,9136,0.139404296875
train_8_patch_0003,train_8.bmp,C:\Users\gadda\Documents\FeatureFusionMoNuSAC\SDENet-Fusion\Datasets\Glas\precomputed\train_256_stride_128\images\train_8_patch_0003.npy,C:\Users\gadda\Documents\FeatureFusionMoNuSAC\SDENet-Fusion\Datasets\Glas\precomputed\train_256_stride_128\masks\train_8_patch_0003.npy,0,384,256,256,522,775,522,775,7618,0.116241455078125
train_8_patch_0004,train_8.bmp,C:\Users\gadda\Documents\FeatureFusionMoNuSAC\SDENet-Fusion\Datasets\Glas\precomputed\train_256_stride_128\images\train_8_patch_0004.npy,C:\Users\gadda\Documents\FeatureFusionMoNuSAC\SDENet-Fusion\Datasets\Glas\precomputed\train_256_stride_128\masks\train_8_patch_0004.npy,0,512,256,256,522,775,522,775,6357,0.0970001220703125
train_8_patch_0005,train_8.bmp,C:\Users\gadda\Documents\FeatureFusionMoNuSAC\SDENet-Fusion\Datasets\Glas\precomputed\train_256_stride_128\images\train_8_patch_0005.npy,C:\Users\gadda\Documents\FeatureFusionMoNuSAC\SDENet-Fusion\Datasets\Glas\precomputed\train_256_stride_128\masks\train_8_patch_0005.npy,0,519,256,256,522,775,522,775,6149,0.0938262939453125
train_8_patch_0006,train_8.bmp,C:\Users\gadda\Documents\FeatureFusionMoNuSAC\SDENet-Fusion\Datasets\Glas\precomputed\train_256_stride_128\images\train_8_patch_0006.npy,C:\Users\gadda\Documents\FeatureFusionMoNuSAC\SDENet-Fusion\Datasets\Glas\precomputed\train_256_stride_128\masks\train_8_patch_0006.npy,128,0,256,256,522,775,522,775,42121,0.6427154541015625
train_8_patch_0007,train_8.bmp,C:\Users\gadda\Documents\FeatureFusionMoNuSAC\SDENet-Fusion\Datasets\Glas\precomputed\train_256_stride_128\images\train_8_patch_0007.npy,C:\Users\gadda\Documents\FeatureFusionMoNuSAC\SDENet-Fusion\Datasets\Glas\precomputed\train_256_stride_128\masks\train_8_patch_0007.npy,128,128,256,256,522,775,522,775,39131,0.5970916748046875
train_8_patch_0008,train_8.bmp,C:\Users\gadda\Documents\FeatureFusionMoNuSAC\SDENet-Fusion\Datasets\Glas\precomputed\train_256_stride_128\images\train_8_patch_0008.npy,C:\Users\gadda\Documents\FeatureFusionMoNuSAC\SDENet-Fusion\Datasets\Glas\precomputed\train_256_stride_128\masks\train_8_patch_0008.npy,128,256,256,256,522,775,522,775,30783,0.4697113037109375
train_8_patch_0009,train_8.bmp,C:\Users\gadda\Documents\FeatureFusionMoNuSAC\SDENet-Fusion\Datasets\Glas\precomputed\train_256_stride_128\images\train_8_patch_0009.npy,C:\Users\gadda\Documents\FeatureFusionMoNuSAC\SDENet-Fusion\Datasets\Glas\precomputed\train_256_stride_128\masks\train_8_patch_0009.npy,128,384,256,256,522,775,522,775,27866,0.425201416015625
train_8_patch_0010,train_8.bmp,C:\Users\gadda\Documents\FeatureFusionMoNuSAC\SDENet-Fusion\Datasets\Glas\precomputed\train_256_stride_128\images\train_8_patch_0010.npy,C:\Users\gadda\Documents\FeatureFusionMoNuSAC\SDENet-Fusion\Datasets\Glas\precomputed\train_256_stride_128\masks\train_8_patch_0010.npy,128,512,256,256,522,775,522,775,16171,0.2467498779296875
train_8_patch_0011,train_8.bmp,C:\Users\gadda\Documents\FeatureFusionMoNuSAC\SDENet-Fusion\Datasets\Glas\precomputed\train_256_stride_128\images\train_8_patch_0011.npy,C:\Users\gadda\Documents\FeatureFusionMoNuSAC\SDENet-Fusion\Datasets\Glas\precomputed\train_256_stride_128\masks\train_8_patch_0011.npy,128,519,256,256,522,775,522,775,15487,0.2363128662109375
train_8_patch_0012,train_8.bmp,C:\Users\gadda\Documents\FeatureFusionMoNuSAC\SDENet-Fusion\Datasets\Glas\precomputed\train_256_stride_128\images\train_8_patch_0012.npy,C:\Users\gadda\Documents\FeatureFusionMoNuSAC\SDENet-Fusion\Datasets\Glas\precomputed\train_256_stride_128\masks\train_8_patch_0012.npy,256,0,256,256,522,775,522,775,38171,0.5824432373046875
train_8_patch_0013,train_8.bmp,C:\Users\gadda\Documents\FeatureFusionMoNuSAC\SDENet-Fusion\Datasets\Glas\precomputed\train_256_stride_128\images\train_8_patch_0013.npy,C:\Users\gadda\Documents\FeatureFusionMoNuSAC\SDENet-Fusion\Datasets\Glas\precomputed\train_256_stride_128\masks\train_8_patch_0013.npy,256,128,256,256,522,775,522,775,43654,0.666107177734375
train_8_patch_0014,train_8.bmp,C:\Users\gadda\Documents\FeatureFusionMoNuSAC\SDENet-Fusion\Datasets\Glas\precomputed\train_256_stride_128\images\train_8_patch_0014.npy,C:\Users\gadda\Documents\FeatureFusionMoNuSAC\SDENet-Fusion\Datasets\Glas\precomputed\train_256_stride_128\masks\train_8_patch_0014.npy,256,256,256,256,522,775,522,775,45769,0.6983795166015625
train_8_patch_0015,train_8.bmp,C:\Users\gadda\Documents\FeatureFusionMoNuSAC\SDENet-Fusion\Datasets\Glas\precomputed\train_256_stride_128\images\train_8_patch_0015.npy,C:\Users\gadda\Documents\FeatureFusionMoNuSAC\SDENet-Fusion\Datasets\Glas\precomputed\train_256_stride_128\masks\train_8_patch_0015.npy,256,384,256,256,522,775,522,775,40168,0.6129150390625
train_8_patch_0016,train_8.bmp,C:\Users\gadda\Documents\FeatureFusionMoNuSAC\SDENet-Fusion\Datasets\Glas\precomputed\train_256_stride_128\images\train_8_patch_0016.npy,C:\Users\gadda\Documents\FeatureFusionMoNuSAC\SDENet-Fusion\Datasets\Glas\precomputed\train_256_stride_128\masks\train_8_patch_0016.npy,256,512,256,256,522,775,522,775,18139,0.2767791748046875
train_8_patch_0017,train_8.bmp,C:\Users\gadda\Documents\FeatureFusionMoNuSAC\SDENet-Fusion\Datasets\Glas\precomputed\train_256_stride_128\images\train_8_patch_0017.npy,C:\Users\gadda\Documents\FeatureFusionMoNuSAC\SDENet-Fusion\Datasets\Glas\precomputed\train_256_stride_128\masks\train_8_patch_0017.npy,256,519,256,256,522,775,522,775,17302,0.264007568359375
train_8_patch_0018,train_8.bmp,C:\Users\gadda\Documents\FeatureFusionMoNuSAC\SDENet-Fusion\Datasets\Glas\precomputed\train_256_stride_128\images\train_8_patch_0018.npy,C:\Users\gadda\Documents\FeatureFusionMoNuSAC\SDENet-Fusion\Datasets\Glas\precomputed\train_256_stride_128\masks\train_8_patch_0018.npy,266,0,256,256,522,775,522,775,37876,0.57794189453125
train_8_patch_0019,train_8.bmp,C:\Users\gadda\Documents\FeatureFusionMoNuSAC\SDENet-Fusion\Datasets\Glas\precomputed\train_256_stride_128\images\train_8_patch_0019.npy,C:\Users\gadda\Documents\FeatureFusionMoNuSAC\SDENet-Fusion\Datasets\Glas\precomputed\train_256_stride_128\masks\train_8_patch_0019.npy,266,128,256,256,522,775,522,775,43632,0.665771484375
train_8_patch_0020,train_8.bmp,C:\Users\gadda\Documents\FeatureFusionMoNuSAC\SDENet-Fusion\Datasets\Glas\precomputed\train_256_stride_128\images\train_8_patch_0020.npy,C:\Users\gadda\Documents\FeatureFusionMoNuSAC\SDENet-Fusion\Datasets\Glas\precomputed\train_256_stride_128\masks\train_8_patch_0020.npy,266,256,256,256,522,775,522,775,45958,0.701263427734375
train_8_patch_0021,train_8.bmp,C:\Users\gadda\Documents\FeatureFusionMoNuSAC\SDENet-Fusion\Datasets\Glas\precomputed\train_256_stride_128\images\train_8_patch_0021.npy,C:\Users\gadda\Documents\FeatureFusionMoNuSAC\SDENet-Fusion\Datasets\Glas\precomputed\train_256_stride_128\masks\train_8_patch_0021.npy,266,384,256,256,522,775,522,775,39621,0.6045684814453125
train_8_patch_0022,train_8.bmp,C:\Users\gadda\Documents\FeatureFusionMoNuSAC\SDENet-Fusion\Datasets\Glas\precomputed\train_256_stride_128\images\train_8_patch_0022.npy,C:\Users\gadda\Documents\FeatureFusionMoNuSAC\SDENet-Fusion\Datasets\Glas\precomputed\train_256_stride_128\masks\train_8_patch_0022.npy,266,512,256,256,522,775,522,775,17954,0.273956298828125
train_8_patch_0023,train_8.bmp,C:\Users\gadda\Documents\FeatureFusionMoNuSAC\SDENet-Fusion\Datasets\Glas\precomputed\train_256_stride_128\images\train_8_patch_0023.npy,C:\Users\gadda\Documents\FeatureFusionMoNuSAC\SDENet-Fusion\Datasets\Glas\precomputed\train_256_stride_128\masks\train_8_patch_0023.npy,266,519,256,256,522,775,522,775,17187,0.2622528076171875
train_80_patch_0000,train_80.bmp,C:\Users\gadda\Documents\FeatureFusionMoNuSAC\SDENet-Fusion\Datasets\Glas\precomputed\train_256_stride_128\images\train_80_patch_0000.npy,C:\Users\gadda\Documents\FeatureFusionMoNuSAC\SDENet-Fusion\Datasets\Glas\precomputed\train_256_stride_128\masks\train_80_patch_0000.npy,0,0,256,256,522,775,522,775,46160,0.704345703125
train_80_patch_0001,train_80.bmp,C:\Users\gadda\Documents\FeatureFusionMoNuSAC\SDENet-Fusion\Datasets\Glas\precomputed\train_256_stride_128\images\train_80_patch_0001.npy,C:\Users\gadda\Documents\FeatureFusionMoNuSAC\SDENet-Fusion\Datasets\Glas\precomputed\train_256_stride_128\masks\train_80_patch_0001.npy,0,128,256,256,522,775,522,775,25114,0.383209228515625
train_80_patch_0002,train_80.bmp,C:\Users\gadda\Documents\FeatureFusionMoNuSAC\SDENet-Fusion\Datasets\Glas\precomputed\train_256_stride_128\images\train_80_patch_0002.npy,C:\Users\gadda\Documents\FeatureFusionMoNuSAC\SDENet-Fusion\Datasets\Glas\precomputed\train_256_stride_128\masks\train_80_patch_0002.npy,0,256,256,256,522,775,522,775,14114,0.215362548828125
train_80_patch_0003,train_80.bmp,C:\Users\gadda\Documents\FeatureFusionMoNuSAC\SDENet-Fusion\Datasets\Glas\precomputed\train_256_stride_128\images\train_80_patch_0003.npy,C:\Users\gadda\Documents\FeatureFusionMoNuSAC\SDENet-Fusion\Datasets\Glas\precomputed\train_256_stride_128\masks\train_80_patch_0003.npy,0,384,256,256,522,775,522,775,25056,0.38232421875
train_80_patch_0004,train_80.bmp,C:\Users\gadda\Documents\FeatureFusionMoNuSAC\SDENet-Fusion\Datasets\Glas\precomputed\train_256_stride_128\images\train_80_patch_0004.npy,C:\Users\gadda\Documents\FeatureFusionMoNuSAC\SDENet-Fusion\Datasets\Glas\precomputed\train_256_stride_128\masks\train_80_patch_0004.npy,0,512,256,256,522,775,522,775,45771,0.6984100341796875
train_80_patch_0005,train_80.bmp,C:\Users\gadda\Documents\FeatureFusionMoNuSAC\SDENet-Fusion\Datasets\Glas\precomputed\train_256_stride_128\images\train_80_patch_0005.npy,C:\Users\gadda\Documents\FeatureFusionMoNuSAC\SDENet-Fusion\Datasets\Glas\precomputed\train_256_stride_128\masks\train_80_patch_0005.npy,0,519,256,256,522,775,522,775,46163,0.7043914794921875
train_80_patch_0006,train_80.bmp,C:\Users\gadda\Documents\FeatureFusionMoNuSAC\SDENet-Fusion\Datasets\Glas\precomputed\train_256_stride_128\images\train_80_patch_0006.npy,C:\Users\gadda\Documents\FeatureFusionMoNuSAC\SDENet-Fusion\Datasets\Glas\precomputed\train_256_stride_128\masks\train_80_patch_0006.npy,128,0,256,256,522,775,522,775,39927,0.6092376708984375
train_80_patch_0007,train_80.bmp,C:\Users\gadda\Documents\FeatureFusionMoNuSAC\SDENet-Fusion\Datasets\Glas\precomputed\train_256_stride_128\images\train_80_patch_0007.npy,C:\Users\gadda\Documents\FeatureFusionMoNuSAC\SDENet-Fusion\Datasets\Glas\precomputed\train_256_stride_128\masks\train_80_patch_0007.npy,128,128,256,256,522,775,522,775,13382,0.204193115234375
train_80_patch_0008,train_80.bmp,C:\Users\gadda\Documents\FeatureFusionMoNuSAC\SDENet-Fusion\Datasets\Glas\precomputed\train_256_stride_128\images\train_80_patch_0008.npy,C:\Users\gadda\Documents\FeatureFusionMoNuSAC\SDENet-Fusion\Datasets\Glas\precomputed\train_256_stride_128\masks\train_80_patch_0008.npy,128,256,256,256,522,775,522,775,1083,0.0165252685546875
train_80_patch_0009,train_80.bmp,C:\Users\gadda\Documents\FeatureFusionMoNuSAC\SDENet-Fusion\Datasets\Glas\precomputed\train_256_stride_128\images\train_80_patch_0009.npy,C:\Users\gadda\Documents\FeatureFusionMoNuSAC\SDENet-Fusion\Datasets\Glas\precomputed\train_256_stride_128\masks\train_80_patch_0009.npy,128,384,256,256,522,775,522,775,7362,0.112335205078125
train_80_patch_0010,train_80.bmp,C:\Users\gadda\Documents\FeatureFusionMoNuSAC\SDENet-Fusion\Datasets\Glas\precomputed\train_256_stride_128\images\train_80_patch_0010.npy,C:\Users\gadda\Documents\FeatureFusionMoNuSAC\SDENet-Fusion\Datasets\Glas\precomputed\train_256_stride_128\masks\train_80_patch_0010.npy,128,512,256,256,522,775,522,775,22554,0.344146728515625
train_80_patch_0011,train_80.bmp,C:\Users\gadda\Documents\FeatureFusionMoNuSAC\SDENet-Fusion\Datasets\Glas\precomputed\train_256_stride_128\images\train_80_patch_0011.npy,C:\Users\gadda\Documents\FeatureFusionMoNuSAC\SDENet-Fusion\Datasets\Glas\precomputed\train_256_stride_128\masks\train_80_patch_0011.npy,128,519,256,256,522,775,522,775,23256,0.3548583984375
train_80_patch_0012,train_80.bmp,C:\Users\gadda\Documents\FeatureFusionMoNuSAC\SDENet-Fusion\Datasets\Glas\precomputed\train_256_stride_128\images\train_80_patch_0012.npy,C:\Users\gadda\Documents\FeatureFusionMoNuSAC\SDENet-Fusion\Datasets\Glas\precomputed\train_256_stride_128\masks\train_80_patch_0012.npy,256,0,256,256,522,775,522,775,40480,0.61767578125
train_80_patch_0013,train_80.bmp,C:\Users\gadda\Documents\FeatureFusionMoNuSAC\SDENet-Fusion\Datasets\Glas\precomputed\train_256_stride_128\images\train_80_patch_0013.npy,C:\Users\gadda\Documents\FeatureFusionMoNuSAC\SDENet-Fusion\Datasets\Glas\precomputed\train_256_stride_128\masks\train_80_patch_0013.npy,256,128,256,256,522,775,522,775,25081,0.3827056884765625
train_80_patch_0014,train_80.bmp,C:\Users\gadda\Documents\FeatureFusionMoNuSAC\SDENet-Fusion\Datasets\Glas\precomputed\train_256_stride_128\images\train_80_patch_0014.npy,C:\Users\gadda\Documents\FeatureFusionMoNuSAC\SDENet-Fusion\Datasets\Glas\precomputed\train_256_stride_128\masks\train_80_patch_0014.npy,256,256,256,256,522,775,522,775,6308,0.09625244140625
train_80_patch_0015,train_80.bmp,C:\Users\gadda\Documents\FeatureFusionMoNuSAC\SDENet-Fusion\Datasets\Glas\precomputed\train_256_stride_128\images\train_80_patch_0015.npy,C:\Users\gadda\Documents\FeatureFusionMoNuSAC\SDENet-Fusion\Datasets\Glas\precomputed\train_256_stride_128\masks\train_80_patch_0015.npy,256,384,256,256,522,775,522,775,64,0.0009765625
train_80_patch_0016,train_80.bmp,C:\Users\gadda\Documents\FeatureFusionMoNuSAC\SDENet-Fusion\Datasets\Glas\precomputed\train_256_stride_128\images\train_80_patch_0016.npy,C:\Users\gadda\Documents\FeatureFusionMoNuSAC\SDENet-Fusion\Datasets\Glas\precomputed\train_256_stride_128\masks\train_80_patch_0016.npy,256,512,256,256,522,775,522,775,987,0.0150604248046875
train_80_patch_0017,train_80.bmp,C:\Users\gadda\Documents\FeatureFusionMoNuSAC\SDENet-Fusion\Datasets\Glas\precomputed\train_256_stride_128\images\train_80_patch_0017.npy,C:\Users\gadda\Documents\FeatureFusionMoNuSAC\SDENet-Fusion\Datasets\Glas\precomputed\train_256_stride_128\masks\train_80_patch_0017.npy,256,519,256,256,522,775,522,775,1189,0.0181427001953125
train_80_patch_0018,train_80.bmp,C:\Users\gadda\Documents\FeatureFusionMoNuSAC\SDENet-Fusion\Datasets\Glas\precomputed\train_256_stride_128\images\train_80_patch_0018.npy,C:\Users\gadda\Documents\FeatureFusionMoNuSAC\SDENet-Fusion\Datasets\Glas\precomputed\train_256_stride_128\masks\train_80_patch_0018.npy,266,0,256,256,522,775,522,775,40748,0.62176513671875
train_80_patch_0019,train_80.bmp,C:\Users\gadda\Documents\FeatureFusionMoNuSAC\SDENet-Fusion\Datasets\Glas\precomputed\train_256_stride_128\images\train_80_patch_0019.npy,C:\Users\gadda\Documents\FeatureFusionMoNuSAC\SDENet-Fusion\Datasets\Glas\precomputed\train_256_stride_128\masks\train_80_patch_0019.npy,266,128,256,256,522,775,522,775,26911,0.4106292724609375
train_80_patch_0020,train_80.bmp,C:\Users\gadda\Documents\FeatureFusionMoNuSAC\SDENet-Fusion\Datasets\Glas\precomputed\train_256_stride_128\images\train_80_patch_0020.npy,C:\Users\gadda\Documents\FeatureFusionMoNuSAC\SDENet-Fusion\Datasets\Glas\precomputed\train_256_stride_128\masks\train_80_patch_0020.npy,266,256,256,256,522,775,522,775,7930,0.121002197265625
train_80_patch_0021,train_80.bmp,C:\Users\gadda\Documents\FeatureFusionMoNuSAC\SDENet-Fusion\Datasets\Glas\precomputed\train_256_stride_128\images\train_80_patch_0021.npy,C:\Users\gadda\Documents\FeatureFusionMoNuSAC\SDENet-Fusion\Datasets\Glas\precomputed\train_256_stride_128\masks\train_80_patch_0021.npy,266,384,256,256,522,775,522,775,406,0.006195068359375
train_80_patch_0022,train_80.bmp,C:\Users\gadda\Documents\FeatureFusionMoNuSAC\SDENet-Fusion\Datasets\Glas\precomputed\train_256_stride_128\images\train_80_patch_0022.npy,C:\Users\gadda\Documents\FeatureFusionMoNuSAC\SDENet-Fusion\Datasets\Glas\precomputed\train_256_stride_128\masks\train_80_patch_0022.npy,266,512,256,256,522,775,522,775,378,0.005767822265625
train_80_patch_0023,train_80.bmp,C:\Users\gadda\Documents\FeatureFusionMoNuSAC\SDENet-Fusion\Datasets\Glas\precomputed\train_256_stride_128\images\train_80_patch_0023.npy,C:\Users\gadda\Documents\FeatureFusionMoNuSAC\SDENet-Fusion\Datasets\Glas\precomputed\train_256_stride_128\masks\train_80_patch_0023.npy,266,519,256,256,522,775,522,775,510,0.007781982421875
train_81_patch_0000,train_81.bmp,C:\Users\gadda\Documents\FeatureFusionMoNuSAC\SDENet-Fusion\Datasets\Glas\precomputed\train_256_stride_128\images\train_81_patch_0000.npy,C:\Users\gadda\Documents\FeatureFusionMoNuSAC\SDENet-Fusion\Datasets\Glas\precomputed\train_256_stride_128\masks\train_81_patch_0000.npy,0,0,256,256,522,775,522,775,17979,0.2743377685546875
train_81_patch_0001,train_81.bmp,C:\Users\gadda\Documents\FeatureFusionMoNuSAC\SDENet-Fusion\Datasets\Glas\precomputed\train_256_stride_128\images\train_81_patch_0001.npy,C:\Users\gadda\Documents\FeatureFusionMoNuSAC\SDENet-Fusion\Datasets\Glas\precomputed\train_256_stride_128\masks\train_81_patch_0001.npy,0,128,256,256,522,775,522,775,15949,0.2433624267578125
train_81_patch_0002,train_81.bmp,C:\Users\gadda\Documents\FeatureFusionMoNuSAC\SDENet-Fusion\Datasets\Glas\precomputed\train_256_stride_128\images\train_81_patch_0002.npy,C:\Users\gadda\Documents\FeatureFusionMoNuSAC\SDENet-Fusion\Datasets\Glas\precomputed\train_256_stride_128\masks\train_81_patch_0002.npy,0,256,256,256,522,775,522,775,6832,0.104248046875
train_81_patch_0003,train_81.bmp,C:\Users\gadda\Documents\FeatureFusionMoNuSAC\SDENet-Fusion\Datasets\Glas\precomputed\train_256_stride_128\images\train_81_patch_0003.npy,C:\Users\gadda\Documents\FeatureFusionMoNuSAC\SDENet-Fusion\Datasets\Glas\precomputed\train_256_stride_128\masks\train_81_patch_0003.npy,0,384,256,256,522,775,522,775,11473,0.1750640869140625
train_81_patch_0004,train_81.bmp,C:\Users\gadda\Documents\FeatureFusionMoNuSAC\SDENet-Fusion\Datasets\Glas\precomputed\train_256_stride_128\images\train_81_patch_0004.npy,C:\Users\gadda\Documents\FeatureFusionMoNuSAC\SDENet-Fusion\Datasets\Glas\precomputed\train_256_stride_128\masks\train_81_patch_0004.npy,0,512,256,256,522,775,522,775,21080,0.3216552734375
train_81_patch_0005,train_81.bmp,C:\Users\gadda\Documents\FeatureFusionMoNuSAC\SDENet-Fusion\Datasets\Glas\precomputed\train_256_stride_128\images\train_81_patch_0005.npy,C:\Users\gadda\Documents\FeatureFusionMoNuSAC\SDENet-Fusion\Datasets\Glas\precomputed\train_256_stride_128\masks\train_81_patch_0005.npy,0,519,256,256,522,775,522,775,21906,0.334259033203125
train_81_patch_0006,train_81.bmp,C:\Users\gadda\Documents\FeatureFusionMoNuSAC\SDENet-Fusion\Datasets\Glas\precomputed\train_256_stride_128\images\train_81_patch_0006.npy,C:\Users\gadda\Documents\FeatureFusionMoNuSAC\SDENet-Fusion\Datasets\Glas\precomputed\train_256_stride_128\masks\train_81_patch_0006.npy,128,0,256,256,522,775,522,775,42062,0.641815185546875
train_81_patch_0007,train_81.bmp,C:\Users\gadda\Documents\FeatureFusionMoNuSAC\SDENet-Fusion\Datasets\Glas\precomputed\train_256_stride_128\images\train_81_patch_0007.npy,C:\Users\gadda\Documents\FeatureFusionMoNuSAC\SDENet-Fusion\Datasets\Glas\precomputed\train_256_stride_128\masks\train_81_patch_0007.npy,128,128,256,256,522,775,522,775,45547,0.6949920654296875
train_81_patch_0008,train_81.bmp,C:\Users\gadda\Documents\FeatureFusionMoNuSAC\SDENet-Fusion\Datasets\Glas\precomputed\train_256_stride_128\images\train_81_patch_0008.npy,C:\Users\gadda\Documents\FeatureFusionMoNuSAC\SDENet-Fusion\Datasets\Glas\precomputed\train_256_stride_128\masks\train_81_patch_0008.npy,128,256,256,256,522,775,522,775,33042,0.504180908203125
train_81_patch_0009,train_81.bmp,C:\Users\gadda\Documents\FeatureFusionMoNuSAC\SDENet-Fusion\Datasets\Glas\precomputed\train_256_stride_128\images\train_81_patch_0009.npy,C:\Users\gadda\Documents\FeatureFusionMoNuSAC\SDENet-Fusion\Datasets\Glas\precomputed\train_256_stride_128\masks\train_81_patch_0009.npy,128,384,256,256,522,775,522,775,40222,0.613739013671875
train_81_patch_0010,train_81.bmp,C:\Users\gadda\Documents\FeatureFusionMoNuSAC\SDENet-Fusion\Datasets\Glas\precomputed\train_256_stride_128\images\train_81_patch_0010.npy,C:\Users\gadda\Documents\FeatureFusionMoNuSAC\SDENet-Fusion\Datasets\Glas\precomputed\train_256_stride_128\masks\train_81_patch_0010.npy,128,512,256,256,522,775,522,775,53258,0.812652587890625
train_81_patch_0011,train_81.bmp,C:\Users\gadda\Documents\FeatureFusionMoNuSAC\SDENet-Fusion\Datasets\Glas\precomputed\train_256_stride_128\images\train_81_patch_0011.npy,C:\Users\gadda\Documents\FeatureFusionMoNuSAC\SDENet-Fusion\Datasets\Glas\precomputed\train_256_stride_128\masks\train_81_patch_0011.npy,128,519,256,256,522,775,522,775,54513,0.8318023681640625
train_81_patch_0012,train_81.bmp,C:\Users\gadda\Documents\FeatureFusionMoNuSAC\SDENet-Fusion\Datasets\Glas\precomputed\train_256_stride_128\images\train_81_patch_0012.npy,C:\Users\gadda\Documents\FeatureFusionMoNuSAC\SDENet-Fusion\Datasets\Glas\precomputed\train_256_stride_128\masks\train_81_patch_0012.npy,256,0,256,256,522,775,522,775,27809,0.4243316650390625
train_81_patch_0013,train_81.bmp,C:\Users\gadda\Documents\FeatureFusionMoNuSAC\SDENet-Fusion\Datasets\Glas\precomputed\train_256_stride_128\images\train_81_patch_0013.npy,C:\Users\gadda\Documents\FeatureFusionMoNuSAC\SDENet-Fusion\Datasets\Glas\precomputed\train_256_stride_128\masks\train_81_patch_0013.npy,256,128,256,256,522,775,522,775,42333,0.6459503173828125
train_81_patch_0014,train_81.bmp,C:\Users\gadda\Documents\FeatureFusionMoNuSAC\SDENet-Fusion\Datasets\Glas\precomputed\train_256_stride_128\images\train_81_patch_0014.npy,C:\Users\gadda\Documents\FeatureFusionMoNuSAC\SDENet-Fusion\Datasets\Glas\precomputed\train_256_stride_128\masks\train_81_patch_0014.npy,256,256,256,256,522,775,522,775,47531,0.7252655029296875
train_81_patch_0015,train_81.bmp,C:\Users\gadda\Documents\FeatureFusionMoNuSAC\SDENet-Fusion\Datasets\Glas\precomputed\train_256_stride_128\images\train_81_patch_0015.npy,C:\Users\gadda\Documents\FeatureFusionMoNuSAC\SDENet-Fusion\Datasets\Glas\precomputed\train_256_stride_128\masks\train_81_patch_0015.npy,256,384,256,256,522,775,522,775,56986,0.869537353515625
train_81_patch_0016,train_81.bmp,C:\Users\gadda\Documents\FeatureFusionMoNuSAC\SDENet-Fusion\Datasets\Glas\precomputed\train_256_stride_128\images\train_81_patch_0016.npy,C:\Users\gadda\Documents\FeatureFusionMoNuSAC\SDENet-Fusion\Datasets\Glas\precomputed\train_256_stride_128\masks\train_81_patch_0016.npy,256,512,256,256,522,775,522,775,64926,0.990692138671875
train_81_patch_0017,train_81.bmp,C:\Users\gadda\Documents\FeatureFusionMoNuSAC\SDENet-Fusion\Datasets\Glas\precomputed\train_256_stride_128\images\train_81_patch_0017.npy,C:\Users\gadda\Documents\FeatureFusionMoNuSAC\SDENet-Fusion\Datasets\Glas\precomputed\train_256_stride_128\masks\train_81_patch_0017.npy,256,519,256,256,522,775,522,775,65375,0.9975433349609375
train_81_patch_0018,train_81.bmp,C:\Users\gadda\Documents\FeatureFusionMoNuSAC\SDENet-Fusion\Datasets\Glas\precomputed\train_256_stride_128\images\train_81_patch_0018.npy,C:\Users\gadda\Documents\FeatureFusionMoNuSAC\SDENet-Fusion\Datasets\Glas\precomputed\train_256_stride_128\masks\train_81_patch_0018.npy,266,0,256,256,522,775,522,775,25911,0.3953704833984375
train_81_patch_0019,train_81.bmp,C:\Users\gadda\Documents\FeatureFusionMoNuSAC\SDENet-Fusion\Datasets\Glas\precomputed\train_256_stride_128\images\train_81_patch_0019.npy,C:\Users\gadda\Documents\FeatureFusionMoNuSAC\SDENet-Fusion\Datasets\Glas\precomputed\train_256_stride_128\masks\train_81_patch_0019.npy,266,128,256,256,522,775,522,775,40299,0.6149139404296875
train_81_patch_0020,train_81.bmp,C:\Users\gadda\Documents\FeatureFusionMoNuSAC\SDENet-Fusion\Datasets\Glas\precomputed\train_256_stride_128\images\train_81_patch_0020.npy,C:\Users\gadda\Documents\FeatureFusionMoNuSAC\SDENet-Fusion\Datasets\Glas\precomputed\train_256_stride_128\masks\train_81_patch_0020.npy,266,256,256,256,522,775,522,775,47036,0.71771240234375
train_81_patch_0021,train_81.bmp,C:\Users\gadda\Documents\FeatureFusionMoNuSAC\SDENet-Fusion\Datasets\Glas\precomputed\train_256_stride_128\images\train_81_patch_0021.npy,C:\Users\gadda\Documents\FeatureFusionMoNuSAC\SDENet-Fusion\Datasets\Glas\precomputed\train_256_stride_128\masks\train_81_patch_0021.npy,266,384,256,256,522,775,522,775,57435,0.8763885498046875
train_81_patch_0022,train_81.bmp,C:\Users\gadda\Documents\FeatureFusionMoNuSAC\SDENet-Fusion\Datasets\Glas\precomputed\train_256_stride_128\images\train_81_patch_0022.npy,C:\Users\gadda\Documents\FeatureFusionMoNuSAC\SDENet-Fusion\Datasets\Glas\precomputed\train_256_stride_128\masks\train_81_patch_0022.npy,266,512,256,256,522,775,522,775,65076,0.99298095703125
train_81_patch_0023,train_81.bmp,C:\Users\gadda\Documents\FeatureFusionMoNuSAC\SDENet-Fusion\Datasets\Glas\precomputed\train_256_stride_128\images\train_81_patch_0023.npy,C:\Users\gadda\Documents\FeatureFusionMoNuSAC\SDENet-Fusion\Datasets\Glas\precomputed\train_256_stride_128\masks\train_81_patch_0023.npy,266,519,256,256,522,775,522,775,65455,0.9987640380859375
train_82_patch_0000,train_82.bmp,C:\Users\gadda\Documents\FeatureFusionMoNuSAC\SDENet-Fusion\Datasets\Glas\precomputed\train_256_stride_128\images\train_82_patch_0000.npy,C:\Users\gadda\Documents\FeatureFusionMoNuSAC\SDENet-Fusion\Datasets\Glas\precomputed\train_256_stride_128\masks\train_82_patch_0000.npy,0,0,256,256,522,775,522,775,38225,0.5832672119140625
train_82_patch_0001,train_82.bmp,C:\Users\gadda\Documents\FeatureFusionMoNuSAC\SDENet-Fusion\Datasets\Glas\precomputed\train_256_stride_128\images\train_82_patch_0001.npy,C:\Users\gadda\Documents\FeatureFusionMoNuSAC\SDENet-Fusion\Datasets\Glas\precomputed\train_256_stride_128\masks\train_82_patch_0001.npy,0,128,256,256,522,775,522,775,43149,0.6584014892578125
train_82_patch_0002,train_82.bmp,C:\Users\gadda\Documents\FeatureFusionMoNuSAC\SDENet-Fusion\Datasets\Glas\precomputed\train_256_stride_128\images\train_82_patch_0002.npy,C:\Users\gadda\Documents\FeatureFusionMoNuSAC\SDENet-Fusion\Datasets\Glas\precomputed\train_256_stride_128\masks\train_82_patch_0002.npy,0,256,256,256,522,775,522,775,55859,0.8523406982421875
train_82_patch_0003,train_82.bmp,C:\Users\gadda\Documents\FeatureFusionMoNuSAC\SDENet-Fusion\Datasets\Glas\precomputed\train_256_stride_128\images\train_82_patch_0003.npy,C:\Users\gadda\Documents\FeatureFusionMoNuSAC\SDENet-Fusion\Datasets\Glas\precomputed\train_256_stride_128\masks\train_82_patch_0003.npy,0,384,256,256,522,775,522,775,38303,0.5844573974609375
train_82_patch_0004,train_82.bmp,C:\Users\gadda\Documents\FeatureFusionMoNuSAC\SDENet-Fusion\Datasets\Glas\precomputed\train_256_stride_128\images\train_82_patch_0004.npy,C:\Users\gadda\Documents\FeatureFusionMoNuSAC\SDENet-Fusion\Datasets\Glas\precomputed\train_256_stride_128\masks\train_82_patch_0004.npy,0,512,256,256,522,775,522,775,28074,0.428375244140625
train_82_patch_0005,train_82.bmp,C:\Users\gadda\Documents\FeatureFusionMoNuSAC\SDENet-Fusion\Datasets\Glas\precomputed\train_256_stride_128\images\train_82_patch_0005.npy,C:\Users\gadda\Documents\FeatureFusionMoNuSAC\SDENet-Fusion\Datasets\Glas\precomputed\train_256_stride_128\masks\train_82_patch_0005.npy,0,519,256,256,522,775,522,775,28068,0.42828369140625
train_82_patch_0006,train_82.bmp,C:\Users\gadda\Documents\FeatureFusionMoNuSAC\SDENet-Fusion\Datasets\Glas\precomputed\train_256_stride_128\images\train_82_patch_0006.npy,C:\Users\gadda\Documents\FeatureFusionMoNuSAC\SDENet-Fusion\Datasets\Glas\precomputed\train_256_stride_128\masks\train_82_patch_0006.npy,128,0,256,256,522,775,522,775,39767,0.6067962646484375
train_82_patch_0007,train_82.bmp,C:\Users\gadda\Documents\FeatureFusionMoNuSAC\SDENet-Fusion\Datasets\Glas\precomputed\train_256_stride_128\images\train_82_patch_0007.npy,C:\Users\gadda\Documents\FeatureFusionMoNuSAC\SDENet-Fusion\Datasets\Glas\precomputed\train_256_stride_128\masks\train_82_patch_0007.npy,128,128,256,256,522,775,522,775,53529,0.8167877197265625
train_82_patch_0008,train_82.bmp,C:\Users\gadda\Documents\FeatureFusionMoNuSAC\SDENet-Fusion\Datasets\Glas\precomputed\train_256_stride_128\images\train_82_patch_0008.npy,C:\Users\gadda\Documents\FeatureFusionMoNuSAC\SDENet-Fusion\Datasets\Glas\precomputed\train_256_stride_128\masks\train_82_patch_0008.npy,128,256,256,256,522,775,522,775,63413,0.9676055908203125
train_82_patch_0009,train_82.bmp,C:\Users\gadda\Documents\FeatureFusionMoNuSAC\SDENet-Fusion\Datasets\Glas\precomputed\train_256_stride_128\images\train_82_patch_0009.npy,C:\Users\gadda\Documents\FeatureFusionMoNuSAC\SDENet-Fusion\Datasets\Glas\precomputed\train_256_stride_128\masks\train_82_patch_0009.npy,128,384,256,256,522,775,522,775,37362,0.570098876953125
train_82_patch_0010,train_82.bmp,C:\Users\gadda\Documents\FeatureFusionMoNuSAC\SDENet-Fusion\Datasets\Glas\precomputed\train_256_stride_128\images\train_82_patch_0010.npy,C:\Users\gadda\Documents\FeatureFusionMoNuSAC\SDENet-Fusion\Datasets\Glas\precomputed\train_256_stride_128\masks\train_82_patch_0010.npy,128,512,256,256,522,775,522,775,18203,0.2777557373046875
train_82_patch_0011,train_82.bmp,C:\Users\gadda\Documents\FeatureFusionMoNuSAC\SDENet-Fusion\Datasets\Glas\precomputed\train_256_stride_128\images\train_82_patch_0011.npy,C:\Users\gadda\Documents\FeatureFusionMoNuSAC\SDENet-Fusion\Datasets\Glas\precomputed\train_256_stride_128\masks\train_82_patch_0011.npy,128,519,256,256,522,775,522,775,17751,0.2708587646484375
train_82_patch_0012,train_82.bmp,C:\Users\gadda\Documents\FeatureFusionMoNuSAC\SDENet-Fusion\Datasets\Glas\precomputed\train_256_stride_128\images\train_82_patch_0012.npy,C:\Users\gadda\Documents\FeatureFusionMoNuSAC\SDENet-Fusion\Datasets\Glas\precomputed\train_256_stride_128\masks\train_82_patch_0012.npy,256,0,256,256,522,775,522,775,49281,0.7519683837890625
train_82_patch_0013,train_82.bmp,C:\Users\gadda\Documents\FeatureFusionMoNuSAC\SDENet-Fusion\Datasets\Glas\precomputed\train_256_stride_128\images\train_82_patch_0013.npy,C:\Users\gadda\Documents\FeatureFusionMoNuSAC\SDENet-Fusion\Datasets\Glas\precomputed\train_256_stride_128\masks\train_82_patch_0013.npy,256,128,256,256,522,775,522,775,60519,0.9234466552734375
train_82_patch_0014,train_82.bmp,C:\Users\gadda\Documents\FeatureFusionMoNuSAC\SDENet-Fusion\Datasets\Glas\precomputed\train_256_stride_128\images\train_82_patch_0014.npy,C:\Users\gadda\Documents\FeatureFusionMoNuSAC\SDENet-Fusion\Datasets\Glas\precomputed\train_256_stride_128\masks\train_82_patch_0014.npy,256,256,256,256,522,775,522,775,58167,0.8875579833984375
train_82_patch_0015,train_82.bmp,C:\Users\gadda\Documents\FeatureFusionMoNuSAC\SDENet-Fusion\Datasets\Glas\precomputed\train_256_stride_128\images\train_82_patch_0015.npy,C:\Users\gadda\Documents\FeatureFusionMoNuSAC\SDENet-Fusion\Datasets\Glas\precomputed\train_256_stride_128\masks\train_82_patch_0015.npy,256,384,256,256,522,775,522,775,32075,0.4894256591796875
train_82_patch_0016,train_82.bmp,C:\Users\gadda\Documents\FeatureFusionMoNuSAC\SDENet-Fusion\Datasets\Glas\precomputed\train_256_stride_128\images\train_82_patch_0016.npy,C:\Users\gadda\Documents\FeatureFusionMoNuSAC\SDENet-Fusion\Datasets\Glas\precomputed\train_256_stride_128\masks\train_82_patch_0016.npy,256,512,256,256,522,775,522,775,19372,0.29559326171875
train_82_patch_0017,train_82.bmp,C:\Users\gadda\Documents\FeatureFusionMoNuSAC\SDENet-Fusion\Datasets\Glas\precomputed\train_256_stride_128\images\train_82_patch_0017.npy,C:\Users\gadda\Documents\FeatureFusionMoNuSAC\SDENet-Fusion\Datasets\Glas\precomputed\train_256_stride_128\masks\train_82_patch_0017.npy,256,519,256,256,522,775,522,775,18929,0.2888336181640625
train_82_patch_0018,train_82.bmp,C:\Users\gadda\Documents\FeatureFusionMoNuSAC\SDENet-Fusion\Datasets\Glas\precomputed\train_256_stride_128\images\train_82_patch_0018.npy,C:\Users\gadda\Documents\FeatureFusionMoNuSAC\SDENet-Fusion\Datasets\Glas\precomputed\train_256_stride_128\masks\train_82_patch_0018.npy,266,0,256,256,522,775,522,775,50199,0.7659759521484375
train_82_patch_0019,train_82.bmp,C:\Users\gadda\Documents\FeatureFusionMoNuSAC\SDENet-Fusion\Datasets\Glas\precomputed\train_256_stride_128\images\train_82_patch_0019.npy,C:\Users\gadda\Documents\FeatureFusionMoNuSAC\SDENet-Fusion\Datasets\Glas\precomputed\train_256_stride_128\masks\train_82_patch_0019.npy,266,128,256,256,522,775,522,775,60640,0.92529296875
train_82_patch_0020,train_82.bmp,C:\Users\gadda\Documents\FeatureFusionMoNuSAC\SDENet-Fusion\Datasets\Glas\precomputed\train_256_stride_128\images\train_82_patch_0020.npy,C:\Users\gadda\Documents\FeatureFusionMoNuSAC\SDENet-Fusion\Datasets\Glas\precomputed\train_256_stride_128\masks\train_82_patch_0020.npy,266,256,256,256,522,775,522,775,56996,0.86968994140625
train_82_patch_0021,train_82.bmp,C:\Users\gadda\Documents\FeatureFusionMoNuSAC\SDENet-Fusion\Datasets\Glas\precomputed\train_256_stride_128\images\train_82_patch_0021.npy,C:\Users\gadda\Documents\FeatureFusionMoNuSAC\SDENet-Fusion\Datasets\Glas\precomputed\train_256_stride_128\masks\train_82_patch_0021.npy,266,384,256,256,522,775,522,775,32164,0.49078369140625
train_82_patch_0022,train_82.bmp,C:\Users\gadda\Documents\FeatureFusionMoNuSAC\SDENet-Fusion\Datasets\Glas\precomputed\train_256_stride_128\images\train_82_patch_0022.npy,C:\Users\gadda\Documents\FeatureFusionMoNuSAC\SDENet-Fusion\Datasets\Glas\precomputed\train_256_stride_128\masks\train_82_patch_0022.npy,266,512,256,256,522,775,522,775,20870,0.318450927734375
train_82_patch_0023,train_82.bmp,C:\Users\gadda\Documents\FeatureFusionMoNuSAC\SDENet-Fusion\Datasets\Glas\precomputed\train_256_stride_128\images\train_82_patch_0023.npy,C:\Users\gadda\Documents\FeatureFusionMoNuSAC\SDENet-Fusion\Datasets\Glas\precomputed\train_256_stride_128\masks\train_82_patch_0023.npy,266,519,256,256,522,775,522,775,20459,0.3121795654296875
train_83_patch_0000,train_83.bmp,C:\Users\gadda\Documents\FeatureFusionMoNuSAC\SDENet-Fusion\Datasets\Glas\precomputed\train_256_stride_128\images\train_83_patch_0000.npy,C:\Users\gadda\Documents\FeatureFusionMoNuSAC\SDENet-Fusion\Datasets\Glas\precomputed\train_256_stride_128\masks\train_83_patch_0000.npy,0,0,256,256,522,775,522,775,29579,0.4513397216796875
train_83_patch_0001,train_83.bmp,C:\Users\gadda\Documents\FeatureFusionMoNuSAC\SDENet-Fusion\Datasets\Glas\precomputed\train_256_stride_128\images\train_83_patch_0001.npy,C:\Users\gadda\Documents\FeatureFusionMoNuSAC\SDENet-Fusion\Datasets\Glas\precomputed\train_256_stride_128\masks\train_83_patch_0001.npy,0,128,256,256,522,775,522,775,28745,0.4386138916015625
train_83_patch_0002,train_83.bmp,C:\Users\gadda\Documents\FeatureFusionMoNuSAC\SDENet-Fusion\Datasets\Glas\precomputed\train_256_stride_128\images\train_83_patch_0002.npy,C:\Users\gadda\Documents\FeatureFusionMoNuSAC\SDENet-Fusion\Datasets\Glas\precomputed\train_256_stride_128\masks\train_83_patch_0002.npy,0,256,256,256,522,775,522,775,28386,0.433135986328125
train_83_patch_0003,train_83.bmp,C:\Users\gadda\Documents\FeatureFusionMoNuSAC\SDENet-Fusion\Datasets\Glas\precomputed\train_256_stride_128\images\train_83_patch_0003.npy,C:\Users\gadda\Documents\FeatureFusionMoNuSAC\SDENet-Fusion\Datasets\Glas\precomputed\train_256_stride_128\masks\train_83_patch_0003.npy,0,384,256,256,522,775,522,775,31939,0.4873504638671875
train_83_patch_0004,train_83.bmp,C:\Users\gadda\Documents\FeatureFusionMoNuSAC\SDENet-Fusion\Datasets\Glas\precomputed\train_256_stride_128\images\train_83_patch_0004.npy,C:\Users\gadda\Documents\FeatureFusionMoNuSAC\SDENet-Fusion\Datasets\Glas\precomputed\train_256_stride_128\masks\train_83_patch_0004.npy,0,512,256,256,522,775,522,775,20554,0.313629150390625
train_83_patch_0005,train_83.bmp,C:\Users\gadda\Documents\FeatureFusionMoNuSAC\SDENet-Fusion\Datasets\Glas\precomputed\train_256_stride_128\images\train_83_patch_0005.npy,C:\Users\gadda\Documents\FeatureFusionMoNuSAC\SDENet-Fusion\Datasets\Glas\precomputed\train_256_stride_128\masks\train_83_patch_0005.npy,0,519,256,256,522,775,522,775,20125,0.3070831298828125
train_83_patch_0006,train_83.bmp,C:\Users\gadda\Documents\FeatureFusionMoNuSAC\SDENet-Fusion\Datasets\Glas\precomputed\train_256_stride_128\images\train_83_patch_0006.npy,C:\Users\gadda\Documents\FeatureFusionMoNuSAC\SDENet-Fusion\Datasets\Glas\precomputed\train_256_stride_128\masks\train_83_patch_0006.npy,128,0,256,256,522,775,522,775,50416,0.769287109375
train_83_patch_0007,train_83.bmp,C:\Users\gadda\Documents\FeatureFusionMoNuSAC\SDENet-Fusion\Datasets\Glas\precomputed\train_256_stride_128\images\train_83_patch_0007.npy,C:\Users\gadda\Documents\FeatureFusionMoNuSAC\SDENet-Fusion\Datasets\Glas\precomputed\train_256_stride_128\masks\train_83_patch_0007.npy,128,128,256,256,522,775,522,775,42505,0.6485748291015625
train_83_patch_0008,train_83.bmp,C:\Users\gadda\Documents\FeatureFusionMoNuSAC\SDENet-Fusion\Datasets\Glas\precomputed\train_256_stride_128\images\train_83_patch_0008.npy,C:\Users\gadda\Documents\FeatureFusionMoNuSAC\SDENet-Fusion\Datasets\Glas\precomputed\train_256_stride_128\masks\train_83_patch_0008.npy,128,256,256,256,522,775,522,775,47104,0.71875
train_83_patch_0009,train_83.bmp,C:\Users\gadda\Documents\FeatureFusionMoNuSAC\SDENet-Fusion\Datasets\Glas\precomputed\train_256_stride_128\images\train_83_patch_0009.npy,C:\Users\gadda\Documents\FeatureFusionMoNuSAC\SDENet-Fusion\Datasets\Glas\precomputed\train_256_stride_128\masks\train_83_patch_0009.npy,128,384,256,256,522,775,522,775,51191,0.7811126708984375
train_83_patch_0010,train_83.bmp,C:\Users\gadda\Documents\FeatureFusionMoNuSAC\SDENet-Fusion\Datasets\Glas\precomputed\train_256_stride_128\images\train_83_patch_0010.npy,C:\Users\gadda\Documents\FeatureFusionMoNuSAC\SDENet-Fusion\Datasets\Glas\precomputed\train_256_stride_128\masks\train_83_patch_0010.npy,128,512,256,256,522,775,522,775,28267,0.4313201904296875
train_83_patch_0011,train_83.bmp,C:\Users\gadda\Documents\FeatureFusionMoNuSAC\SDENet-Fusion\Datasets\Glas\precomputed\train_256_stride_128\images\train_83_patch_0011.npy,C:\Users\gadda\Documents\FeatureFusionMoNuSAC\SDENet-Fusion\Datasets\Glas\precomputed\train_256_stride_128\masks\train_83_patch_0011.npy,128,519,256,256,522,775,522,775,26734,0.407928466796875
train_83_patch_0012,train_83.bmp,C:\Users\gadda\Documents\FeatureFusionMoNuSAC\SDENet-Fusion\Datasets\Glas\precomputed\train_256_stride_128\images\train_83_patch_0012.npy,C:\Users\gadda\Documents\FeatureFusionMoNuSAC\SDENet-Fusion\Datasets\Glas\precomputed\train_256_stride_128\masks\train_83_patch_0012.npy,256,0,256,256,522,775,522,775,60285,0.9198760986328125
train_83_patch_0013,train_83.bmp,C:\Users\gadda\Documents\FeatureFusionMoNuSAC\SDENet-Fusion\Datasets\Glas\precomputed\train_256_stride_128\images\train_83_patch_0013.npy,C:\Users\gadda\Documents\FeatureFusionMoNuSAC\SDENet-Fusion\Datasets\Glas\precomputed\train_256_stride_128\masks\train_83_patch_0013.npy,256,128,256,256,522,775,522,775,50357,0.7683868408203125
train_83_patch_0014,train_83.bmp,C:\Users\gadda\Documents\FeatureFusionMoNuSAC\SDENet-Fusion\Datasets\Glas\precomputed\train_256_stride_128\images\train_83_patch_0014.npy,C:\Users\gadda\Documents\FeatureFusionMoNuSAC\SDENet-Fusion\Datasets\Glas\precomputed\train_256_stride_128\masks\train_83_patch_0014.npy,256,256,256,256,522,775,522,775,44351,0.6767425537109375
train_83_patch_0015,train_83.bmp,C:\Users\gadda\Documents\FeatureFusionMoNuSAC\SDENet-Fusion\Datasets\Glas\precomputed\train_256_stride_128\images\train_83_patch_0015.npy,C:\Users\gadda\Documents\FeatureFusionMoNuSAC\SDENet-Fusion\Datasets\Glas\precomputed\train_256_stride_128\masks\train_83_patch_0015.npy,256,384,256,256,522,775,522,775,35839,0.5468597412109375
train_83_patch_0016,train_83.bmp,C:\Users\gadda\Documents\FeatureFusionMoNuSAC\SDENet-Fusion\Datasets\Glas\precomputed\train_256_stride_128\images\train_83_patch_0016.npy,C:\Users\gadda\Documents\FeatureFusionMoNuSAC\SDENet-Fusion\Datasets\Glas\precomputed\train_256_stride_128\masks\train_83_patch_0016.npy,256,512,256,256,522,775,522,775,23749,0.3623809814453125
train_83_patch_0017,train_83.bmp,C:\Users\gadda\Documents\FeatureFusionMoNuSAC\SDENet-Fusion\Datasets\Glas\precomputed\train_256_stride_128\images\train_83_patch_0017.npy,C:\Users\gadda\Documents\FeatureFusionMoNuSAC\SDENet-Fusion\Datasets\Glas\precomputed\train_256_stride_128\masks\train_83_patch_0017.npy,256,519,256,256,522,775,522,775,22960,0.350341796875
train_83_patch_0018,train_83.bmp,C:\Users\gadda\Documents\FeatureFusionMoNuSAC\SDENet-Fusion\Datasets\Glas\precomputed\train_256_stride_128\images\train_83_patch_0018.npy,C:\Users\gadda\Documents\FeatureFusionMoNuSAC\SDENet-Fusion\Datasets\Glas\precomputed\train_256_stride_128\masks\train_83_patch_0018.npy,266,0,256,256,522,775,522,775,60315,0.9203338623046875
train_83_patch_0019,train_83.bmp,C:\Users\gadda\Documents\FeatureFusionMoNuSAC\SDENet-Fusion\Datasets\Glas\precomputed\train_256_stride_128\images\train_83_patch_0019.npy,C:\Users\gadda\Documents\FeatureFusionMoNuSAC\SDENet-Fusion\Datasets\Glas\precomputed\train_256_stride_128\masks\train_83_patch_0019.npy,266,128,256,256,522,775,522,775,50729,0.7740631103515625
train_83_patch_0020,train_83.bmp,C:\Users\gadda\Documents\FeatureFusionMoNuSAC\SDENet-Fusion\Datasets\Glas\precomputed\train_256_stride_128\images\train_83_patch_0020.npy,C:\Users\gadda\Documents\FeatureFusionMoNuSAC\SDENet-Fusion\Datasets\Glas\precomputed\train_256_stride_128\masks\train_83_patch_0020.npy,266,256,256,256,522,775,522,775,43413,0.6624298095703125
train_83_patch_0021,train_83.bmp,C:\Users\gadda\Documents\FeatureFusionMoNuSAC\SDENet-Fusion\Datasets\Glas\precomputed\train_256_stride_128\images\train_83_patch_0021.npy,C:\Users\gadda\Documents\FeatureFusionMoNuSAC\SDENet-Fusion\Datasets\Glas\precomputed\train_256_stride_128\masks\train_83_patch_0021.npy,266,384,256,256,522,775,522,775,34092,0.52020263671875
train_83_patch_0022,train_83.bmp,C:\Users\gadda\Documents\FeatureFusionMoNuSAC\SDENet-Fusion\Datasets\Glas\precomputed\train_256_stride_128\images\train_83_patch_0022.npy,C:\Users\gadda\Documents\FeatureFusionMoNuSAC\SDENet-Fusion\Datasets\Glas\precomputed\train_256_stride_128\masks\train_83_patch_0022.npy,266,512,256,256,522,775,522,775,24469,0.3733673095703125
train_83_patch_0023,train_83.bmp,C:\Users\gadda\Documents\FeatureFusionMoNuSAC\SDENet-Fusion\Datasets\Glas\precomputed\train_256_stride_128\images\train_83_patch_0023.npy,C:\Users\gadda\Documents\FeatureFusionMoNuSAC\SDENet-Fusion\Datasets\Glas\precomputed\train_256_stride_128\masks\train_83_patch_0023.npy,266,519,256,256,522,775,522,775,23820,0.36346435546875
train_84_patch_0000,train_84.bmp,C:\Users\gadda\Documents\FeatureFusionMoNuSAC\SDENet-Fusion\Datasets\Glas\precomputed\train_256_stride_128\images\train_84_patch_0000.npy,C:\Users\gadda\Documents\FeatureFusionMoNuSAC\SDENet-Fusion\Datasets\Glas\precomputed\train_256_stride_128\masks\train_84_patch_0000.npy,0,0,256,256,453,589,453,589,48034,0.732940673828125
train_84_patch_0001,train_84.bmp,C:\Users\gadda\Documents\FeatureFusionMoNuSAC\SDENet-Fusion\Datasets\Glas\precomputed\train_256_stride_128\images\train_84_patch_0001.npy,C:\Users\gadda\Documents\FeatureFusionMoNuSAC\SDENet-Fusion\Datasets\Glas\precomputed\train_256_stride_128\masks\train_84_patch_0001.npy,0,128,256,256,453,589,453,589,41893,0.6392364501953125
train_84_patch_0002,train_84.bmp,C:\Users\gadda\Documents\FeatureFusionMoNuSAC\SDENet-Fusion\Datasets\Glas\precomputed\train_256_stride_128\images\train_84_patch_0002.npy,C:\Users\gadda\Documents\FeatureFusionMoNuSAC\SDENet-Fusion\Datasets\Glas\precomputed\train_256_stride_128\masks\train_84_patch_0002.npy,0,256,256,256,453,589,453,589,39063,0.5960540771484375
train_84_patch_0003,train_84.bmp,C:\Users\gadda\Documents\FeatureFusionMoNuSAC\SDENet-Fusion\Datasets\Glas\precomputed\train_256_stride_128\images\train_84_patch_0003.npy,C:\Users\gadda\Documents\FeatureFusionMoNuSAC\SDENet-Fusion\Datasets\Glas\precomputed\train_256_stride_128\masks\train_84_patch_0003.npy,0,333,256,256,453,589,453,589,36418,0.555694580078125
train_84_patch_0004,train_84.bmp,C:\Users\gadda\Documents\FeatureFusionMoNuSAC\SDENet-Fusion\Datasets\Glas\precomputed\train_256_stride_128\images\train_84_patch_0004.npy,C:\Users\gadda\Documents\FeatureFusionMoNuSAC\SDENet-Fusion\Datasets\Glas\precomputed\train_256_stride_128\masks\train_84_patch_0004.npy,128,0,256,256,453,589,453,589,50170,0.765533447265625
train_84_patch_0005,train_84.bmp,C:\Users\gadda\Documents\FeatureFusionMoNuSAC\SDENet-Fusion\Datasets\Glas\precomputed\train_256_stride_128\images\train_84_patch_0005.npy,C:\Users\gadda\Documents\FeatureFusionMoNuSAC\SDENet-Fusion\Datasets\Glas\precomputed\train_256_stride_128\masks\train_84_patch_0005.npy,128,128,256,256,453,589,453,589,49511,0.7554779052734375
train_84_patch_0006,train_84.bmp,C:\Users\gadda\Documents\FeatureFusionMoNuSAC\SDENet-Fusion\Datasets\Glas\precomputed\train_256_stride_128\images\train_84_patch_0006.npy,C:\Users\gadda\Documents\FeatureFusionMoNuSAC\SDENet-Fusion\Datasets\Glas\precomputed\train_256_stride_128\masks\train_84_patch_0006.npy,128,256,256,256,453,589,453,589,49549,0.7560577392578125
train_84_patch_0007,train_84.bmp,C:\Users\gadda\Documents\FeatureFusionMoNuSAC\SDENet-Fusion\Datasets\Glas\precomputed\train_256_stride_128\images\train_84_patch_0007.npy,C:\Users\gadda\Documents\FeatureFusionMoNuSAC\SDENet-Fusion\Datasets\Glas\precomputed\train_256_stride_128\masks\train_84_patch_0007.npy,128,333,256,256,453,589,453,589,47476,0.72442626953125
train_84_patch_0008,train_84.bmp,C:\Users\gadda\Documents\FeatureFusionMoNuSAC\SDENet-Fusion\Datasets\Glas\precomputed\train_256_stride_128\images\train_84_patch_0008.npy,C:\Users\gadda\Documents\FeatureFusionMoNuSAC\SDENet-Fusion\Datasets\Glas\precomputed\train_256_stride_128\masks\train_84_patch_0008.npy,197,0,256,256,453,589,453,589,48435,0.7390594482421875
train_84_patch_0009,train_84.bmp,C:\Users\gadda\Documents\FeatureFusionMoNuSAC\SDENet-Fusion\Datasets\Glas\precomputed\train_256_stride_128\images\train_84_patch_0009.npy,C:\Users\gadda\Documents\FeatureFusionMoNuSAC\SDENet-Fusion\Datasets\Glas\precomputed\train_256_stride_128\masks\train_84_patch_0009.npy,197,128,256,256,453,589,453,589,49978,0.762603759765625
train_84_patch_0010,train_84.bmp,C:\Users\gadda\Documents\FeatureFusionMoNuSAC\SDENet-Fusion\Datasets\Glas\precomputed\train_256_stride_128\images\train_84_patch_0010.npy,C:\Users\gadda\Documents\FeatureFusionMoNuSAC\SDENet-Fusion\Datasets\Glas\precomputed\train_256_stride_128\masks\train_84_patch_0010.npy,197,256,256,256,453,589,453,589,50430,0.769500732421875
train_84_patch_0011,train_84.bmp,C:\Users\gadda\Documents\FeatureFusionMoNuSAC\SDENet-Fusion\Datasets\Glas\precomputed\train_256_stride_128\images\train_84_patch_0011.npy,C:\Users\gadda\Documents\FeatureFusionMoNuSAC\SDENet-Fusion\Datasets\Glas\precomputed\train_256_stride_128\masks\train_84_patch_0011.npy,197,333,256,256,453,589,453,589,53011,0.8088836669921875
train_85_patch_0000,train_85.bmp,C:\Users\gadda\Documents\FeatureFusionMoNuSAC\SDENet-Fusion\Datasets\Glas\precomputed\train_256_stride_128\images\train_85_patch_0000.npy,C:\Users\gadda\Documents\FeatureFusionMoNuSAC\SDENet-Fusion\Datasets\Glas\precomputed\train_256_stride_128\masks\train_85_patch_0000.npy,0,0,256,256,522,775,522,775,26378,0.402496337890625
train_85_patch_0001,train_85.bmp,C:\Users\gadda\Documents\FeatureFusionMoNuSAC\SDENet-Fusion\Datasets\Glas\precomputed\train_256_stride_128\images\train_85_patch_0001.npy,C:\Users\gadda\Documents\FeatureFusionMoNuSAC\SDENet-Fusion\Datasets\Glas\precomputed\train_256_stride_128\masks\train_85_patch_0001.npy,0,128,256,256,522,775,522,775,22856,0.3487548828125
train_85_patch_0002,train_85.bmp,C:\Users\gadda\Documents\FeatureFusionMoNuSAC\SDENet-Fusion\Datasets\Glas\precomputed\train_256_stride_128\images\train_85_patch_0002.npy,C:\Users\gadda\Documents\FeatureFusionMoNuSAC\SDENet-Fusion\Datasets\Glas\precomputed\train_256_stride_128\masks\train_85_patch_0002.npy,0,256,256,256,522,775,522,775,30663,0.4678802490234375
train_85_patch_0003,train_85.bmp,C:\Users\gadda\Documents\FeatureFusionMoNuSAC\SDENet-Fusion\Datasets\Glas\precomputed\train_256_stride_128\images\train_85_patch_0003.npy,C:\Users\gadda\Documents\FeatureFusionMoNuSAC\SDENet-Fusion\Datasets\Glas\precomputed\train_256_stride_128\masks\train_85_patch_0003.npy,0,384,256,256,522,775,522,775,41688,0.6361083984375
train_85_patch_0004,train_85.bmp,C:\Users\gadda\Documents\FeatureFusionMoNuSAC\SDENet-Fusion\Datasets\Glas\precomputed\train_256_stride_128\images\train_85_patch_0004.npy,C:\Users\gadda\Documents\FeatureFusionMoNuSAC\SDENet-Fusion\Datasets\Glas\precomputed\train_256_stride_128\masks\train_85_patch_0004.npy,0,512,256,256,522,775,522,775,39174,0.597747802734375
train_85_patch_0005,train_85.bmp,C:\Users\gadda\Documents\FeatureFusionMoNuSAC\SDENet-Fusion\Datasets\Glas\precomputed\train_256_stride_128\images\train_85_patch_0005.npy,C:\Users\gadda\Documents\FeatureFusionMoNuSAC\SDENet-Fusion\Datasets\Glas\precomputed\train_256_stride_128\masks\train_85_patch_0005.npy,0,519,256,256,522,775,522,775,38819,0.5923309326171875
train_85_patch_0006,train_85.bmp,C:\Users\gadda\Documents\FeatureFusionMoNuSAC\SDENet-Fusion\Datasets\Glas\precomputed\train_256_stride_128\images\train_85_patch_0006.npy,C:\Users\gadda\Documents\FeatureFusionMoNuSAC\SDENet-Fusion\Datasets\Glas\precomputed\train_256_stride_128\masks\train_85_patch_0006.npy,128,0,256,256,522,775,522,775,15430,0.235443115234375
train_85_patch_0007,train_85.bmp,C:\Users\gadda\Documents\FeatureFusionMoNuSAC\SDENet-Fusion\Datasets\Glas\precomputed\train_256_stride_128\images\train_85_patch_0007.npy,C:\Users\gadda\Documents\FeatureFusionMoNuSAC\SDENet-Fusion\Datasets\Glas\precomputed\train_256_stride_128\masks\train_85_patch_0007.npy,128,128,256,256,522,775,522,775,29232,0.446044921875
train_85_patch_0008,train_85.bmp,C:\Users\gadda\Documents\FeatureFusionMoNuSAC\SDENet-Fusion\Datasets\Glas\precomputed\train_256_stride_128\images\train_85_patch_0008.npy,C:\Users\gadda\Documents\FeatureFusionMoNuSAC\SDENet-Fusion\Datasets\Glas\precomputed\train_256_stride_128\masks\train_85_patch_0008.npy,128,256,256,256,522,775,522,775,30096,0.459228515625
train_85_patch_0009,train_85.bmp,C:\Users\gadda\Documents\FeatureFusionMoNuSAC\SDENet-Fusion\Datasets\Glas\precomputed\train_256_stride_128\images\train_85_patch_0009.npy,C:\Users\gadda\Documents\FeatureFusionMoNuSAC\SDENet-Fusion\Datasets\Glas\precomputed\train_256_stride_128\masks\train_85_patch_0009.npy,128,384,256,256,522,775,522,775,36463,0.5563812255859375
train_85_patch_0010,train_85.bmp,C:\Users\gadda\Documents\FeatureFusionMoNuSAC\SDENet-Fusion\Datasets\Glas\precomputed\train_256_stride_128\images\train_85_patch_0010.npy,C:\Users\gadda\Documents\FeatureFusionMoNuSAC\SDENet-Fusion\Datasets\Glas\precomputed\train_256_stride_128\masks\train_85_patch_0010.npy,128,512,256,256,522,775,522,775,45876,0.70001220703125
train_85_patch_0011,train_85.bmp,C:\Users\gadda\Documents\FeatureFusionMoNuSAC\SDENet-Fusion\Datasets\Glas\precomputed\train_256_stride_128\images\train_85_patch_0011.npy,C:\Users\gadda\Documents\FeatureFusionMoNuSAC\SDENet-Fusion\Datasets\Glas\precomputed\train_256_stride_128\masks\train_85_patch_0011.npy,128,519,256,256,522,775,522,775,45552,0.695068359375
train_85_patch_0012,train_85.bmp,C:\Users\gadda\Documents\FeatureFusionMoNuSAC\SDENet-Fusion\Datasets\Glas\precomputed\train_256_stride_128\images\train_85_patch_0012.npy,C:\Users\gadda\Documents\FeatureFusionMoNuSAC\SDENet-Fusion\Datasets\Glas\precomputed\train_256_stride_128\masks\train_85_patch_0012.npy,256,0,256,256,522,775,522,775,3435,0.0524139404296875
train_85_patch_0013,train_85.bmp,C:\Users\gadda\Documents\FeatureFusionMoNuSAC\SDENet-Fusion\Datasets\Glas\precomputed\train_256_stride_128\images\train_85_patch_0013.npy,C:\Users\gadda\Documents\FeatureFusionMoNuSAC\SDENet-Fusion\Datasets\Glas\precomputed\train_256_stride_128\masks\train_85_patch_0013.npy,256,128,256,256,522,775,522,775,13532,0.20648193359375
train_85_patch_0014,train_85.bmp,C:\Users\gadda\Documents\FeatureFusionMoNuSAC\SDENet-Fusion\Datasets\Glas\precomputed\train_256_stride_128\images\train_85_patch_0014.npy,C:\Users\gadda\Documents\FeatureFusionMoNuSAC\SDENet-Fusion\Datasets\Glas\precomputed\train_256_stride_128\masks\train_85_patch_0014.npy,256,256,256,256,522,775,522,775,13493,0.2058868408203125
train_85_patch_0015,train_85.bmp,C:\Users\gadda\Documents\FeatureFusionMoNuSAC\SDENet-Fusion\Datasets\Glas\precomputed\train_256_stride_128\images\train_85_patch_0015.npy,C:\Users\gadda\Documents\FeatureFusionMoNuSAC\SDENet-Fusion\Datasets\Glas\precomputed\train_256_stride_128\masks\train_85_patch_0015.npy,256,384,256,256,522,775,522,775,28925,0.4413604736328125
train_85_patch_0016,train_85.bmp,C:\Users\gadda\Documents\FeatureFusionMoNuSAC\SDENet-Fusion\Datasets\Glas\precomputed\train_256_stride_128\images\train_85_patch_0016.npy,C:\Users\gadda\Documents\FeatureFusionMoNuSAC\SDENet-Fusion\Datasets\Glas\precomputed\train_256_stride_128\masks\train_85_patch_0016.npy,256,512,256,256,522,775,522,775,45046,0.687347412109375
train_85_patch_0017,train_85.bmp,C:\Users\gadda\Documents\FeatureFusionMoNuSAC\SDENet-Fusion\Datasets\Glas\precomputed\train_256_stride_128\images\train_85_patch_0017.npy,C:\Users\gadda\Documents\FeatureFusionMoNuSAC\SDENet-Fusion\Datasets\Glas\precomputed\train_256_stride_128\masks\train_85_patch_0017.npy,256,519,256,256,522,775,522,775,45016,0.6868896484375
train_85_patch_0018,train_85.bmp,C:\Users\gadda\Documents\FeatureFusionMoNuSAC\SDENet-Fusion\Datasets\Glas\precomputed\train_256_stride_128\images\train_85_patch_0018.npy,C:\Users\gadda\Documents\FeatureFusionMoNuSAC\SDENet-Fusion\Datasets\Glas\precomputed\train_256_stride_128\masks\train_85_patch_0018.npy,266,0,256,256,522,775,522,775,2905,0.0443267822265625
train_85_patch_0019,train_85.bmp,C:\Users\gadda\Documents\FeatureFusionMoNuSAC\SDENet-Fusion\Datasets\Glas\precomputed\train_256_stride_128\images\train_85_patch_0019.npy,C:\Users\gadda\Documents\FeatureFusionMoNuSAC\SDENet-Fusion\Datasets\Glas\precomputed\train_256_stride_128\masks\train_85_patch_0019.npy,266,128,256,256,522,775,522,775,11732,0.17901611328125
train_85_patch_0020,train_85.bmp,C:\Users\gadda\Documents\FeatureFusionMoNuSAC\SDENet-Fusion\Datasets\Glas\precomputed\train_256_stride_128\images\train_85_patch_0020.npy,C:\Users\gadda\Documents\FeatureFusionMoNuSAC\SDENet-Fusion\Datasets\Glas\precomputed\train_256_stride_128\masks\train_85_patch_0020.npy,266,256,256,256,522,775,522,775,11686,0.178314208984375
train_85_patch_0021,train_85.bmp,C:\Users\gadda\Documents\FeatureFusionMoNuSAC\SDENet-Fusion\Datasets\Glas\precomputed\train_256_stride_128\images\train_85_patch_0021.npy,C:\Users\gadda\Documents\FeatureFusionMoNuSAC\SDENet-Fusion\Datasets\Glas\precomputed\train_256_stride_128\masks\train_85_patch_0021.npy,266,384,256,256,522,775,522,775,28957,0.4418487548828125
train_85_patch_0022,train_85.bmp,C:\Users\gadda\Documents\FeatureFusionMoNuSAC\SDENet-Fusion\Datasets\Glas\precomputed\train_256_stride_128\images\train_85_patch_0022.npy,C:\Users\gadda\Documents\FeatureFusionMoNuSAC\SDENet-Fusion\Datasets\Glas\precomputed\train_256_stride_128\masks\train_85_patch_0022.npy,266,512,256,256,522,775,522,775,45831,0.6993255615234375
train_85_patch_0023,train_85.bmp,C:\Users\gadda\Documents\FeatureFusionMoNuSAC\SDENet-Fusion\Datasets\Glas\precomputed\train_256_stride_128\images\train_85_patch_0023.npy,C:\Users\gadda\Documents\FeatureFusionMoNuSAC\SDENet-Fusion\Datasets\Glas\precomputed\train_256_stride_128\masks\train_85_patch_0023.npy,266,519,256,256,522,775,522,775,45871,0.6999359130859375
train_9_patch_0000,train_9.bmp,C:\Users\gadda\Documents\FeatureFusionMoNuSAC\SDENet-Fusion\Datasets\Glas\precomputed\train_256_stride_128\images\train_9_patch_0000.npy,C:\Users\gadda\Documents\FeatureFusionMoNuSAC\SDENet-Fusion\Datasets\Glas\precomputed\train_256_stride_128\masks\train_9_patch_0000.npy,0,0,256,256,522,775,522,775,31588,0.48199462890625
train_9_patch_0001,train_9.bmp,C:\Users\gadda\Documents\FeatureFusionMoNuSAC\SDENet-Fusion\Datasets\Glas\precomputed\train_256_stride_128\images\train_9_patch_0001.npy,C:\Users\gadda\Documents\FeatureFusionMoNuSAC\SDENet-Fusion\Datasets\Glas\precomputed\train_256_stride_128\masks\train_9_patch_0001.npy,0,128,256,256,522,775,522,775,29535,0.4506683349609375
train_9_patch_0002,train_9.bmp,C:\Users\gadda\Documents\FeatureFusionMoNuSAC\SDENet-Fusion\Datasets\Glas\precomputed\train_256_stride_128\images\train_9_patch_0002.npy,C:\Users\gadda\Documents\FeatureFusionMoNuSAC\SDENet-Fusion\Datasets\Glas\precomputed\train_256_stride_128\masks\train_9_patch_0002.npy,0,256,256,256,522,775,522,775,34012,0.51898193359375
train_9_patch_0003,train_9.bmp,C:\Users\gadda\Documents\FeatureFusionMoNuSAC\SDENet-Fusion\Datasets\Glas\precomputed\train_256_stride_128\images\train_9_patch_0003.npy,C:\Users\gadda\Documents\FeatureFusionMoNuSAC\SDENet-Fusion\Datasets\Glas\precomputed\train_256_stride_128\masks\train_9_patch_0003.npy,0,384,256,256,522,775,522,775,42091,0.6422576904296875
train_9_patch_0004,train_9.bmp,C:\Users\gadda\Documents\FeatureFusionMoNuSAC\SDENet-Fusion\Datasets\Glas\precomputed\train_256_stride_128\images\train_9_patch_0004.npy,C:\Users\gadda\Documents\FeatureFusionMoNuSAC\SDENet-Fusion\Datasets\Glas\precomputed\train_256_stride_128\masks\train_9_patch_0004.npy,0,512,256,256,522,775,522,775,41074,0.626739501953125
train_9_patch_0005,train_9.bmp,C:\Users\gadda\Documents\FeatureFusionMoNuSAC\SDENet-Fusion\Datasets\Glas\precomputed\train_256_stride_128\images\train_9_patch_0005.npy,C:\Users\gadda\Documents\FeatureFusionMoNuSAC\SDENet-Fusion\Datasets\Glas\precomputed\train_256_stride_128\masks\train_9_patch_0005.npy,0,519,256,256,522,775,522,775,39469,0.6022491455078125
train_9_patch_0006,train_9.bmp,C:\Users\gadda\Documents\FeatureFusionMoNuSAC\SDENet-Fusion\Datasets\Glas\precomputed\train_256_stride_128\images\train_9_patch_0006.npy,C:\Users\gadda\Documents\FeatureFusionMoNuSAC\SDENet-Fusion\Datasets\Glas\precomputed\train_256_stride_128\masks\train_9_patch_0006.npy,128,0,256,256,522,775,522,775,34287,0.5231781005859375
train_9_patch_0007,train_9.bmp,C:\Users\gadda\Documents\FeatureFusionMoNuSAC\SDENet-Fusion\Datasets\Glas\precomputed\train_256_stride_128\images\train_9_patch_0007.npy,C:\Users\gadda\Documents\FeatureFusionMoNuSAC\SDENet-Fusion\Datasets\Glas\precomputed\train_256_stride_128\masks\train_9_patch_0007.npy,128,128,256,256,522,775,522,775,39156,0.59747314453125
train_9_patch_0008,train_9.bmp,C:\Users\gadda\Documents\FeatureFusionMoNuSAC\SDENet-Fusion\Datasets\Glas\precomputed\train_256_stride_128\images\train_9_patch_0008.npy,C:\Users\gadda\Documents\FeatureFusionMoNuSAC\SDENet-Fusion\Datasets\Glas\precomputed\train_256_stride_128\masks\train_9_patch_0008.npy,128,256,256,256,522,775,522,775,40730,0.621490478515625
train_9_patch_0009,train_9.bmp,C:\Users\gadda\Documents\FeatureFusionMoNuSAC\SDENet-Fusion\Datasets\Glas\precomputed\train_256_stride_128\images\train_9_patch_0009.npy,C:\Users\gadda\Documents\FeatureFusionMoNuSAC\SDENet-Fusion\Datasets\Glas\precomputed\train_256_stride_128\masks\train_9_patch_0009.npy,128,384,256,256,522,775,522,775,39434,0.601715087890625
train_9_patch_0010,train_9.bmp,C:\Users\gadda\Documents\FeatureFusionMoNuSAC\SDENet-Fusion\Datasets\Glas\precomputed\train_256_stride_128\images\train_9_patch_0010.npy,C:\Users\gadda\Documents\FeatureFusionMoNuSAC\SDENet-Fusion\Datasets\Glas\precomputed\train_256_stride_128\masks\train_9_patch_0010.npy,128,512,256,256,522,775,522,775,37055,0.5654144287109375
train_9_patch_0011,train_9.bmp,C:\Users\gadda\Documents\FeatureFusionMoNuSAC\SDENet-Fusion\Datasets\Glas\precomputed\train_256_stride_128\images\train_9_patch_0011.npy,C:\Users\gadda\Documents\FeatureFusionMoNuSAC\SDENet-Fusion\Datasets\Glas\precomputed\train_256_stride_128\masks\train_9_patch_0011.npy,128,519,256,256,522,775,522,775,36167,0.5518646240234375
train_9_patch_0012,train_9.bmp,C:\Users\gadda\Documents\FeatureFusionMoNuSAC\SDENet-Fusion\Datasets\Glas\precomputed\train_256_stride_128\images\train_9_patch_0012.npy,C:\Users\gadda\Documents\FeatureFusionMoNuSAC\SDENet-Fusion\Datasets\Glas\precomputed\train_256_stride_128\masks\train_9_patch_0012.npy,256,0,256,256,522,775,522,775,35886,0.547576904296875
train_9_patch_0013,train_9.bmp,C:\Users\gadda\Documents\FeatureFusionMoNuSAC\SDENet-Fusion\Datasets\Glas\precomputed\train_256_stride_128\images\train_9_patch_0013.npy,C:\Users\gadda\Documents\FeatureFusionMoNuSAC\SDENet-Fusion\Datasets\Glas\precomputed\train_256_stride_128\masks\train_9_patch_0013.npy,256,128,256,256,522,775,522,775,40131,0.6123504638671875
train_9_patch_0014,train_9.bmp,C:\Users\gadda\Documents\FeatureFusionMoNuSAC\SDENet-Fusion\Datasets\Glas\precomputed\train_256_stride_128\images\train_9_patch_0014.npy,C:\Users\gadda\Documents\FeatureFusionMoNuSAC\SDENet-Fusion\Datasets\Glas\precomputed\train_256_stride_128\masks\train_9_patch_0014.npy,256,256,256,256,522,775,522,775,40669,0.6205596923828125
train_9_patch_0015,train_9.bmp,C:\Users\gadda\Documents\FeatureFusionMoNuSAC\SDENet-Fusion\Datasets\Glas\precomputed\train_256_stride_128\images\train_9_patch_0015.npy,C:\Users\gadda\Documents\FeatureFusionMoNuSAC\SDENet-Fusion\Datasets\Glas\precomputed\train_256_stride_128\masks\train_9_patch_0015.npy,256,384,256,256,522,775,522,775,37821,0.5771026611328125
train_9_patch_0016,train_9.bmp,C:\Users\gadda\Documents\FeatureFusionMoNuSAC\SDENet-Fusion\Datasets\Glas\precomputed\train_256_stride_128\images\train_9_patch_0016.npy,C:\Users\gadda\Documents\FeatureFusionMoNuSAC\SDENet-Fusion\Datasets\Glas\precomputed\train_256_stride_128\masks\train_9_patch_0016.npy,256,512,256,256,522,775,522,775,37532,0.57269287109375
train_9_patch_0017,train_9.bmp,C:\Users\gadda\Documents\FeatureFusionMoNuSAC\SDENet-Fusion\Datasets\Glas\precomputed\train_256_stride_128\images\train_9_patch_0017.npy,C:\Users\gadda\Documents\FeatureFusionMoNuSAC\SDENet-Fusion\Datasets\Glas\precomputed\train_256_stride_128\masks\train_9_patch_0017.npy,256,519,256,256,522,775,522,775,37954,0.579132080078125
train_9_patch_0018,train_9.bmp,C:\Users\gadda\Documents\FeatureFusionMoNuSAC\SDENet-Fusion\Datasets\Glas\precomputed\train_256_stride_128\images\train_9_patch_0018.npy,C:\Users\gadda\Documents\FeatureFusionMoNuSAC\SDENet-Fusion\Datasets\Glas\precomputed\train_256_stride_128\masks\train_9_patch_0018.npy,266,0,256,256,522,775,522,775,35034,0.534576416015625
train_9_patch_0019,train_9.bmp,C:\Users\gadda\Documents\FeatureFusionMoNuSAC\SDENet-Fusion\Datasets\Glas\precomputed\train_256_stride_128\images\train_9_patch_0019.npy,C:\Users\gadda\Documents\FeatureFusionMoNuSAC\SDENet-Fusion\Datasets\Glas\precomputed\train_256_stride_128\masks\train_9_patch_0019.npy,266,128,256,256,522,775,522,775,40349,0.6156768798828125
train_9_patch_0020,train_9.bmp,C:\Users\gadda\Documents\FeatureFusionMoNuSAC\SDENet-Fusion\Datasets\Glas\precomputed\train_256_stride_128\images\train_9_patch_0020.npy,C:\Users\gadda\Documents\FeatureFusionMoNuSAC\SDENet-Fusion\Datasets\Glas\precomputed\train_256_stride_128\masks\train_9_patch_0020.npy,266,256,256,256,522,775,522,775,39960,0.6097412109375
train_9_patch_0021,train_9.bmp,C:\Users\gadda\Documents\FeatureFusionMoNuSAC\SDENet-Fusion\Datasets\Glas\precomputed\train_256_stride_128\images\train_9_patch_0021.npy,C:\Users\gadda\Documents\FeatureFusionMoNuSAC\SDENet-Fusion\Datasets\Glas\precomputed\train_256_stride_128\masks\train_9_patch_0021.npy,266,384,256,256,522,775,522,775,37470,0.571746826171875
train_9_patch_0022,train_9.bmp,C:\Users\gadda\Documents\FeatureFusionMoNuSAC\SDENet-Fusion\Datasets\Glas\precomputed\train_256_stride_128\images\train_9_patch_0022.npy,C:\Users\gadda\Documents\FeatureFusionMoNuSAC\SDENet-Fusion\Datasets\Glas\precomputed\train_256_stride_128\masks\train_9_patch_0022.npy,266,512,256,256,522,775,522,775,37457,0.5715484619140625
train_9_patch_0023,train_9.bmp,C:\Users\gadda\Documents\FeatureFusionMoNuSAC\SDENet-Fusion\Datasets\Glas\precomputed\train_256_stride_128\images\train_9_patch_0023.npy,C:\Users\gadda\Documents\FeatureFusionMoNuSAC\SDENet-Fusion\Datasets\Glas\precomputed\train_256_stride_128\masks\train_9_patch_0023.npy,266,519,256,256,522,775,522,775,37827,0.5771942138671875
